tropical fruit,rolls/buns,candy
whole milk,tropical fruit,chocolate
pip fruit,other vegetables,flour
other vegetables,onions,shopping bags
whole milk,other vegetables,white bread
rolls/buns,citrus fruit,fruit/vegetable juice
other vegetables,bottled water,shopping bags
pot plants,citrus fruit,whipped/sour cream
whole milk,specialty bar,newspapers
tropical fruit,citrus fruit,soda
citrus fruit,rolls/buns,pastry
beef,bottled beer,specialty chocolate,yogurt,whole milk
frankfurter,soda,canned beer,white bread,brown bread
chicken,tropical fruit,waffles,whipped/sour cream,brown bread
butter,other vegetables,soda,yogurt,UHT-milk
fruit/vegetable juice,hamburger meat,soft cheese,specialty chocolate,bottled water
packaged fruit/vegetables,fish,frozen meals,specialty chocolate,brown bread
chocolate,frankfurter,yogurt,margarine,canned vegetables
specialty bar,yogurt,napkins,other vegetables,chocolate
other vegetables,tropical fruit,seasonal products,butter,shopping bags
butter milk,meat,curd,soda,long life bakery product
whole milk,bottled water,chicken,citrus fruit,canned vegetables
tropical fruit,hamburger meat,coffee,sliced cheese,whipped/sour cream
tropical fruit,meat,other vegetables,domestic eggs,baking powder
bottled water,frankfurter,tropical fruit,liquor,specialty chocolate
yogurt,chicken,liquor,chewing gum,soda
sausage,chicken,domestic eggs,curd,pastry
other vegetables,salty snack,syrup,newspapers,oil
brown bread,whole milk,spread cheese,butter,fruit/vegetable juice
yogurt,rolls/buns,fruit/vegetable juice,spices,canned fish
hamburger meat,beef,bottled beer,whole milk,chocolate
root vegetables,citrus fruit,other vegetables,pork,herbs
pork,chicken,other vegetables,curd,hard cheese
beef,citrus fruit,napkins,semi-finished bread,brown bread
pastry,bottled water,dishes,whole milk,canned beer
fruit/vegetable juice,sausage,domestic eggs,seasonal products
canned beer,pip fruit,frozen vegetables,dessert,canned vegetables
root vegetables,frankfurter,specialty bar,packaged fruit/vegetables,hygiene articles
citrus fruit,ham,red/blush wine,rolls/buns,specialty chocolate
sausage,butter,specialty bar,soda,whipped/sour cream
tropical fruit,pork,cream cheese,UHT-milk,butter milk
berries,pork,whole milk,frozen vegetables,domestic eggs
canned beer,citrus fruit,rolls/buns,condensed milk,skin care
butter milk,canned beer,yogurt,semi-finished bread,margarine
coffee,berries,grapes,cream cheese,cat food
pastry,condensed milk,rice,tropical fruit,chocolate marshmallow
rolls/buns,chicken,whipped/sour cream,canned beer,baking powder
misc. beverages,rolls/buns,frozen vegetables,beverages,condensed milk
root vegetables,pork,soda,coffee,pastry
sausage,whole milk,other vegetables,semi-finished bread,yogurt
canned beer,root vegetables,whole milk,newspapers
ham,chicken,condensed milk,other vegetables,whipped/sour cream
turkey,root vegetables,frozen meals,soda,spread cheese
whole milk,tropical fruit,root vegetables,Instant food products,margarine
whole milk,root vegetables,sausage,frozen vegetables,chocolate
packaged fruit/vegetables,chewing gum,ham,condensed milk,soda
rolls/buns,root vegetables,bottled beer,yogurt,pickled vegetables
ham,chicken,canned beer,other vegetables,napkins
rolls/buns,canned beer,tropical fruit,chewing gum,margarine
other vegetables,whole milk,brown bread,hard cheese,waffles
sausage,citrus fruit,butter,specialty bar,salty snack
sausage,bottled beer,onions,other vegetables,soda
frankfurter,whole milk,grapes,butter,semi-finished bread
rolls/buns,onions,butter,whole milk
whole milk,sausage,root vegetables,long life bakery product,frozen vegetables
curd cheese,other vegetables,herbs,fruit/vegetable juice,zwieback
red/blush wine,bottled beer,yogurt,pip fruit,mustard
sausage,whole milk,misc. beverages,specialty bar,soda
tropical fruit,yogurt,pip fruit
red/blush wine,sausage,soda,whole milk,rolls/buns
whole milk,specialty chocolate,bottled beer,canned beer,rolls/buns
frankfurter,zwieback,other vegetables,liquor,bottled water
whole milk,frozen vegetables,bottled beer,specialty cheese,chewing gum
frozen potato products,frankfurter,brown bread,roll products,detergent
other vegetables,whole milk,yogurt,hard cheese,bottled beer
citrus fruit,frankfurter,salty snack,newspapers,white wine
flour,pork,butter,shopping bags,hard cheese
sugar,canned vegetables,flour,bottled water,salty snack
frozen meals,chicken,whipped/sour cream,whole milk,bottled beer
chocolate,pip fruit,rolls/buns,other vegetables,frozen vegetables
root vegetables,sausage,cream cheese,curd,UHT-milk
root vegetables,rolls/buns,whole milk,frozen vegetables,specialty chocolate,seasonal products
herbs,pork,sugar,hard cheese,long life bakery product
bottled water,chicken,processed cheese,whole milk
sausage,coffee,pip fruit,tropical fruit
coffee,sausage,bottled water,cream cheese
pork,sausage,whole milk,frozen vegetables
berries,bottled beer,beef,whole milk
soda,curd cheese,root vegetables,semi-finished bread
berries,frankfurter,beef,brown bread
fruit/vegetable juice,sausage,whole milk,pip fruit
citrus fruit,soda,herbs,oil
pork,rolls/buns,yogurt,brown bread
detergent,tropical fruit,shopping bags,soft cheese
grapes,butter,newspapers,pip fruit
sausage,frankfurter,other vegetables,bottled water
chicken,finished products,meat,fruit/vegetable juice
whole milk,liver loaf,yogurt,fruit/vegetable juice
citrus fruit,frankfurter,bottled water
soda,butter milk,citrus fruit,other vegetables
sausage,whole milk,detergent,rolls/buns
frankfurter,whole milk,hamburger meat,white bread
sausage,root vegetables,soda,chocolate marshmallow
soda,whole milk,sugar
rolls/buns,sausage,whole milk,nuts/prunes
beef,waffles,citrus fruit
whole milk,citrus fruit,butter,pip fruit
processed cheese,whole milk,rolls/buns,margarine
tropical fruit,pork,soda,onions
frankfurter,berries,tropical fruit,rolls/buns
packaged fruit/vegetables,bottled water,pork,domestic eggs
whole milk,chocolate,rolls/buns,brown bread
berries,fruit/vegetable juice,cream cheese,tropical fruit
citrus fruit,whole milk,yogurt,canned beer
tropical fruit,grapes,chocolate marshmallow,yogurt,red/blush wine,brown bread
hamburger meat,chicken,butter,rolls/buns
hamburger meat,hygiene articles,soda,tropical fruit
whole milk,pork,rolls/buns,yogurt
fish,root vegetables,tropical fruit,other vegetables
frankfurter,chicken,processed cheese,dessert
packaged fruit/vegetables,root vegetables,sliced cheese,pip fruit
pastry,pip fruit,rolls/buns,yogurt
other vegetables,pip fruit,UHT-milk,herbs
misc. beverages,bottled beer,other vegetables,cream cheese
frankfurter,rolls/buns,shopping bags,margarine
sparkling wine,whole milk,dessert,salt
specialty bar,candy,root vegetables,ice cream
sausage,curd,bottled water,frozen meals
curd cheese,sausage,bottled water,napkins
frankfurter,tropical fruit,berries
whole milk,herbs,rolls/buns,cake bar
newspapers,grapes,onions,coffee
berries,sausage,tropical fruit,butter
curd,bottled beer,hamburger meat,sweet spreads
tropical fruit,yogurt,sausage,rolls/buns
soda,canned beer,citrus fruit,frozen meals
rolls/buns,nuts/prunes,pastry,fruit/vegetable juice
canned beer,grapes,whole milk,dessert
canned beer,grapes,bottled beer,yogurt
frankfurter,citrus fruit,bottled water,fruit/vegetable juice
other vegetables,whole milk,root vegetables,domestic eggs
whole milk,rolls/buns,other vegetables,margarine
whole milk,rolls/buns,other vegetables,white bread
citrus fruit,canned beer,rolls/buns,whole milk
frankfurter,butter,specialty bar,yogurt
frankfurter,beef,frozen fish,rice,napkins
butter milk,soda,ham,bottled beer,detergent
hamburger meat,sausage,margarine,tropical fruit,pickled vegetables
pasta,sausage,rolls/buns,root vegetables,flower (seeds)
other vegetables,cream cheese,tropical fruit,root vegetables,specialty chocolate
sausage,long life bakery product,beef,other vegetables,margarine
rolls/buns,other vegetables,curd,spread cheese,candles
grapes,canned beer,frozen dessert,sugar,detergent
root vegetables,bottled water,napkins,shopping bags,rice
coffee,sausage,shopping bags,specialty bar,red/blush wine
popcorn,pork,margarine,beef,butter
whole milk,root vegetables
tropical fruit,pastry
beef,canned beer
whole milk,rolls/buns
frankfurter,hamburger meat
tropical fruit,yogurt
canned beer,tropical fruit
finished products,cream cheese
beverages,whole milk
hamburger meat,frozen vegetables
whole milk,pasta
finished products,pip fruit
other vegetables,whipped/sour cream
ham,whole milk
other vegetables,chocolate
curd,misc. beverages
bottled beer,yogurt
curd,sausage
whole milk,rolls/buns
whole milk,hard cheese
dessert,chocolate
sausage,root vegetables
other vegetables,beverages
ham,rolls/buns
other vegetables,cream cheese
other vegetables,rolls/buns
soda,zwieback
herbs,whole milk
frankfurter,shopping bags
rolls/buns,cereals
curd,chocolate
frankfurter,beef
other vegetables,curd
dog food,pork
specialty bar,cream cheese
curd,other vegetables
frankfurter,specialty chocolate
soda,berries
beef,frozen vegetables
canned beer,yogurt
pork,rolls/buns
frankfurter,dog food
sausage,fish
canned beer,berries
specialty chocolate,tropical fruit
curd,cream cheese
canned beer,whole milk
whole milk,tropical fruit
rolls/buns,bottled beer
pork,tropical fruit
citrus fruit,misc. beverages
pot plants,soda
rolls/buns,hamburger meat
butter,rolls/buns
condensed milk,onions
sausage,cocoa drinks
whole milk,hygiene articles
sausage
beverages,canned fish
beverages,other vegetables
bottled water
newspapers,shopping bags
cleaner,other vegetables
sausage,tea
newspapers,sausage
sausage,soda
misc. beverages,onions
white wine,whole milk
sausage,beverages
meat,rolls/buns
frankfurter,other vegetables
ice cream,rolls/buns
canned beer,grapes
tropical fruit,berries,beef,butter milk,yogurt,sliced cheese
meat,oil
whole milk,curd
sausage,sauces
frankfurter,yogurt
meat,bottled water
root vegetables,canned beer
root vegetables,citrus fruit
whole milk,frozen meals
citrus fruit,other vegetables
citrus fruit,liquor
other vegetables,misc. beverages
citrus fruit,rolls/buns
sausage,whole milk
frankfurter,tropical fruit
hard cheese,pastry
cream cheese,other vegetables
turkey,pip fruit
pork,specialty chocolate
whole milk,grapes
rolls/buns,liquor (appetizer)
sausage,root vegetables
ice cream,root vegetables
liquor,brandy
pip fruit,soda
root vegetables,other vegetables
soda,ham
soda
sausage,soda
root vegetables,other vegetables
pork,hamburger meat
pork,whole milk
chocolate,root vegetables
fruit/vegetable juice,salty snack
pickled vegetables,soda
bottled water,berries
frankfurter,brown bread
tropical fruit,root vegetables
canned beer,dishes
root vegetables,frozen dessert,oil
meat,other vegetables,chewing gum
frankfurter,pip fruit,whipped/sour cream
tropical fruit,soda,rolls/buns
tropical fruit,rum,flour
citrus fruit,pot plants,newspapers
hamburger meat,dessert,newspapers
chicken,frozen fish,sugar
chicken,whole milk,specialty bar
frankfurter,seasonal products,rolls/buns
canned beer,soda,newspapers
turkey,meat,rolls/buns
packaged fruit/vegetables,rolls/buns,domestic eggs
pasta,yogurt,specialty bar
citrus fruit,hamburger meat,rolls/buns
sausage,berries,rolls/buns
whole milk,soda,mayonnaise
canned beer,long life bakery product,rolls/buns
citrus fruit,tropical fruit,canned fish
liquor (appetizer),hard cheese,yogurt
citrus fruit,liquor,white bread
sausage,whole milk,bottled water
chicken,pip fruit,curd
hamburger meat,frozen vegetables,cream cheese
sausage,soda,rolls/buns
beef,root vegetables,butter milk
citrus fruit,sausage,brown bread
UHT-milk,berries,shopping bags
candy,berries,mustard
newspapers,sausage,sugar
beef,frozen fish,whole milk
sausage,white bread,candles
frankfurter,dishes,hygiene articles
canned beer,soda,frozen vegetables
bottled beer,whole milk,cream cheese
onions,butter,soups
tropical fruit,canned beer,hygiene articles
bottled water,misc. beverages,fruit/vegetable juice
beef,berries,root vegetables
sausage,ice cream,rolls/buns
hair spray,chocolate,rolls/buns
chicken,salt
pork,root vegetables,rolls/buns
ice cream,citrus fruit,soda
meat,whole milk,whipped/sour cream
other vegetables,tropical fruit,sweet spreads
bottled water,chocolate,jam
tropical fruit,white wine,bottled beer
photo/film,citrus fruit,chewing gum
sausage,detergent,hygiene articles
grapes,rolls/buns,pot plants
domestic eggs,whole milk,fruit/vegetable juice
rolls/buns,margarine,domestic eggs
tropical fruit,soda,frozen meals
chicken,pork,frozen fish
frankfurter,shopping bags,frozen vegetables
berries,condensed milk,whipped/sour cream
margarine,beef,whipped/sour cream
tropical fruit,citrus fruit,chocolate
ham,whole milk,shopping bags
hamburger meat,chewing gum,curd
yogurt,sliced cheese,whipped/sour cream
soda,pork,bottled water
yogurt,frozen meals,frozen vegetables
soda,pip fruit,pasta
bottled water,tropical fruit,whipped/sour cream
sausage,frozen meals,instant coffee
citrus fruit,frozen vegetables,margarine
shopping bags,curd,hard cheese
newspapers,chicken,pip fruit
frankfurter,soda,other vegetables
sausage,bottled water,whole milk
frankfurter,citrus fruit,margarine
salt,canned beer,roll products
oil,bottled water,whipped/sour cream
curd,cake bar,ketchup
other vegetables,beef,yogurt
citrus fruit,rolls/buns,whole milk
frankfurter,soda,napkins
root vegetables,ice cream,margarine
tropical fruit,citrus fruit,male cosmetics
beef,white wine,pip fruit
berries,UHT-milk,newspapers
canned beer,bottled water,long life bakery product
whipped/sour cream,whole milk,oil
root vegetables,frozen vegetables
whole milk,pork,UHT-milk,sliced cheese,beverages
beef,spread cheese,cake bar
frozen vegetables,yogurt,bottled beer
rolls/buns,soft cheese,fruit/vegetable juice
whole milk,red/blush wine,newspapers
whole milk,white bread,cream cheese
citrus fruit,yogurt,coffee
pastry,brandy,soda
frankfurter,pork,ketchup
tropical fruit,bottled water,whipped/sour cream
frankfurter,soda,whipped/sour cream
berries,soda,fruit/vegetable juice
rolls/buns,bottled water,vinegar
root vegetables,turkey,bottled water
yogurt,whole milk,soft cheese
other vegetables,baking powder,salty snack
berries,grapes,onions
berries,dessert
other vegetables,whole milk,soda
rolls/buns,curd,cat food
ham,canned beer,salty snack
whole milk,sauces
tropical fruit,whole milk,vinegar
bottled water,tropical fruit,domestic eggs
butter milk,candles,pot plants
newspapers,root vegetables,margarine
coffee,root vegetables,whipped/sour cream
bottled beer,other vegetables,butter
onions,grapes,bottled beer
hamburger meat,rolls/buns,brown bread
sausage,zwieback,jam
hard cheese,root vegetables,white bread
sausage,other vegetables,waffles
hamburger meat,root vegetables,fruit/vegetable juice
onions,cream cheese,baking powder
coffee,rolls/buns,soda
shopping bags,white wine,soda
yogurt,chicken,soda
soda,bottled beer,baking powder
sliced cheese,dessert,cream cheese
sausage,yogurt
yogurt,rolls/buns
domestic eggs,fruit/vegetable juice
whole milk,meat
meat,whole milk
dish cleaner,whole milk
other vegetables,tropical fruit
whole milk,pork
other vegetables,canned fish
tropical fruit,fruit/vegetable juice
baking powder,beef
specialty bar,tropical fruit
ice cream,coffee
frankfurter,sausage
canned beer,citrus fruit
bottled water,citrus fruit
other vegetables,red/blush wine
citrus fruit,pastry
sausage,other vegetables
domestic eggs,newspapers
pork,root vegetables
specialty cheese,sliced cheese
pork,berries
beef,grapes
other vegetables,citrus fruit
chicken,citrus fruit
soda,tropical fruit
whole milk,sugar
rolls/buns,other vegetables
bottled beer,butter milk
root vegetables,rolls/buns
pastry,meat
berries,white bread
citrus fruit,grapes
whole milk,rolls/buns
soda,semi-finished bread
bottled water,rolls/buns
tropical fruit,citrus fruit
salty snack,frozen vegetables
bottled water,berries
chocolate,root vegetables
citrus fruit,pet care
bottled water,tropical fruit
onions
dessert,pork
beef,butter
rolls/buns,citrus fruit
beef
soda,cake bar
coffee,whole milk
rolls/buns,whole milk
pork,yogurt
soda,frozen fish
sausage,other vegetables
beef,root vegetables
whole milk,UHT-milk
pork,UHT-milk
berries,brown bread
sausage
bottled water,yogurt
tropical fruit,root vegetables
herbs,citrus fruit
yogurt,bottled beer
Instant food products,pip fruit
specialty chocolate,rolls/buns
coffee,root vegetables
bottled beer,soda
beef,dessert
whole milk,tropical fruit
frankfurter,sausage
frankfurter,rolls/buns
other vegetables,whole milk
frankfurter,chocolate
whole milk,bottled water
frankfurter,pork
other vegetables,butter
bottled water,pastry
pork,citrus fruit
bottled water,whole milk
other vegetables,herbs
hamburger meat,organic sausage
hamburger meat,root vegetables
shopping bags,whole milk
whole milk,hard cheese
ice cream,citrus fruit
pastry,grapes
ham,specialty bar
frankfurter,white wine
sausage,herbs
bottled beer,yogurt
bottled water,brown bread
meat,other vegetables
dessert,bottled beer
other vegetables,frozen vegetables
beverages,sausage
ham,candy
specialty bar,candy
brown bread,tropical fruit
whole milk,shopping bags
rolls/buns,fruit/vegetable juice
bottled beer,whole milk
pet care,beef
citrus fruit,whipped/sour cream
pork,grapes
other vegetables,rolls/buns
white wine,tropical fruit
whole milk,root vegetables
pip fruit,yogurt
sugar,fruit/vegetable juice
tropical fruit,pastry
root vegetables,tropical fruit
soda
whole milk,root vegetables
tropical fruit,sausage
white bread,tropical fruit
brown bread,yogurt
tropical fruit,pip fruit
domestic eggs,pastry
coffee,tidbits
soda,pork
whole milk,liquor (appetizer)
bottled beer,hamburger meat
pork
other vegetables,curd
yogurt,chocolate
sparkling wine,canned beer
bottled water,mustard
citrus fruit,tropical fruit
hamburger meat,chicken
packaged fruit/vegetables,other vegetables
other vegetables,rolls/buns
soda,hard cheese
whole milk,house keeping products
herbs,packaged fruit/vegetables
citrus fruit,beef
misc. beverages,instant coffee
female sanitary products,curd
soda,beef
tropical fruit,pork
soda
white bread,popcorn
coffee,whole milk
tropical fruit,citrus fruit
pork,canned beer
citrus fruit,beef
frankfurter,rolls/buns
frankfurter,shopping bags
frankfurter,bottled beer
other vegetables,coffee
yogurt,shopping bags
sausage,beef
whole milk,shopping bags
pip fruit,brown bread
whole milk,grapes
root vegetables,other vegetables
onions,white wine
specialty chocolate,canned beer
hamburger meat,pork
photo/film,cat food
rolls/buns,pork
canned beer,bottled water
canned beer,bottled water
other vegetables,soda
canned beer
curd,tropical fruit
butter,popcorn
other vegetables,whole milk
whole milk,onions
beef,pork
sausage,whole milk
soda,yogurt
fruit/vegetable juice,root vegetables
rolls/buns,chicken
pip fruit,zwieback
frozen vegetables,chicken
beverages,curd
hamburger meat,margarine
root vegetables,meat
canned beer,salt
frozen vegetables,napkins
canned beer,misc. beverages
newspapers,processed cheese
rolls/buns,chicken
hamburger meat,whole milk
pip fruit,cream cheese
canned beer,citrus fruit
root vegetables,tropical fruit
citrus fruit,whole milk
cling film/bags,other vegetables
frankfurter,whole milk
whole milk
pork,whipped/sour cream
chicken,beef
sausage,pasta
specialty bar,curd
whipped/sour cream,tropical fruit
root vegetables,other vegetables
rolls/buns,cream cheese
other vegetables,sausage
citrus fruit,ham
whole milk,yogurt
frankfurter,butter
coffee,citrus fruit
ham,domestic eggs
canned beer,newspapers
canned beer,semi-finished bread
canned beer,bottled beer
pip fruit,berries
pork,cake bar
soap,rum
pip fruit,salty snack
beef,hamburger meat
sausage,chicken
frozen chicken,white wine
soda,rolls/buns
tropical fruit,sausage
other vegetables,frozen vegetables
beef,sausage
meat
meat,hamburger meat
bottled water,tropical fruit
rolls/buns,bottled water
pastry,meat
pork,butter
pip fruit,soda
beef,herbs
beef,other vegetables
rolls/buns,oil
citrus fruit,waffles
meat,pork
beverages,pickled vegetables
beef,candy
ham,chocolate marshmallow
hamburger meat,tropical fruit
beef,yogurt
beef,yogurt
root vegetables,frozen potato products
citrus fruit,canned beer
yogurt,ham
tropical fruit,butter
frankfurter,specialty bar
beef,berries
shopping bags,yogurt
canned beer,ham
rolls/buns,beef
other vegetables,tropical fruit
hamburger meat,other vegetables
hamburger meat,berries,liquor,cream cheese
frankfurter,tropical fruit
bottled beer,beverages
tropical fruit,citrus fruit
soda,meat
frankfurter,tropical fruit
chicken,fruit/vegetable juice
coffee,other vegetables,candy,whole milk
whole milk,rolls/buns
margarine,fruit/vegetable juice
tropical fruit,whipped/sour cream
meat,other vegetables
cream cheese,whole milk
newspapers,whole milk
rolls/buns,other vegetables
citrus fruit,pip fruit
whole milk,grapes
frankfurter,cream cheese
ham,tropical fruit
frankfurter,tropical fruit
sausage,margarine
domestic eggs,frozen fish
whole milk,meat,yogurt
rolls/buns,root vegetables
whole milk,soft cheese
sausage,root vegetables
curd,tropical fruit
bottled water,frozen vegetables
beef,meat
frankfurter,citrus fruit
chicken,bottled beer
sausage,soda
pork,whole milk
yogurt,domestic eggs
whole milk,butter
frankfurter,salt
beef,tropical fruit
pip fruit,butter milk
sausage,red/blush wine
pastry,pork
chicken,cereals
root vegetables,other vegetables
whole milk,chocolate marshmallow
detergent,whole milk
rolls/buns,pork
house keeping products,whole milk
yogurt
tropical fruit,whole milk
tropical fruit,whole milk
curd,brown bread
beef,pork
whole milk,tropical fruit
pork,salty snack
other vegetables,liquor (appetizer)
rolls/buns,white bread
frankfurter,canned beer
yogurt,soda
whole milk,tropical fruit
bottled water,UHT-milk
frankfurter,canned beer
rolls/buns,other vegetables
whole milk
rolls/buns,whole milk
chicken,yogurt
tropical fruit,brown bread
sausage,pork
sausage,whole milk
frankfurter,pastry
UHT-milk,frozen fish
rolls/buns,pip fruit
canned beer,root vegetables
yogurt,butter milk
whipped/sour cream,whole milk
rolls/buns,tropical fruit
rolls/buns,other vegetables
beverages,sugar
rolls/buns,curd
rolls/buns,herbs
bottled beer,tropical fruit
citrus fruit,other vegetables
bottled water,white bread
pastry,whole milk
domestic eggs
beef,citrus fruit
spread cheese,pork
tropical fruit,other vegetables
packaged fruit/vegetables,canned beer
whole milk
meat,whole milk
onions,pork
frankfurter,tropical fruit
beef,pasta
beef,other vegetables
sausage,pip fruit
chicken,yogurt
canned beer,hamburger meat
sausage,citrus fruit
tropical fruit,pork
frankfurter,newspapers
sausage,dessert
beef,bottled water
tropical fruit,root vegetables
yogurt,dessert
frankfurter,bottled water
bottled beer,whole milk
grapes,other vegetables
beverages
curd,photo/film
ice cream,pork
sausage,beef
other vegetables
dessert,citrus fruit
decalcifier,whole milk
canned beer,root vegetables
coffee,whole milk
berries,whipped/sour cream
pork,whole milk
frankfurter,whole milk
pork,whole milk
frankfurter,hamburger meat
frozen dessert,tropical fruit
chicken,abrasive cleaner
vinegar,rolls/buns
whole milk,root vegetables
pork,other vegetables
rolls/buns,pickled vegetables
grapes,chicken
frankfurter,other vegetables
finished products,root vegetables
onions,curd
tropical fruit,yogurt
other vegetables,whole milk
ham,meat
other vegetables
curd,citrus fruit
sausage,root vegetables
canned beer,onions
ham,bottled beer
packaged fruit/vegetables,pip fruit
meat,herbs
whole milk,other vegetables
canned beer,soda
chicken,specialty chocolate
rolls/buns,fruit/vegetable juice
pet care,pork
root vegetables
pastry,red/blush wine
frankfurter,coffee
chicken,white bread
frozen dessert,citrus fruit
citrus fruit,other vegetables
sausage,long life bakery product
root vegetables,whole milk
root vegetables,pip fruit
bottled beer,herbs
frankfurter,sausage
root vegetables,cream cheese
berries,other vegetables
hamburger meat,whole milk
tropical fruit,rolls/buns
frankfurter,other vegetables
frankfurter,white wine
soda,tropical fruit
ice cream,other vegetables
beef,root vegetables
whole milk,whipped/sour cream
pork
whole milk,meat
bottled beer,whole milk
pork,tropical fruit
root vegetables,tropical fruit
canned beer,nuts/prunes
citrus fruit,female sanitary products
pip fruit,other vegetables
root vegetables,pickled vegetables
tropical fruit
beef,root vegetables
chicken,other vegetables
citrus fruit,white wine,bottled beer,newspapers,cat food
meat,house keeping products
cream cheese,rolls/buns
citrus fruit,hamburger meat
specialty bar,other vegetables
meat,other vegetables
citrus fruit,meat
frankfurter,napkins
citrus fruit,hamburger meat
turkey,onions
citrus fruit,grapes
sausage,dessert
newspapers,whole milk
whole milk,frozen vegetables
yogurt,citrus fruit
yogurt
bottled water,herbs
berries,other vegetables
packaged fruit/vegetables,dog food
frankfurter,bottled water
nuts/prunes,onions
citrus fruit,other vegetables
beef,onions
whole milk,beef
other vegetables,citrus fruit
beef,ice cream
fish,meat
other vegetables,beef
tropical fruit,whole milk
coffee,chicken
sausage,whole milk
meat,ham
chicken,tropical fruit
berries,other vegetables
frozen meals,other vegetables
whipped/sour cream,root vegetables
beef,root vegetables
chicken,whipped/sour cream
chicken,butter
beef,pip fruit
packaged fruit/vegetables,bottled beer
sugar,curd
frankfurter,canned beer
berries,other vegetables
bottled water,whole milk
sausage,pip fruit
whole milk,yogurt
ice cream,oil
frankfurter,domestic eggs
root vegetables,chicken
sausage,sugar
sausage,dessert
beef,specialty chocolate
fruit/vegetable juice,newspapers
sugar,other vegetables
berries,whole milk
yogurt,zwieback
pork,bottled water
bottled beer,root vegetables
curd,coffee
beef,chicken
pork,bottled beer
white bread,other vegetables
grapes,other vegetables
potato products,other vegetables
root vegetables,baking powder
chicken,shopping bags
chicken,other vegetables
fish,newspapers
canned beer,soda
other vegetables,meat
chicken,bottled water
other vegetables
tropical fruit,bottled beer
whole milk,sparkling wine
beef,meat
sausage,newspapers
whole milk,pork
rolls/buns,butter milk
citrus fruit,ham
whole milk,waffles
pastry,rolls/buns
tropical fruit,whipped/sour cream
sliced cheese,soda
soda,chocolate
ham,tropical fruit
salty snack,root vegetables
whole milk,chicken
root vegetables,pastry
soda,tropical fruit
curd,red/blush wine
bottled water,whole milk
packaged fruit/vegetables,yogurt
tropical fruit,organic products
ham,rolls/buns
pork,hard cheese
beverages,pickled vegetables
sausage,whole milk
sausage,root vegetables
root vegetables,zwieback
whole milk
frankfurter,rolls/buns
soda,whole milk
soda,hygiene articles
frankfurter,curd
berries,rolls/buns
canned beer,curd
frankfurter,pip fruit
frankfurter,rolls/buns
berries,other vegetables
frankfurter,butter milk
newspapers,tropical fruit
frozen fish,beef
tropical fruit,soda
beef,coffee
rolls/buns,dessert
specialty chocolate,root vegetables
sparkling wine,root vegetables
citrus fruit,root vegetables
onions,rolls/buns
whole milk,pip fruit
photo/film,brown bread
hamburger meat,rolls/buns
other vegetables,butter
whole milk,rolls/buns
pork,candles
tropical fruit,yogurt
chicken,domestic eggs
other vegetables,pastry
sausage,whole milk
whole milk,other vegetables
rolls/buns,fruit/vegetable juice
hygiene articles,chicken
ice cream,pip fruit
curd,soda
whole milk
onions,root vegetables
finished products,yogurt
salt,frozen vegetables
tropical fruit,oil
other vegetables,whipped/sour cream
chocolate,beef
ice cream,UHT-milk
tropical fruit,soda
frankfurter,soda
butter,whole milk
other vegetables,bottled water
tropical fruit,domestic eggs
citrus fruit,beef
UHT-milk,bottled beer
beef,whole milk
curd,other vegetables
citrus fruit,tropical fruit
yogurt,other vegetables
bottled beer,other vegetables
grapes,whole milk
pork,dishes
sausage,dish cleaner
frankfurter,yogurt
artif. sweetener,whole milk
frankfurter,brandy
pip fruit,brandy
frankfurter,yogurt
whole milk,pip fruit
domestic eggs,other vegetables
packaged fruit/vegetables,dishes
chicken,soda
pork,pastry
citrus fruit,beef
light bulbs,yogurt
cream cheese,dessert
sausage,flower (seeds)
citrus fruit,bottled water
other vegetables,liquor
chicken,whole milk
ice cream,curd
pork,other vegetables
pork,other vegetables
onions,pip fruit
tropical fruit,chocolate
whipped/sour cream,other vegetables
berries,newspapers
berries,ham
rolls/buns,bottled beer
ice cream,whole milk
coffee,frozen fish
whole milk,sausage
whole milk,light bulbs
citrus fruit,butter
beef,frozen vegetables
pork,herbs
turkey,UHT-milk
margarine,root vegetables
butter milk,root vegetables
beef,ice cream
bottled water,dessert
pip fruit,UHT-milk
whole milk
chocolate,brown bread
frankfurter,other vegetables
whole milk,ham
sausage,bottled water
grapes,butter
brown bread,soda
root vegetables,whole milk
UHT-milk,whole milk
onions,other vegetables
beef,ham
pork,whole milk
canned beer,white bread
yogurt
yogurt,whipped/sour cream
pip fruit,specialty chocolate
meat,yogurt
coffee,butter milk
bottled water,onions
bottled beer,fruit/vegetable juice
sausage,whole milk
shopping bags,soda
pork,root vegetables
frankfurter,whole milk
ice cream,herbs
root vegetables,white wine
sausage,soda
sausage,tropical fruit
root vegetables,margarine
canned vegetables,whole milk
tropical fruit,root vegetables
grapes,soda
whole milk,soda
frankfurter,bottled water
dessert,brown bread
shopping bags,butter milk
butter,pastry
frankfurter,whole milk
pork,cream cheese
whole milk,liquor
brown bread,shopping bags
frozen fish,specialty cheese
soda,grapes
whole milk,root vegetables
pork,other vegetables
whipped/sour cream,frozen meals
frankfurter,root vegetables
grapes
sausage,citrus fruit
citrus fruit,other vegetables
ham,other vegetables
chewing gum,other vegetables
beef,misc. beverages
beef,mayonnaise
frankfurter,sausage
canned fish
sausage,pastry
bottled water,other vegetables
specialty cheese,yogurt
bottled water,tropical fruit
bottled water,beverages
chicken,artif. sweetener
frankfurter,soda
chicken,curd
chicken,onions
butter,whole milk
citrus fruit,whole milk
whipped/sour cream,whole milk
frankfurter,bottled water
beef,semi-finished bread
chicken,citrus fruit
sausage,whole milk
citrus fruit
ice cream,canned beer
specialty chocolate,pastry
frankfurter,bottled beer
pork,margarine
UHT-milk,tropical fruit
UHT-milk,salt
cookware,cream cheese
citrus fruit,bottled beer
sausage,ice cream
frankfurter,rolls/buns
citrus fruit,chicken
ham,tidbits
ham,butter milk
bottled water,other vegetables
popcorn,citrus fruit
tropical fruit,hamburger meat
frankfurter,frozen meals
hamburger meat,frozen vegetables
soda,ham
sausage,berries
yogurt,pip fruit
meat,whole milk
red/blush wine,pork
UHT-milk,tropical fruit
brown bread,bottled beer
semi-finished bread,tropical fruit
whole milk
cat food,rolls/buns
citrus fruit,yogurt
citrus fruit,rolls/buns
meat,condensed milk
rolls/buns,nuts/prunes
root vegetables,soda
tropical fruit,pip fruit
brown bread,oil
shopping bags,soda
grapes,ketchup
ham,other vegetables
root vegetables,whipped/sour cream
ice cream,yogurt
tropical fruit,whole milk
finished products,rolls/buns
dessert,curd
sparkling wine,tropical fruit
other vegetables,coffee
misc. beverages,yogurt
other vegetables,frozen vegetables
misc. beverages,frozen meals
dessert,rolls/buns
frankfurter,canned beer,citrus fruit,frozen vegetables,chicken,oil,soda
sausage,root vegetables
meat,vinegar
sausage,whole milk
onions,candy
beef,cream cheese
pip fruit,bottled water
ham,brown bread
yogurt,beef
citrus fruit,chicken
other vegetables,pip fruit
pork,hamburger meat
bathroom cleaner,whole milk
ham,brown bread
grapes,rolls/buns
pastry,margarine
citrus fruit,yogurt
photo/film,chewing gum
dessert,ham
citrus fruit,canned fish
soda,bottled water
chewing gum,ham
root vegetables
pork,root vegetables
turkey,shopping bags
tropical fruit,soft cheese
sausage,hamburger meat
sausage,grapes
pork,meat
sausage,pork
grapes,onions
grapes,herbs
other vegetables,sliced cheese
pot plants,pip fruit
bottled water,soda
prosecco,onions
UHT-milk,pork
bottled water,whole milk,citrus fruit,pickled vegetables,salad dressing
rolls/buns,canned beer
specialty chocolate,cat food
beef,whole milk
tropical fruit,specialty cheese
beef,whole milk
rolls/buns,shopping bags
berries,other vegetables
sausage,whole milk
chicken,hygiene articles
sausage,chicken
shopping bags,chocolate
canned beer,other vegetables
soda,yogurt
yogurt,whole milk
rolls/buns,butter
rolls/buns,soda
whole milk,hygiene articles
citrus fruit,frozen dessert
citrus fruit,pip fruit
brown bread,bottled beer
tropical fruit,pip fruit
frankfurter,yogurt
coffee,packaged fruit/vegetables
ham,instant coffee
other vegetables,whole milk
sausage,chicken
pork,canned beer
citrus fruit,coffee
tropical fruit,whole milk
other vegetables,shopping bags
pork,liquor
chicken,onions
root vegetables,frozen meals
citrus fruit,other vegetables
fruit/vegetable juice,other vegetables
beef,pastry
frankfurter,tropical fruit
frankfurter,seasonal products
beef,tropical fruit
ham,bottled beer
shopping bags,sausage
pork,root vegetables
condensed milk,domestic eggs
chicken,frozen dessert
sausage,photo/film
bottled beer,whole milk
chicken,brown bread
finished products,whole milk
pork,butter
root vegetables,tropical fruit
domestic eggs,dessert
domestic eggs,ham
bottled water,domestic eggs
cling film/bags,ham
other vegetables,brown bread
whole milk,root vegetables
sausage,berries
sausage,shopping bags
tropical fruit,house keeping products
frankfurter,processed cheese
frozen potato products,detergent
frankfurter,other vegetables
frankfurter,domestic eggs
chicken,yogurt
tropical fruit,cake bar
bottled beer,rolls/buns
citrus fruit,cream cheese
hamburger meat,ice cream
chicken,vinegar
pork,citrus fruit
rolls/buns,packaged fruit/vegetables
bottled water,rolls/buns
sausage,canned vegetables
frozen potato products,margarine
frankfurter,brown bread
sausage,yogurt
tropical fruit,bottled beer
bottled beer,seasonal products
bottled beer,whole milk
rolls/buns,pastry
citrus fruit,candy
yogurt,other vegetables
turkey,bottled water
soda,napkins
canned beer,coffee
canned beer,herbs
sausage,root vegetables
pork,whole milk
Instant food products,yogurt
frankfurter,long life bakery product
oil,chicken
chicken,rolls/buns
beef,hamburger meat
dessert,photo/film
pork,pip fruit
curd,liquor (appetizer)
chicken,rolls/buns
whipped/sour cream,soda
frankfurter,whole milk
frankfurter,tropical fruit
liver loaf,other vegetables
pork,rolls/buns
frankfurter,citrus fruit
pork,specialty chocolate
pork,brown bread
soda,pastry
root vegetables,waffles
whipped/sour cream,root vegetables
chocolate,herbs
whole milk,onions
pork,whole milk
coffee,domestic eggs
rolls/buns
citrus fruit,beverages
citrus fruit,whole milk
soda,citrus fruit
cream cheese,frozen meals
soda,rolls/buns
chicken,other vegetables
frozen fish,tropical fruit
sausage,pip fruit
beef,pastry
ham,cream cheese
chicken,coffee
herbs,pip fruit
grapes,detergent
tropical fruit,other vegetables
frankfurter,beef
onions,whole milk
sausage,tropical fruit
citrus fruit,whole milk
hamburger meat,whole milk
frankfurter,frozen meals
sausage,bottled beer
root vegetables,ham
oil,onions
canned beer,cream cheese
newspapers,beef
pip fruit,canned beer
coffee,curd cheese
red/blush wine,berries
onions,hamburger meat
frankfurter,sausage
meat,whole milk
whole milk,pork
dessert,hamburger meat
hamburger meat,pastry
chewing gum,sugar
bottled water,other vegetables
beverages,other vegetables
whole milk,curd
citrus fruit,whole milk
tropical fruit,nuts/prunes
cat food,newspapers
whole milk,white bread
soda,curd
sausage,frozen meals
root vegetables
berries,hamburger meat
other vegetables,berries
sausage,pip fruit
beverages,whole milk
chicken,yogurt
whole milk,citrus fruit
sausage,other vegetables
ham,curd
whole milk,citrus fruit
root vegetables,grapes
citrus fruit,long life bakery product
frankfurter,frozen vegetables
ice cream,long life bakery product
sausage,hamburger meat
root vegetables,herbs
ham,tropical fruit
coffee,butter
citrus fruit,other vegetables
pot plants,chicken
other vegetables,citrus fruit
whole milk,bottled water
zwieback,tropical fruit
chicken,margarine
butter,coffee
ham,cream cheese
whole milk,condensed milk
citrus fruit,yogurt
ham,rolls/buns
canned beer,white bread
frankfurter,whole milk
chicken,soda
frankfurter,fruit/vegetable juice
bottled beer,processed cheese
other vegetables
frozen potato products,soda
chicken,fruit/vegetable juice
sausage,bottled water
canned beer,rolls/buns
yogurt,whole milk
frozen meals,other vegetables
canned fruit,detergent
butter,whole milk
yogurt,newspapers
citrus fruit,soda
meat,whole milk
root vegetables,sausage,cream cheese,yogurt,detergent
frankfurter,butter
tropical fruit,cat food
yogurt,other vegetables
root vegetables,other vegetables
yogurt,processed cheese
oil,yogurt
citrus fruit,canned beer
beef,bottled water
citrus fruit,whipped/sour cream
dessert,sugar
curd,frozen vegetables
bottled water,whole milk
sausage,rolls/buns
herbs,soda
dog food,curd
packaged fruit/vegetables,berries
frankfurter,margarine
finished products,whole milk
oil,soda
curd,rolls/buns
herbs,curd
sausage,bottled water
whole milk,soda
sausage,frozen vegetables
soda,hard cheese
whole milk,frozen vegetables
root vegetables,onions
sugar,whipped/sour cream
cream cheese,candles
other vegetables,yogurt
frozen fruits,citrus fruit
whipped/sour cream,rolls/buns
yogurt,citrus fruit
pork,brown bread
grapes
whole milk,bottled water
sausage,yogurt
canned beer,berries
meat,rolls/buns
soda,root vegetables
bottled beer,frozen vegetables
whole milk,UHT-milk
chicken,yogurt
pip fruit,frozen vegetables
pork,whole milk
oil,soda
whole milk,pastry
pip fruit,long life bakery product
root vegetables,semi-finished bread
ham,citrus fruit
ice cream,rolls/buns
sausage,beverages
detergent,liquor (appetizer)
oil,coffee
tropical fruit,whole milk
photo/film,canned beer
UHT-milk,cream cheese
meat,pip fruit
grapes,honey
liver loaf,onions
beef,meat spreads
root vegetables,citrus fruit
pork,curd
butter milk,whole milk
brown bread,sugar
herbs,packaged fruit/vegetables
newspapers,flour
brandy,dessert
pastry,chewing gum
beverages,bottled water
UHT-milk,frozen vegetables
cream cheese,whole milk
rolls/buns,long life bakery product
rolls/buns,shopping bags
rolls/buns,other vegetables
sausage,cocoa drinks
hard cheese,soda
canned beer,cereals
canned beer,coffee
citrus fruit,waffles
yogurt,rolls/buns
yogurt,white wine
salty snack,tropical fruit
tropical fruit,semi-finished bread
citrus fruit,whole milk
rolls/buns,liquor (appetizer)
whipped/sour cream,root vegetables
citrus fruit,pip fruit
butter milk,UHT-milk
other vegetables,liquor (appetizer)
canned beer,newspapers
soda,other vegetables
tropical fruit,soda
coffee,bottled water
ham,coffee
whipped/sour cream,yogurt
citrus fruit,UHT-milk
dessert,beef
whole milk,newspapers
canned beer,citrus fruit
rolls/buns
fish,bottled beer
meat,tropical fruit
sausage,canned beer
other vegetables,root vegetables
tropical fruit,other vegetables
baby cosmetics,bottled water
citrus fruit,beverages
tropical fruit,root vegetables
spices,butter
sausage,Instant food products
sausage,other vegetables
beef,semi-finished bread
canned beer,curd
canned beer,pastry
rolls/buns,bottled water
whole milk,rolls/buns
root vegetables,hygiene articles
yogurt,hamburger meat
onions,bottled water
hamburger meat,soda
napkins,frozen vegetables
other vegetables,whipped/sour cream
chicken,whole milk
meat,fruit/vegetable juice
rolls/buns,yogurt
butter,tropical fruit
sausage,pet care
rolls/buns,root vegetables
other vegetables,butter
frankfurter,onions
newspapers,berries
turkey,bottled water
onions,rum
whole milk,herbs
yogurt,root vegetables
whipped/sour cream,whole milk
frozen vegetables,other vegetables
citrus fruit,tropical fruit
onions
sausage,salad dressing
other vegetables,curd
frankfurter,yogurt
domestic eggs,pastry
rolls/buns,sauces
bottled beer,rolls/buns
waffles,whole milk
condensed milk,other vegetables
canned beer,other vegetables
meat,root vegetables
whole milk,yogurt
liver loaf,other vegetables
frankfurter,root vegetables
chicken,chewing gum
frankfurter,cream cheese
pip fruit,pastry
root vegetables,tropical fruit
pip fruit,spices
pork,brown bread
other vegetables,bottled beer
pastry,brown bread
sausage,salty snack
processed cheese,yogurt
napkins,photo/film
meat,canned beer
pastry,yogurt
sausage,other vegetables
pip fruit,rolls/buns
frozen vegetables,whipped/sour cream
citrus fruit,salty snack
other vegetables,rolls/buns
frankfurter,hamburger meat
sausage,beverages
beef,whole milk
hamburger meat,whole milk
yogurt,cookware
beverages,cream cheese
whole milk,specialty chocolate
rolls/buns,butter milk
tropical fruit,butter
citrus fruit,frozen meals
whole milk,pip fruit
citrus fruit,cereals
soda,red/blush wine
frankfurter,margarine
sausage,curd
napkins,pork
yogurt,whole milk
herbs,root vegetables
sausage,other vegetables
yogurt,pastry
pork,curd
curd,frozen meals
frankfurter,whole milk
frankfurter,salty snack
curd,rolls/buns
liver loaf,whipped/sour cream
pork,frozen meals
specialty bar,other vegetables
ice cream,napkins
specialty bar,condensed milk
yogurt,beverages
frozen vegetables,pastry
rolls/buns,coffee
pastry,dish cleaner
pork,whole milk
curd,hygiene articles
beef,yogurt
yogurt,rolls/buns
chicken,salty snack
detergent,rolls/buns
pip fruit,onions
coffee,hamburger meat
tropical fruit,specialty bar
sauces,tropical fruit
pork,coffee
yogurt,pip fruit
napkins,whipped/sour cream
other vegetables,sliced cheese
chicken,bottled water
pork,cake bar
root vegetables
ham,canned fruit
whole milk,rolls/buns
soda,cream cheese
rolls/buns,male cosmetics
tropical fruit,pastry
tropical fruit,cat food
sausage,whole milk
bottled beer,bottled water
turkey,root vegetables
meat,bottled water
whole milk,hamburger meat
soda,liquor (appetizer)
rolls/buns,other vegetables
dessert,other vegetables
sausage,bottled water
pork,hygiene articles
hamburger meat,whole milk
sausage,curd
rolls/buns,cling film/bags
misc. beverages,packaged fruit/vegetables
pastry,waffles
soda,pastry
whole milk,liver loaf
domestic eggs,cream cheese
soda,pickled vegetables
pip fruit,newspapers
yogurt,dental care
frankfurter,whole milk
specialty chocolate,specialty cheese
sausage,curd
oil,other vegetables,rolls/buns
tropical fruit,soda,canned vegetables
citrus fruit,whole milk,chocolate
napkins,beef,brown bread
whole milk,napkins,flour
coffee,hard cheese,domestic eggs
tropical fruit,UHT-milk,whole milk
canned beer,soda,white bread
bottled beer,canned fish,yogurt
canned beer,salty snack,soda
rum,coffee,sliced cheese
rolls/buns,red/blush wine,canned beer
pastry,soda,detergent
whole milk,frozen vegetables,newspapers
grapes,bottled water,napkins
whole milk,shopping bags,curd
yogurt,bottled beer,sugar
root vegetables,rolls/buns,flower (seeds)
pastry,spread cheese,other vegetables
canned beer,yogurt,salty snack
sausage,hygiene articles,ice cream
tropical fruit,coffee,newspapers
frankfurter,hygiene articles,rolls/buns
rolls/buns,berries,meat spreads
frankfurter,dishes,rolls/buns
sausage,other vegetables,rolls/buns
whole milk,other vegetables,ice cream
whole milk,frozen potato products,fruit/vegetable juice
whole milk,rolls/buns,dish cleaner
ham,beverages,margarine
whole milk,soda,yogurt
beef,chocolate marshmallow,margarine
domestic eggs,whole milk,rice
soda,whole milk,oil
whole milk,pip fruit,detergent
ham,newspapers,waffles
curd,yogurt,domestic eggs
bottled water,curd,yogurt
butter milk,snack products,packaged fruit/vegetables
pork,frozen meals,canned beer
pork,rolls/buns,other vegetables
turkey,newspapers,white wine
cream cheese,yogurt,whipped/sour cream
tropical fruit,herbs,chocolate
rolls/buns,long life bakery product,root vegetables
citrus fruit,bottled water,napkins
frankfurter,liquor (appetizer),red/blush wine
whipped/sour cream,other vegetables,pot plants
tropical fruit,whole milk,chocolate
frankfurter,salty snack,dental care
sausage,curd,margarine
sausage,frozen vegetables,specialty vegetables
sausage,butter,cream cheese
sliced cheese,rolls/buns
candy,rolls/buns,UHT-milk
tropical fruit,whole milk,shopping bags
pip fruit,dishes,soft cheese
citrus fruit,specialty bar,domestic eggs
hamburger meat,red/blush wine,salty snack
other vegetables,berries,organic products
nuts/prunes,brown bread,newspapers
ham,tropical fruit,bottled beer
ham,white wine,pasta
butter,canned fish,cream cheese
napkins,other vegetables,pot plants
beef,frozen meals,white bread
frankfurter,citrus fruit,specialty chocolate
meat,other vegetables,pasta
whole milk,yogurt,pasta
sausage,curd,brown bread
sausage,beef,salty snack
rolls/buns,root vegetables,yogurt
root vegetables,red/blush wine,salty snack
sausage,pastry,whole milk
sausage,pastry,soda
meat,tropical fruit,whipped/sour cream
sausage,berries,pasta
citrus fruit,herbs,pudding powder
chocolate,herbs
coffee,bottled water,chocolate
sausage,other vegetables,hard cheese
beef,white bread,frozen vegetables
berries,oil,cat food
frozen meals,other vegetables,bottled beer
beef,whole milk,chewing gum
sausage,detergent,salty snack
rolls/buns,grapes,potato products
frankfurter,other vegetables,bottled beer
sausage,newspapers,cream
pip fruit,whole milk,bottled water
grapes,meat spreads,domestic eggs
chocolate marshmallow,yogurt,detergent
coffee,root vegetables,bottled beer
soda,domestic eggs,artif. sweetener
bottled beer,rolls/buns,other vegetables
butter,onions,napkins
fruit/vegetable juice,herbs,dishes
meat,canned beer,soda
pip fruit,newspapers,chocolate
other vegetables,whole milk,softener
frankfurter,detergent,chocolate
long life bakery product,butter milk,Instant food products
tropical fruit,butter,frozen fruits
whole milk,bottled beer,rolls/buns
canned beer,curd,pastry
canned beer,rolls/buns
other vegetables,newspapers,soda
soda,chocolate marshmallow,fruit/vegetable juice
rolls/buns,other vegetables,pastry
bags,yogurt,soda
rolls/buns,whole milk,soda
dessert,newspapers,bottled water
canned beer,tropical fruit,bottled beer
butter,whipped/sour cream,rolls/buns
whole milk,coffee
canned beer,margarine,white bread
coffee,whole milk,domestic eggs
chicken,brown bread,soda
soda,butter milk
beef,rolls/buns,seasonal products
spread cheese,specialty chocolate,sugar
citrus fruit,whole milk,frozen vegetables
canned beer,rolls/buns,softener
rolls/buns,jam,cake bar
pip fruit,sliced cheese,fruit/vegetable juice
pip fruit,artif. sweetener,hygiene articles
whole milk,onions,cream cheese
chocolate,pasta
sausage,bottled water
pip fruit,yogurt
other vegetables,fruit/vegetable juice
dessert,whole milk
frankfurter,newspapers
citrus fruit,sliced cheese
citrus fruit,butter
pip fruit,snack products
tropical fruit,bottled water
frankfurter,other vegetables
pip fruit,whole milk
canned beer,other vegetables
pork,whole milk
rolls/buns,pastry
canned beer,fruit/vegetable juice
citrus fruit,yogurt
grapes,pastry
tropical fruit,root vegetables
frozen fish,bottled water
tropical fruit,rolls/buns
beverages,candles
sausage,bottled beer
whole milk,other vegetables
sausage,bottled beer
pork,other vegetables
whole milk,bottled beer
sausage,liquor (appetizer)
pastry,herbs
soda,other vegetables
tropical fruit,curd
whole milk,soda
canned beer,semi-finished bread
pip fruit,root vegetables
turkey,flour
yogurt,mustard
whipped/sour cream,pot plants
finished products,flower (seeds)
sausage,soda
other vegetables,bottled water
newspapers,whole milk
white wine,rolls/buns
sausage,pork
misc. beverages,whole milk
yogurt,citrus fruit
beef,packaged fruit/vegetables
other vegetables,specialty bar
photo/film,whole milk
tropical fruit,zwieback
sausage,whipped/sour cream
frankfurter,packaged fruit/vegetables
tropical fruit,flour
citrus fruit,whole milk,rolls/buns,liquor,tropical fruit
pork,tea
soda,beef
whole milk,margarine
cookware,other vegetables
butter,chewing gum
frozen vegetables,citrus fruit
chicken,dessert
frankfurter,soda
tropical fruit,rolls/buns
root vegetables,newspapers
meat,soda
hamburger meat,whole milk
tropical fruit,whole milk
whole milk,grapes
whole milk,beef
hamburger meat,other vegetables
frankfurter,yogurt
soda,butter
whipped/sour cream
whole milk,rolls/buns
citrus fruit,beverages
pip fruit,frozen fish
root vegetables,frozen vegetables
pip fruit,bottled water
onions,whole milk
tropical fruit,UHT-milk
other vegetables,whole milk
citrus fruit,other vegetables
canned beer,yogurt
root vegetables,rolls/buns
tropical fruit,other vegetables
butter milk,whole milk
root vegetables,whole milk
pork,tropical fruit
pip fruit,rolls/buns
canned beer,whole milk
tropical fruit,whole milk
pork,pip fruit
pip fruit,tropical fruit
rolls/buns,other vegetables
meat,whole milk
soda,whipped/sour cream
root vegetables,rolls/buns
root vegetables,semi-finished bread
sausage,packaged fruit/vegetables
butter,root vegetables
sauces,frozen vegetables
beef,other vegetables
ham,curd
rolls/buns,root vegetables
tropical fruit,other vegetables
sausage,whipped/sour cream
tropical fruit,pip fruit
soda,whipped/sour cream
whole milk,bottled beer
pip fruit,other vegetables
whole milk,hamburger meat
chicken,root vegetables
root vegetables,beef
rolls/buns,pet care
butter,chewing gum
tropical fruit,citrus fruit
sausage,domestic eggs
soda,tropical fruit
rolls/buns,white bread
tropical fruit,specialty chocolate
tropical fruit,citrus fruit
UHT-milk,whole milk
root vegetables,coffee
pip fruit,yogurt
whole milk,canned beer
dessert,whipped/sour cream
other vegetables,processed cheese
pork,yogurt
frankfurter,UHT-milk
whole milk,salt
frankfurter,coffee
whipped/sour cream,frozen meals
curd,whole milk
other vegetables,newspapers
ham,berries
whole milk,rolls/buns
whole milk,chocolate
soda,pip fruit
margarine,domestic eggs
pip fruit,bottled beer
other vegetables,whole milk
whole milk,newspapers
pork,whole milk
sausage,cream cheese
curd,shopping bags
canned beer,margarine
napkins,fruit/vegetable juice
chewing gum,frozen vegetables
ice cream,grapes
bottled water,UHT-milk
liver loaf,soda
citrus fruit,soda
chicken,whole milk
citrus fruit,butter
bottled water,root vegetables
pip fruit,whipped/sour cream
whole milk,white bread
hamburger meat,whole milk
turkey,whole milk
ham,berries
citrus fruit,instant coffee
sausage,shopping bags
yogurt,bottled beer
butter,detergent
chicken,white bread
beverages,shopping bags
onions,grapes
bottled beer,berries
butter,citrus fruit
root vegetables,red/blush wine
sausage,baking powder
ham,domestic eggs
soda,newspapers
chicken,dessert
sausage,sliced cheese
other vegetables,long life bakery product
whole milk,other vegetables
root vegetables,yogurt
chicken,cat food
tropical fruit,whole milk
pork,canned fish
tropical fruit,frozen fish
chicken,canned beer
other vegetables,packaged fruit/vegetables
whipped/sour cream,soda
whole milk,spread cheese
root vegetables,whole milk
sausage,bottled beer
frozen vegetables,red/blush wine
beef,soda
root vegetables,berries
rolls/buns,pork
canned beer,photo/film
sweet spreads,butter
beef,dessert
frozen vegetables,coffee
bottled water,photo/film
domestic eggs,mayonnaise
ice cream,whipped/sour cream
ice cream,curd
butter,whole milk
sausage,tea
ham,frozen meals
citrus fruit,roll products
red/blush wine,pip fruit
butter,ice cream
whole milk,other vegetables
hard cheese,soda
hygiene articles,grapes
soups,bottled water
pastry,other vegetables
onions,whipped/sour cream
ice cream,dishes
herbs,pasta
citrus fruit,butter milk
white bread,nuts/prunes
pip fruit,grapes
misc. beverages,pip fruit
ice cream,onions
pot plants,domestic eggs
beef,butter milk
canned beer,domestic eggs
cat food,soda
whipped/sour cream,cream cheese
shopping bags,misc. beverages
berries,rolls/buns
whole milk,candy
root vegetables,flour
pork,dessert
sausage,root vegetables
bottled water,bottled beer
ice cream,whipped/sour cream
berries,other vegetables
bottled beer,specialty cheese
pork,spread cheese
ice cream,grapes
curd,pip fruit
sausage,white bread
rolls/buns,UHT-milk
other vegetables,yogurt
other vegetables,soda
root vegetables,salt
other vegetables,chicken
pastry,soda
other vegetables,roll products
other vegetables,red/blush wine
citrus fruit,pip fruit
white bread,root vegetables
citrus fruit,whole milk
whole milk,butter
chocolate,liquor
citrus fruit,yogurt
other vegetables,pip fruit
sausage,yogurt
root vegetables,ham
sausage,whole milk
pip fruit,fruit/vegetable juice
tropical fruit,chewing gum
pork,whole milk
whole milk,dessert
mustard,root vegetables
citrus fruit,whole milk
whole milk,pastry
root vegetables,dessert
citrus fruit,liquor (appetizer)
UHT-milk,citrus fruit
soda,other vegetables
tropical fruit,white wine
shopping bags,tropical fruit
bottled beer,butter
beef,waffles
pip fruit,yogurt
root vegetables,waffles
chicken,brown bread
bottled water,UHT-milk
flour,tropical fruit
pip fruit,other vegetables
whole milk,UHT-milk
frankfurter,processed cheese
canned beer,citrus fruit
whole milk,other vegetables
canned beer,UHT-milk
butter milk,packaged fruit/vegetables
margarine,rolls/buns
whole milk,frozen vegetables
whole milk
canned beer,misc. beverages
salty snack,shopping bags
root vegetables,pip fruit
sausage,butter
brown bread,packaged fruit/vegetables
other vegetables,salt
sausage,whole milk
ham,sugar
domestic eggs,bottled beer
sausage,cream cheese
root vegetables,canned beer
other vegetables,bottled water
citrus fruit,soda
pork,oil
onions,UHT-milk
other vegetables,tropical fruit,onions,cream cheese,root vegetables,yogurt
chicken,pastry,whole milk,pip fruit,soda,margarine,candy
pip fruit,turkey,yogurt,root vegetables,other vegetables,chocolate,fruit/vegetable juice
berries,tropical fruit,rolls/buns,pastry,whole milk,frozen vegetables
whole milk,sugar,onions,processed cheese,pip fruit
chicken,finished products,rolls/buns,butter,herbs,white bread
pork,meat,rolls/buns,onions,frozen vegetables,root vegetables,beverages
whole milk,hamburger meat,pip fruit,curd,margarine,instant coffee,misc. beverages
pork,frankfurter,frozen fish,waffles,napkins,rolls/buns
cat food,whole milk,turkey,spread cheese,canned beer,berries,long life bakery product
finished products,pork,onions,pasta,tropical fruit,soda,pastry
brown bread,UHT-milk,beef,red/blush wine,rolls/buns,pickled vegetables
berries,other vegetables,sausage,pip fruit,rolls/buns,brown bread,sauces
ham,whole milk,other vegetables,soda,white bread,tropical fruit,sugar
fish,chicken,UHT-milk,other vegetables,cream cheese,hard cheese
pastry,whole milk,sausage,soda,sliced cheese,domestic eggs
sausage,pip fruit,tropical fruit,pasta,rolls/buns,beverages,brown bread
whole milk,rolls/buns,tropical fruit,other vegetables,cake bar,curd
bottled beer,root vegetables,pip fruit,other vegetables,dessert,rolls/buns,shopping bags
whole milk,frankfurter,yogurt,pip fruit,dessert,soda,margarine
sausage,whole milk,tropical fruit,light bulbs,yogurt,rolls/buns,liquor (appetizer)
soda,frankfurter,salty snack,bottled water,frozen vegetables,yogurt
ham,root vegetables,rolls/buns,processed cheese,whole milk,pastry,soups
bottled beer,pip fruit,condensed milk,pot plants,cling film/bags,soda,shopping bags
sausage,domestic eggs,dish cleaner,rolls/buns,other vegetables,soda
sausage,UHT-milk,candles,chewing gum,bottled beer,artif. sweetener,butter
sausage,pork,butter milk,canned beer,whole milk,yogurt,rolls/buns
sausage,citrus fruit,whole milk,butter milk,salty snack,dessert,specialty chocolate
pork,beef,bottled water,salty snack,flour,instant coffee
root vegetables,whole milk,meat,other vegetables,dog food,bottled water,domestic eggs
citrus fruit,beef,whipped/sour cream,dishes,bottled beer,whole milk
other vegetables,sausage,beef,whole milk,prosecco,ice cream,waffles
whole milk,bottled beer,UHT-milk,beef,pip fruit,yogurt,salty snack
yogurt,rolls/buns,berries,whole milk,zwieback,brown bread,newspapers
UHT-milk,root vegetables,rolls/buns,spread cheese,misc. beverages,sugar
citrus fruit,whole milk,newspapers,detergent,yogurt,salty snack
citrus fruit,tropical fruit,pork,other vegetables,whole milk,yogurt,flower (seeds)
whole milk,frankfurter,candles,grapes,herbs,other vegetables,yogurt
canned beer,sausage,pork,whipped/sour cream,margarine,pickled vegetables,pastry
rolls/buns,tropical fruit,salt,butter,whole milk,canned vegetables,domestic eggs
sausage,frankfurter,citrus fruit,bottled beer,soda,butter,oil
frozen fish,sausage,other vegetables,canned beer,yogurt,shopping bags,beverages,chewing gum
other vegetables,tropical fruit,pastry,citrus fruit,curd,soda,whole milk,detergent,syrup
rolls/buns,whipped/sour cream,waffles,margarine,soda,salty snack,canned beer
tropical fruit,beef,curd,rolls/buns,whipped/sour cream,whole milk,candles,cake bar,flour
butter milk,ham,whole milk,chicken,domestic eggs,shopping bags,chewing gum,white bread
sausage,tropical fruit,frankfurter,cream cheese,other vegetables,hard cheese,chocolate,flour
pastry,sausage,soda,rolls/buns,sugar,other vegetables,whole milk,softener
spread cheese,frankfurter,ice cream,citrus fruit,pip fruit,cake bar,other vegetables,yogurt,rolls/buns
rolls/buns,sausage,tropical fruit,soda,yogurt,onions,flour,specialty chocolate,whipped/sour cream
frankfurter,ham,beef,baby cosmetics,other vegetables,domestic eggs,artif. sweetener,margarine
frankfurter,beef,meat,waffles,whole milk,curd,white bread,frozen meals,sugar
condensed milk,frankfurter,berries,whole milk,liver loaf,sliced cheese,domestic eggs,rolls/buns,frozen fish
rolls/buns,bottled water,other vegetables,finished products,butter,yogurt,citrus fruit
frankfurter,beverages,beef,whole milk,other vegetables,rolls/buns,softener,vinegar,white bread
rolls/buns,canned beer,bottled beer,ham,hamburger meat,pickled vegetables,salty snack,domestic eggs,soda
rolls/buns,pastry,butter,processed cheese,other vegetables,whole milk,chocolate,hard cheese
other vegetables,frankfurter,whole milk,sausage,misc. beverages,margarine,yogurt,frozen meals,cat food
sausage,other vegetables,citrus fruit,curd,red/blush wine,dessert,specialty chocolate,white bread,pastry
coffee,frankfurter,bottled beer,butter,margarine,sugar,brown bread,soda
pip fruit,pork,sausage,dessert,grapes,soda,yogurt,whole milk
citrus fruit,canned beer,hygiene articles,chicken,whole milk,napkins,white wine,UHT-milk,shopping bags
flour,grapes,frankfurter,bottled beer,citrus fruit,other vegetables,cat food,frozen vegetables
frankfurter,bottled water,shopping bags,finished products,yogurt,newspapers,tropical fruit,liquor (appetizer),dog food
soda,beef,rolls/buns,shopping bags,chocolate,processed cheese,brown bread,dessert
soda,herbs,canned beer,seasonal products,dishes,yogurt,mayonnaise,flower (seeds)
root vegetables,frankfurter,fruit/vegetable juice,bottled water,rolls/buns,detergent,bottled beer,male cosmetics
pork,sausage,frankfurter,other vegetables,curd,flower soil/fertilizer,margarine
frozen vegetables,sausage,whole milk,rolls/buns,other vegetables,oil,frozen fish,baking powder
tropical fruit,newspapers,beef,domestic eggs,detergent,frozen vegetables,grapes,processed cheese
citrus fruit,ham,canned beer,frozen vegetables,tropical fruit,other vegetables,yogurt,whole milk,onions
frankfurter,finished products,canned beer,hamburger meat,packaged fruit/vegetables,whipped/sour cream,curd,sweet spreads,white bread
other vegetables,citrus fruit,whole milk,frankfurter,zwieback,domestic eggs,brown bread,sugar
sweet spreads,berries,whole milk,yogurt,pip fruit,root vegetables,specialty chocolate,softener
frankfurter,other vegetables,ham,fruit/vegetable juice,rolls/buns
pork,soda,brandy,sausage,rolls/buns,whole milk,yogurt,frozen dessert,shopping bags
sausage,frankfurter,whole milk,other vegetables,hygiene articles,shopping bags
pip fruit,liver loaf,root vegetables,rolls/buns,mayonnaise,curd,hard cheese,chocolate
bottled beer,soda,hygiene articles,chicken,whole milk,canned beer,curd
beverages,hamburger meat,frankfurter,soda,root vegetables,butter,cream cheese
liver loaf,hamburger meat,sausage,whole milk,whipped/sour cream,other vegetables,white bread,rolls/buns
frankfurter,chicken,meat,bottled beer,other vegetables,pastry,misc. beverages,root vegetables,salt
berries,tropical fruit,shopping bags,sweet spreads,yogurt,soups
curd,nuts/prunes,root vegetables,sausage,whole milk,rolls/buns,bottled water,hard cheese
sausage,pork,pip fruit,soda,beef,fruit/vegetable juice,root vegetables,berries,misc. beverages
onions,grapes,yogurt,tropical fruit,whole milk,salty snack,root vegetables,frozen dessert,whipped/sour cream
soda,sausage,root vegetables,pork,whole milk,vinegar,other vegetables,domestic eggs,shopping bags
soda,canned beer,frozen dessert,tropical fruit,whole milk,bottled water,specialty bar,domestic eggs
chicken,beef,pork,newspapers,dessert,margarine,brown bread
cream cheese,whole milk,root vegetables,frankfurter,other vegetables,dish cleaner,mustard,hygiene articles
bottled water,oil,sausage,bottled beer,rolls/buns,waffles,tropical fruit,frozen meals
chocolate,other vegetables,pip fruit,bottled water,yogurt,pasta,shopping bags
cream cheese,pip fruit,citrus fruit,chicken,other vegetables,curd,specialty chocolate,pastry
whole milk,frankfurter,chicken,flour,chocolate,bottled beer,rolls/buns
whole milk,yogurt,root vegetables,white bread,shopping bags,other vegetables
fruit/vegetable juice,rolls/buns,packaged fruit/vegetables,ice cream,pasta,margarine,pip fruit
onions,hamburger meat,whole milk,tropical fruit,pet care,root vegetables,yogurt,flour
tropical fruit,chicken,beef,pasta,onions,long life bakery product,whole milk,jam
tropical fruit,sausage,ham,root vegetables,turkey,pastry,pasta,soda
pastry,hamburger meat,newspapers,other vegetables,root vegetables,instant coffee,yogurt,domestic eggs
hamburger meat,sausage,frankfurter,soda,root vegetables,coffee,chewing gum,pastry
frankfurter,margarine,whole milk,soda,brown bread,frozen vegetables
tropical fruit,grapes,sausage,fruit/vegetable juice,curd,other vegetables,whipped/sour cream
butter,canned beer,domestic eggs,specialty chocolate,soda,root vegetables,canned fish
rolls/buns,bottled beer,dishes,pip fruit,whole milk,hard cheese,brown bread,soda
sausage,hamburger meat,pork,chewing gum,whole milk,soda,soft cheese,yogurt
citrus fruit,shopping bags,tropical fruit,frankfurter,brown bread,rubbing alcohol,domestic eggs,whole milk
tropical fruit,citrus fruit,yogurt,frankfurter,specialty chocolate,hard cheese,whole milk,canned beer
pork,root vegetables,hamburger meat,frankfurter,coffee,curd,cake bar,soda
whole milk,berries,canned beer,sausage,chicken,zwieback,beverages
hamburger meat,whole milk,pet care,meat,other vegetables,rolls/buns,grapes,oil
frankfurter,beef,domestic eggs,hard cheese,processed cheese,curd,shopping bags
sausage,other vegetables,chicken,waffles,root vegetables,bottled beer,butter,whipped/sour cream
other vegetables,cream cheese,yogurt,whole milk,waffles,curd,fruit/vegetable juice
ham,citrus fruit,sugar,ice cream,whole milk,chocolate marshmallow,specialty bar,candy
bottled beer,tropical fruit,newspapers,whole milk,soft cheese,hard cheese,white wine
pip fruit,other vegetables,hard cheese,sausage,rolls/buns,grapes
pasta,brown bread,beef,long life bakery product,citrus fruit,whipped/sour cream,specialty cheese,frozen vegetables
pip fruit,curd,specialty bar,beverages,sausage,soft cheese,rolls/buns,yogurt,other vegetables,newspapers
pork,processed cheese,beef,white wine,soda,packaged fruit/vegetables,sliced cheese,beverages
frankfurter,chicken,rolls/buns,other vegetables,coffee,long life bakery product,domestic eggs
rolls/buns,sausage,whole milk,pastry,yogurt,dessert,curd
sausage,chicken,chewing gum,newspapers,bottled water,pastry,yogurt
tropical fruit,chicken,sausage,organic sausage,other vegetables,whipped/sour cream,butter milk
chicken,cream cheese,citrus fruit,pet care,napkins,condensed milk,specialty chocolate
whole milk,other vegetables,red/blush wine,coffee,bottled water,sugar
ham,pastry,whole milk,specialty bar,tropical fruit,hard cheese,yogurt,candy
soda,pip fruit,popcorn,pasta,whole milk,dental care
chicken,citrus fruit,turkey,whole milk,sweet spreads,cream cheese,specialty chocolate,oil
canned beer,whole milk,frankfurter,dishes,rolls/buns,pip fruit,canned vegetables
pip fruit,curd,canned beer,pork,bottled beer,frozen dessert,dessert,bottled water
tropical fruit,other vegetables,pastry,long life bakery product,bottled water,UHT-milk,fruit/vegetable juice
domestic eggs,sausage,bottled water,curd,frozen meals,hygiene articles,chocolate,rolls/buns
meat,beef,whole milk,other vegetables,grapes,whipped/sour cream,coffee
citrus fruit,yogurt,sausage,hard cheese,napkins,margarine,cream cheese
sausage,finished products,whole milk,yogurt,pastry,sliced cheese,onions,chewing gum
rolls/buns,grapes,bottled beer,sausage,salty snack,Instant food products,domestic eggs,bottled water
light bulbs,frozen vegetables,liquor,citrus fruit,butter,chewing gum,cream cheese,rolls/buns
rolls/buns,sausage,curd,whole milk,butter milk,margarine,white bread,yogurt
meat,pork,other vegetables,root vegetables,pip fruit,margarine
root vegetables,UHT-milk,nuts/prunes,frankfurter,misc. beverages,whole milk,cream cheese,canned fish
tropical fruit,mayonnaise,other vegetables,meat,roll products,napkins,frozen meals,newspapers
citrus fruit,tropical fruit,UHT-milk,cat food,chocolate,root vegetables,rolls/buns,sweet spreads
whole milk,turkey,pork,dog food,rolls/buns,soda,bottled water
margarine,sausage,pork,citrus fruit,yogurt,frozen meals,other vegetables
hamburger meat,rolls/buns,beverages,dessert,whole milk,domestic eggs,yogurt,soda
dessert,soda,pastry,whole milk,butter,rolls/buns,shopping bags,newspapers
beef,roll products,root vegetables,chicken,waffles,male cosmetics,grapes,brown bread
other vegetables,soda,root vegetables,flower soil/fertilizer,meat,shopping bags,processed cheese
tropical fruit,sausage,beef,yogurt,long life bakery product,cream cheese,processed cheese
chicken,other vegetables,bathroom cleaner,grapes,fruit/vegetable juice,soda
brown bread,sausage,yogurt,butter milk,canned beer,frozen vegetables,curd,cake bar
sausage,other vegetables,frankfurter,coffee,pastry,bottled water,soda,whole milk
hamburger meat,yogurt,curd cheese,frozen meals,mustard,soda,white wine,butter
pork,meat,whole milk,salty snack,frozen potato products,processed cheese,rolls/buns
sausage,frankfurter,grapes,dog food,misc. beverages,napkins,artif. sweetener
soda,other vegetables,bottled water,white bread,frozen meals,onions,bottled beer,margarine
sweet spreads,berries,butter milk,pip fruit,soda,other vegetables,fruit/vegetable juice,whole milk
pastry,rolls/buns,sliced cheese,tropical fruit,liquor,hygiene articles,dental care,napkins
other vegetables,beverages,fruit/vegetable juice,prosecco,ice cream,soda,root vegetables
root vegetables,flour,female sanitary products,packaged fruit/vegetables,brown bread,rolls/buns,sauces
whipped/sour cream,frankfurter,rolls/buns,citrus fruit,candy,bottled beer,yogurt,whole milk
whole milk,UHT-milk,canned beer,coffee,house keeping products,other vegetables,pip fruit
whole milk,citrus fruit,pip fruit,butter,grapes,ice cream,margarine,whipped/sour cream
citrus fruit,other vegetables,pip fruit,pork,soda,yogurt,herbs,red/blush wine
other vegetables,whole milk,rolls/buns,bottled water,yogurt
pork,bottled beer,beef,other vegetables,chocolate,snack products,frozen vegetables
pip fruit,onions,frozen fish,meat,semi-finished bread,root vegetables,bottled water,whipped/sour cream
bottled beer,whole milk,soda,soft cheese,shopping bags,sugar
other vegetables,cookware,canned beer,frozen vegetables,butter,ice cream,bottled water
whole milk,beef,tropical fruit,domestic eggs,coffee,other vegetables
pastry,chicken,packaged fruit/vegetables,tropical fruit,pasta,photo/film,sugar
sausage,rolls/buns,sweet spreads,instant coffee,fruit/vegetable juice,long life bakery product,shopping bags
sausage,baking powder,canned beer,brandy,white bread,curd,bottled beer
salty snack,rolls/buns,butter,tropical fruit,pastry,root vegetables,fruit/vegetable juice,semi-finished bread
dessert,long life bakery product,berries,sausage,grapes,frozen meals,candy,soda
pork,cookware,root vegetables,canned beer,whole milk,bottled water,oil
frankfurter,pip fruit,meat,coffee,other vegetables,shopping bags,brown bread,curd
butter,citrus fruit,brown bread,pork,shopping bags,hygiene articles,dessert,whole milk
other vegetables,hamburger meat,citrus fruit,dish cleaner,coffee,mayonnaise,newspapers
liver loaf,chicken,whole milk,canned beer,fruit/vegetable juice,frozen dessert,light bulbs,condensed milk
frankfurter,beef,soda,rolls/buns,pastry,bottled water,ketchup
whole milk,soda,root vegetables,pastry,specialty fat,bottled water,napkins,tropical fruit
frankfurter,ham,tropical fruit,misc. beverages,photo/film,specialty chocolate,frozen fish
root vegetables,citrus fruit,misc. beverages,sliced cheese,packaged fruit/vegetables,yogurt,whipped/sour cream
soda,hygiene articles,grapes,pudding powder,butter milk,butter
butter,citrus fruit,margarine,soda,whole milk,roll products
cat food,bottled beer,beef,brown bread,margarine,rolls/buns
chewing gum,photo/film,yogurt,long life bakery product,soda,whole milk
berries,soda,butter,other vegetables,white bread,cream cheese
other vegetables,sausage,rolls/buns,domestic eggs,waffles,whole milk
yogurt,whole milk,ham,citrus fruit,frozen vegetables
tropical fruit,citrus fruit,frankfurter,spices,butter milk,UHT-milk
whole milk,root vegetables,rolls/buns,whipped/sour cream
curd,brown bread,whole milk,chewing gum
whole milk,hamburger meat,detergent,pickled vegetables
bottled water,frankfurter,curd,butter milk
soda,beef,bottled beer
sausage,root vegetables,brown bread,soda
oil,butter milk,cling film/bags,pastry
hamburger meat,sausage,grapes,soda
onions,tropical fruit,shopping bags,other vegetables
pork,canned beer,whole milk,rolls/buns
pip fruit,sausage,shopping bags
pork,soda,other vegetables,ice cream
citrus fruit,tropical fruit,butter,ham
yogurt,tropical fruit,bottled water
frankfurter,whole milk,shopping bags,rolls/buns
frankfurter,meat,roll products,pip fruit
brown bread,beef,bottled beer,specialty fat
root vegetables,chewing gum,chocolate,bottled beer
dish cleaner,ice cream,jam,newspapers
yogurt,other vegetables,red/blush wine,domestic eggs
sausage,frozen dessert,brown bread,other vegetables
sauces,rolls/buns,soda,whipped/sour cream
brown bread,tropical fruit,berries
citrus fruit,sausage,rolls/buns,frozen potato products
cream cheese,fruit/vegetable juice,whole milk,shopping bags
beverages,whole milk,butter milk,fruit/vegetable juice
curd,grapes,soups,whole milk
ice cream,rolls/buns,bottled beer,canned beer
hard cheese,other vegetables,whole milk,zwieback
detergent,ham,whole milk,pip fruit
bottled water,yogurt,newspapers,soda
soda,sausage,yogurt,root vegetables
pip fruit,cookware,rolls/buns,whole milk
whole milk,pastry,margarine
waffles,beverages,curd
sausage,bottled beer,whole milk,frozen vegetables
chicken,tropical fruit,citrus fruit,yogurt
beverages,tropical fruit,rolls/buns,curd cheese
ice cream,whole milk,margarine
butter,shopping bags
beverages,waffles
frankfurter,bottled water
detergent,pot plants
sausage,tropical fruit
chicken,UHT-milk
yogurt,whole milk
whole milk,frozen potato products
yogurt,rolls/buns
whipped/sour cream,other vegetables
whole milk,tropical fruit
citrus fruit,roll products
whole milk,ice cream
citrus fruit,sweet spreads
pork,domestic eggs
beverages,oil
UHT-milk,rolls/buns
beef,pastry
other vegetables,sugar
whole milk,white wine
frankfurter,soda
yogurt,napkins
canned beer,other vegetables
canned beer,fruit/vegetable juice
other vegetables,pip fruit
frankfurter,rolls/buns
canned beer,rolls/buns
pork,citrus fruit
frankfurter,sliced cheese
chocolate,whole milk
citrus fruit,other vegetables
specialty fat,condensed milk
spread cheese,shopping bags
whole milk,whipped/sour cream
whole milk,newspapers
whole milk,whipped/sour cream
hygiene articles,other vegetables
beef,whole milk
meat,coffee
beef,whipped/sour cream
pip fruit,white wine
other vegetables,yogurt
hamburger meat,whipped/sour cream
rolls/buns,sugar
instant coffee,chewing gum
canned beer,butter
pork,whipped/sour cream
pork,root vegetables
tropical fruit,beverages
whole milk,cream cheese
frankfurter,dog food
beverages,UHT-milk
pip fruit,specialty fat
pip fruit,canned beer
frankfurter,berries
sausage,semi-finished bread
long life bakery product,rolls/buns
bottled water,pastry
beef,cat food
domestic eggs,shopping bags
oil,citrus fruit
meat,photo/film
processed cheese,root vegetables
sausage,male cosmetics
citrus fruit,whole milk
frozen vegetables,coffee
sausage,yogurt
pastry,other vegetables
pork,rolls/buns
berries,canned fish
whole milk,onions
ham,rolls/buns
packaged fruit/vegetables,pip fruit
packaged fruit/vegetables,house keeping products
rolls/buns
whole milk,brown bread
whole milk,tropical fruit
sausage,yogurt
white bread,specialty chocolate
rolls/buns,female sanitary products
bottled water,rolls/buns
other vegetables,sliced cheese
frankfurter,other vegetables
frankfurter,hard cheese
frankfurter,sliced cheese
rolls/buns,canned beer
sausage,seasonal products
brown bread,domestic eggs
UHT-milk,pip fruit
pip fruit,bottled beer
whole milk,soda
processed cheese,whole milk
hamburger meat,newspapers
beef,other vegetables
whole milk
hamburger meat,yogurt
pasta,tropical fruit
tropical fruit,other vegetables
whole milk,newspapers
sausage,herbs
rolls/buns,white bread
sliced cheese,pip fruit
rolls/buns,soda
sausage,beverages
pastry,whole milk
rolls/buns,mayonnaise
pork,shopping bags
other vegetables,whole milk
domestic eggs,root vegetables
ham,whole milk
soda,root vegetables
specialty chocolate,butter milk
pork,rolls/buns
other vegetables,whole milk
onions,tropical fruit
tropical fruit,soda
pip fruit,margarine
sausage,pickled vegetables
rolls/buns,butter milk
hamburger meat,grapes,candy
citrus fruit,other vegetables,brown bread
whole milk,curd,yogurt
root vegetables,soda,coffee
chewing gum,other vegetables,pip fruit
beef,liquor,specialty cheese
rolls/buns,margarine,soda
citrus fruit,other vegetables,yogurt
snack products,mayonnaise,bottled water
sausage,rolls/buns,waffles
mustard,sugar,baking powder
sausage,whole milk,rolls/buns
frozen meals,other vegetables,specialty chocolate
sausage,onions,mustard
spread cheese,yogurt,frozen vegetables
sausage,pip fruit,chocolate
herbs,tropical fruit,whole milk
tropical fruit,butter milk,brown bread
frankfurter,bottled water,pickled vegetables
domestic eggs,whole milk,artif. sweetener
sausage,root vegetables,soda
citrus fruit,fruit/vegetable juice,pickled vegetables
pip fruit,whole milk
onions,whipped/sour cream,red/blush wine
frankfurter,baking powder,shopping bags
shopping bags,red/blush wine,butter
bottled beer,curd,kitchen towels
frankfurter,pastry,salt
whole milk,sliced cheese,shopping bags
soda,salty snack,candy
beef,pastry,specialty chocolate
bottled water,specialty bar,curd
sausage,pasta,bottled water
ice cream,yogurt,oil
tropical fruit,pip fruit,prosecco
whole milk,domestic eggs,chocolate marshmallow
yogurt,other vegetables,soft cheese
herbs,pot plants,cake bar
whole milk,bottled water,waffles
meat,rolls/buns,pastry
frankfurter,hard cheese,bottled beer
citrus fruit,butter,chocolate
canned beer,napkins,specialty bar
chicken,soda,shopping bags
yogurt,whole milk,shopping bags
beef,whole milk,candy
whipped/sour cream,butter milk,shopping bags
pip fruit,soda,jam
frankfurter,pip fruit,hygiene articles
soda,white wine,processed cheese
pip fruit,shopping bags,yogurt
citrus fruit,soda,white bread
whole milk,domestic eggs
root vegetables,misc. beverages,frozen dessert
sausage,pastry,ice cream
liver loaf,newspapers,white wine
soda,dessert,shopping bags
root vegetables,whole milk,newspapers
other vegetables,napkins,white wine
tropical fruit,whole milk
butter,seasonal products,fruit/vegetable juice
sausage,bottled water,brown bread
butter,misc. beverages,shopping bags
whole milk,rolls/buns,soda
other vegetables,pip fruit,white bread
whole milk,soda,other vegetables
white bread,rolls/buns,whipped/sour cream
pork,tropical fruit,seasonal products
whipped/sour cream,rolls/buns,soda
yogurt,root vegetables,oil
butter milk,zwieback,pot plants
yogurt,bottled beer,napkins
other vegetables,newspapers,waffles
pastry,coffee,newspapers
yogurt,bags
citrus fruit,whole milk,rolls/buns
condensed milk,processed cheese,rolls/buns
root vegetables,domestic eggs,chocolate
other vegetables,pip fruit,fruit/vegetable juice
citrus fruit,rolls/buns,salt
frankfurter,butter,mustard
sausage,curd,meat spreads
other vegetables,popcorn,butter
herbs,yogurt,newspapers
ham,other vegetables,napkins
root vegetables,frozen vegetables,misc. beverages
soda,zwieback,pastry
sausage,whole milk,yogurt
frankfurter,oil,soda
bottled water,soda
meat,bottled water,soda
ham,whole milk,artif. sweetener
sugar,whole milk,ketchup
chicken,margarine,yogurt
UHT-milk,ice cream,specialty bar
beef,butter,brown bread
ham,other vegetables,napkins
rolls/buns,whole milk,shopping bags
citrus fruit,pastry,salt
citrus fruit,dish cleaner,margarine
cat food,pip fruit,white bread
hard cheese,butter milk,long life bakery product
frankfurter,whole milk,margarine
bottled beer,cream cheese,chocolate
yogurt,whole milk,abrasive cleaner
frankfurter,whipped/sour cream,cat food
rolls/buns,domestic eggs,bottled water
whole milk,rolls/buns,instant coffee
meat,beef,curd
curd,soda,whole milk
beverages,root vegetables,frozen meals
frankfurter,other vegetables,sugar
sausage,coffee,female sanitary products
sausage,domestic eggs,frozen meals
meat,rolls/buns,soda
sausage,newspapers
whole milk,pasta,whipped/sour cream
canned beer,yogurt,bottled water
frankfurter,sliced cheese,sugar
long life bakery product,citrus fruit,rolls/buns
pork,frozen potato products,curd cheese
pip fruit,soda,detergent
bottled beer,rolls/buns,waffles
pork,whipped/sour cream,dishes
bottled water,frozen dessert,root vegetables
whole milk,pot plants,domestic eggs
curd,whole milk,bottled water
tropical fruit,turkey,salty snack
pip fruit,frozen vegetables,abrasive cleaner
chicken,citrus fruit,sugar
whole milk,root vegetables,newspapers
citrus fruit,yogurt,rolls/buns
canned beer,sliced cheese,margarine
pip fruit,specialty bar,chocolate
photo/film,root vegetables,newspapers
root vegetables,yogurt,canned vegetables
frankfurter,curd,coffee
yogurt,root vegetables,waffles
UHT-milk,tropical fruit
organic sausage,other vegetables
whole milk,dessert
meat,whole milk
pork,long life bakery product
coffee,soda
soft cheese,semi-finished bread
sausage,pot plants
sausage,meat
finished products,spread cheese
whole milk
curd,whole milk
coffee,whole milk
tropical fruit,whole milk
soda,brown bread
whole milk,root vegetables
bottled beer,pastry
oil,whole milk
hamburger meat,whole milk
yogurt,butter
pork,yogurt
frankfurter,bottled water
sausage,chocolate
canned beer,napkins
frankfurter,Instant food products
beef,brown bread
yogurt,specialty cheese
long life bakery product,other vegetables
other vegetables,fruit/vegetable juice
pastry,shopping bags
sausage,fruit/vegetable juice
canned beer,curd
sausage,bottled beer
canned beer,sugar
finished products,bottled beer
other vegetables,frozen vegetables
pork,specialty chocolate
beef,yogurt
specialty bar,other vegetables
canned beer,fish
bottled beer,whole milk
ham,whole milk
tropical fruit,specialty chocolate
chicken,waffles
pork,soda
yogurt,bottled beer
chicken,soda
sausage,soda
hard cheese,butter
long life bakery product,soda
chicken,pastry
frankfurter,whole milk
pastry,onions
shopping bags,frozen meals
tropical fruit,fruit/vegetable juice
frozen meals,beef
whole milk,white bread
pork,pip fruit
hamburger meat,bottled water
other vegetables,yogurt
domestic eggs,whipped/sour cream
hamburger meat,cream cheese
berries,fruit/vegetable juice
pastry,ketchup
sausage,bottled water
frozen vegetables,dessert
dessert,other vegetables
pip fruit,fruit/vegetable juice
liver loaf,other vegetables
root vegetables,citrus fruit
root vegetables,fruit/vegetable juice
other vegetables,bottled water
chicken,oil
rolls/buns,pastry
butter milk,whipped/sour cream
butter milk,other vegetables
onions,waffles
ham,chicken
coffee,whole milk
chicken,bottled water
whole milk,onions
frankfurter,fruit/vegetable juice
citrus fruit,specialty bar
tropical fruit,soda
citrus fruit,yogurt
whole milk,yogurt
canned beer,beef
canned beer,seasonal products
citrus fruit,shopping bags
chicken,pastry
canned beer,soda
sugar,berries
pork,yogurt
rolls/buns,long life bakery product
whole milk,whipped/sour cream
rolls/buns,domestic eggs
mayonnaise,pet care
rolls/buns,shopping bags
pork,spread cheese
citrus fruit,white bread
beverages,chocolate marshmallow
napkins,dessert
canned beer,whole milk
soda,other vegetables
bottled beer,other vegetables
sausage,white wine
sausage,beverages
rolls/buns,baking powder
tropical fruit,white bread
frankfurter,rolls/buns
sausage,pip fruit
sausage,whole milk
whole milk,whipped/sour cream
root vegetables,sweet spreads
sausage,soda
root vegetables,baking powder
tropical fruit,whole milk
hamburger meat,soft cheese
meat,canned fish
soda,candy
frankfurter,newspapers
other vegetables,coffee
whole milk,brown bread
pastry,dish cleaner
canned beer,soda
canned beer,other vegetables
condensed milk,whole milk
ham,chocolate
cream cheese,rolls/buns
pork,pastry
pastry,whole milk
citrus fruit,whipped/sour cream
meat,other vegetables
soda,rolls/buns
yogurt,other vegetables
whipped/sour cream,other vegetables
sausage,finished products
canned beer,yogurt
root vegetables,soft cheese
pastry,whipped/sour cream
rolls/buns,soda
rolls/buns,bottled beer
frankfurter,curd
sausage,yogurt
liquor,sweet spreads
yogurt,canned beer
frankfurter,rolls/buns
ham,yogurt
chocolate,other vegetables
bottled beer,Instant food products
chicken,whole milk
specialty cheese,other vegetables
frankfurter,pip fruit
pip fruit,root vegetables
canned beer,citrus fruit
pork,other vegetables
canned beer,cake bar
beef,soda
rolls/buns,curd
dental care,soda
sausage,other vegetables
rolls/buns,other vegetables
whole milk,chocolate
beef,other vegetables
ham,other vegetables
finished products,whole milk
dessert,tropical fruit
rolls/buns,pip fruit
sausage,beverages
citrus fruit,frozen vegetables
whole milk,bottled water
whole milk,pip fruit
sausage,frozen meals
root vegetables,ice cream
organic sausage,bottled water
pork,napkins
dessert,domestic eggs
canned beer,whole milk
citrus fruit
hamburger meat,newspapers
citrus fruit,whole milk
other vegetables,curd
canned beer,onions
rolls/buns,tropical fruit
ham,waffles
beverages,pastry
whole milk,yogurt
canned beer,canned fish
frankfurter,coffee
whole milk,specialty cheese
citrus fruit,butter
frankfurter,sliced cheese
frankfurter,whole milk
yogurt
whipped/sour cream,meat spreads
candy,specialty cheese
frankfurter,herbs
chicken,tropical fruit
sausage,margarine
brown bread,soda
pip fruit,hard cheese
bottled water,butter milk
chicken,brown bread
sausage,bottled beer
chicken,whipped/sour cream
pork,white wine
ham,whole milk
citrus fruit,whole milk
rolls/buns,waffles
tropical fruit,hard cheese
other vegetables,specialty chocolate
other vegetables,citrus fruit
photo/film,whipped/sour cream
pork,frozen vegetables
pastry,sliced cheese
frankfurter,root vegetables
rolls/buns,yogurt
berries,pip fruit
photo/film,other vegetables
photo/film,shopping bags
whole milk,other vegetables
waffles,pasta
sausage,whole milk
hamburger meat,white bread
canned beer,rolls/buns
other vegetables,pudding powder
chicken,hygiene articles
ice cream,bottled beer
pork,whipped/sour cream
citrus fruit,yogurt
frozen meals,dessert
ham,UHT-milk
hamburger meat,salty snack
soda,misc. beverages
frankfurter,dessert
canned beer,pip fruit
frozen meals,whole milk
whole milk,liquor (appetizer)
misc. beverages,oil
canned beer,hard cheese
root vegetables,butter milk
sausage,pasta
canned beer,whole milk
tropical fruit,cling film/bags
pastry,frozen vegetables
sausage,rolls/buns
canned beer,tropical fruit
soda,pastry
canned beer,whipped/sour cream
cat food,other vegetables
sausage,other vegetables
bottled water,yogurt
soda,fruit/vegetable juice
rolls/buns,cat food
pork,brown bread
frozen meals,bottled water
soda,root vegetables
pastry,root vegetables
shopping bags,whole milk
brown bread,yogurt
yogurt,rolls/buns
bottled beer,soda
pip fruit,flour
hamburger meat,root vegetables
long life bakery product,bottled water
ham,berries
butter,sugar
whole milk,other vegetables
dessert,meat
photo/film,bottled water
bags,other vegetables
rolls/buns,hygiene articles
brown bread,bottled water
beef,pip fruit
dessert,soda
misc. beverages,spread cheese
sugar,shopping bags
sausage,whole milk
whole milk,whipped/sour cream
sausage,frozen vegetables
canned beer,domestic eggs
citrus fruit,berries
sausage,oil
whole milk,bottled beer
pip fruit,napkins
frankfurter,grapes,salt,napkins,soda
citrus fruit,bottled beer,rolls/buns,hygiene articles,softener
misc. beverages,instant coffee,soda,tropical fruit,cling film/bags
frankfurter,berries,bottled water,processed cheese,pickled vegetables
chocolate,citrus fruit,bottled beer,bottled water,red/blush wine
ham,beef,bottled water,citrus fruit,dishes
frankfurter,yogurt,other vegetables,herbs,male cosmetics
brown bread,frozen meals,herbs,whole milk,hard cheese
rolls/buns,tropical fruit,bottled beer,UHT-milk,newspapers
pip fruit,citrus fruit,other vegetables,white wine,frozen vegetables
sausage,salty snack,brown bread,white bread,candles
root vegetables,soda,specialty bar,other vegetables,frozen vegetables
pork,beef,canned beer,newspapers,fruit/vegetable juice
whole milk,citrus fruit,long life bakery product,salty snack,chocolate
beverages,sausage,whole milk,citrus fruit
tropical fruit,root vegetables,rolls/buns,onions,shopping bags
specialty chocolate,frankfurter,citrus fruit,candy,brown bread
pastry,curd,butter,whipped/sour cream
cat food,curd,bottled water,frozen vegetables,tea
chicken,whole milk,curd,frozen meals,beverages
bottled beer,whole milk,tropical fruit,house keeping products
whipped/sour cream,onions,other vegetables,yogurt,rolls/buns
long life bakery product,whole milk,pip fruit,pork,frozen dessert
beef,root vegetables,frozen potato products,butter,newspapers
salty snack,pip fruit,chicken,rolls/buns,red/blush wine
other vegetables,beef,soda,curd,butter
meat,citrus fruit,chocolate,pastry,rolls/buns
fish,sausage,other vegetables,soda,rolls/buns
whole milk,ice cream,soda,yogurt,spices
detergent,ice cream,hamburger meat,soda,sugar
hamburger meat,tropical fruit,bottled water,whipped/sour cream,flour
whole milk,tropical fruit,other vegetables,yogurt,domestic eggs
beef,sparkling wine,butter milk,misc. beverages,pastry
frozen meals,sausage,flour,curd,whipped/sour cream
pip fruit,tropical fruit,rolls/buns
yogurt,long life bakery product,onions,hygiene articles,sugar
rolls/buns,whole milk,napkins,fruit/vegetable juice,mustard
whole milk,ham,other vegetables,rum,canned beer
ham,frankfurter,bottled water,shopping bags,specialty cheese
frozen meals,rolls/buns,canned beer,coffee,soda
ice cream,hamburger meat,shopping bags,whole milk,soft cheese
pork,condensed milk,bottled beer,other vegetables,candy
chewing gum,whole milk,white bread,dishes
tropical fruit,bottled beer,other vegetables,meat,roll products
whole milk,sausage,yogurt,other vegetables,misc. beverages
whole milk,white bread,canned beer,brown bread,fruit/vegetable juice
bottled water,other vegetables,spread cheese,yogurt,specialty bar
sausage,whole milk,canned fruit,cake bar
whole milk,beef,rolls/buns,curd,white bread
whole milk,berries,bottled water,curd,napkins
whole milk,beef,whipped/sour cream,curd cheese
pork,whole milk,other vegetables,tidbits,coffee
curd,frankfurter,white bread,pip fruit,waffles
dessert,tropical fruit,pip fruit,hard cheese,specialty fat
waffles,whole milk,shopping bags,flour
onions,citrus fruit,white bread,dessert,shopping bags
misc. beverages,dessert,spread cheese,onions,coffee
shopping bags,whole milk,cling film/bags,bottled beer,newspapers
white wine,pastry,hard cheese,coffee,hygiene articles
frankfurter,curd cheese,chocolate,pastry,soda
white bread,other vegetables,whipped/sour cream,UHT-milk,margarine
pork,male cosmetics,pastry,chewing gum,brandy
other vegetables,frozen dessert,waffles,soda
pork,finished products,ice cream,shopping bags,rolls/buns
berries,other vegetables,fruit/vegetable juice,whole milk,specialty bar
frankfurter,fruit/vegetable juice,hard cheese,whole milk,rolls/buns
root vegetables,berries,coffee,bottled beer,rice
finished products,other vegetables,misc. beverages,coffee,rolls/buns
bottled water,roll products,butter,coffee,rum
margarine,sausage,snack products,butter,whipped/sour cream
soda,beef,other vegetables,flour
hamburger meat,tropical fruit,beverages,yogurt,soda
root vegetables,sausage,hamburger meat,rum,house keeping products
root vegetables,specialty chocolate,frozen vegetables,canned beer,frozen fish
soda,bottled water,whole milk,other vegetables,hygiene articles
canned beer,sausage,butter,other vegetables,salty snack
frozen fish,whole milk,tropical fruit,butter,coffee
beverages,sugar,pasta,domestic eggs
pip fruit,pastry,rolls/buns,chocolate,soda
pot plants,grapes,brown bread,other vegetables,kitchen towels
pork,citrus fruit,chocolate marshmallow,white bread,whipped/sour cream
fruit/vegetable juice,citrus fruit,pastry,tropical fruit,margarine
fruit/vegetable juice,meat,whole milk,root vegetables,frozen meals
fruit/vegetable juice,salty snack,candy,dental care,butter
tropical fruit,finished products,whole milk,fruit/vegetable juice,rolls/buns
yogurt,bottled beer,rolls/buns,sugar
canned beer,ice cream,newspapers,pastry,bottled beer
cream cheese,tropical fruit,bottled water,soda,specialty bar
bottled water,margarine,onions,other vegetables,whole milk
sausage,soda,pastry,flower (seeds),newspapers
soda,sausage,UHT-milk,rolls/buns
newspapers,beverages,beef,chocolate,kitchen towels
whole milk,whipped/sour cream,yogurt
pot plants,tropical fruit,pip fruit,whole milk,semi-finished bread
yogurt,herbs,pastry,whipped/sour cream,canned fish
roll products,whole milk,tropical fruit,rolls/buns
soft cheese,yogurt,hard cheese,coffee,roll products
frozen meals,hamburger meat,whole milk,pastry,fruit/vegetable juice
ice cream,pip fruit,root vegetables,rolls/buns,long life bakery product
frankfurter,frozen potato products,newspapers,softener,abrasive cleaner
meat,whole milk,brown bread,shopping bags,waffles
soda,whole milk,specialty bar,bottled water
butter milk,sausage,UHT-milk,yogurt,canned beer
frozen potato products,female sanitary products,whole milk,other vegetables,fruit/vegetable juice
other vegetables,beef,tropical fruit,root vegetables,shopping bags
frankfurter,sausage,yogurt,soda,coffee
misc. beverages,sausage,root vegetables,liquor (appetizer),coffee
sausage,tropical fruit,frozen vegetables,other vegetables,shopping bags
butter,frankfurter,root vegetables,butter milk,vinegar
frankfurter,beef,red/blush wine,whole milk,frozen dessert
bottled water,curd,domestic eggs,yogurt,newspapers
kitchen towels,bottled water,citrus fruit,butter,hygiene articles
other vegetables,yogurt,whole milk,butter,shopping bags
butter,root vegetables,bottled water,whipped/sour cream,red/blush wine
sausage,sliced cheese,yogurt,pastry,hygiene articles
frankfurter,pip fruit,whole milk,candy
liver loaf,chicken,rolls/buns,spread cheese,shopping bags
white wine,ham,whole milk,coffee,bottled water
frankfurter,specialty chocolate,brown bread,herbs,rolls/buns
meat,fish,meat spreads,abrasive cleaner,margarine
canned beer,detergent,root vegetables,butter milk
chicken,rolls/buns,liquor (appetizer),pip fruit,hygiene articles
other vegetables,sausage,whole milk,butter milk,packaged fruit/vegetables
pip fruit,coffee,whole milk,pastry,seasonal products
other vegetables,frankfurter,rolls/buns,coffee,ice cream
yogurt,sausage,pip fruit,curd
root vegetables,whole milk,newspapers,bottled water
shopping bags,dessert,other vegetables,bottled water,margarine
UHT-milk,pip fruit,specialty chocolate,chewing gum,canned fruit
whole milk,sausage,yogurt,butter
hamburger meat,whole milk,rolls/buns,yogurt,frozen vegetables
frozen vegetables,salty snack,other vegetables,curd,hygiene articles
root vegetables,sausage,other vegetables,long life bakery product
sausage,bottled beer,photo/film,margarine,whipped/sour cream
whole milk,sweet spreads,pip fruit,bottled water,mustard
beef,pip fruit,bottled water,margarine,hygiene articles
sausage,pork,pip fruit,other vegetables,hard cheese
pork,beverages,brown bread,Instant food products,margarine
bottled beer,whole milk,citrus fruit,other vegetables,soft cheese
salty snack,tropical fruit,bottled beer,rolls/buns,chocolate
bottled beer,frankfurter,pastry,sliced cheese,frozen vegetables
soda,sweet spreads,bottled beer,frozen meals,pasta
bottled water,soups,newspapers,root vegetables,shopping bags
frankfurter,soda,whole milk,flour
tropical fruit,root vegetables,candy,yogurt,rolls/buns
canned beer,whole milk,frozen vegetables,cream cheese,spread cheese
chicken,citrus fruit,whole milk,berries,instant coffee
citrus fruit,whole milk,rolls/buns,pastry,whipped/sour cream
curd,soda,sugar,specialty chocolate,artif. sweetener
citrus fruit,sausage,domestic eggs,dishes
citrus fruit,whipped/sour cream,onions,other vegetables,butter
other vegetables,frankfurter,rolls/buns,shopping bags
bottled water,other vegetables,pastry,rolls/buns,domestic eggs
chicken,bottled beer,soda,domestic eggs,other vegetables
waffles,pip fruit,whole milk,beef,yogurt
curd,citrus fruit,rolls/buns,other vegetables,dessert
oil,whipped/sour cream,specialty cheese,soda,beverages
berries,whipped/sour cream,other vegetables,newspapers
frankfurter,other vegetables,whole milk,ready soups,brandy
pork,tropical fruit,dessert,meat spreads,whole milk
tropical fruit,long life bakery product,soda
frankfurter,specialty bar,whole milk,rice,dishes
specialty cheese,meat,cat food,bottled beer,newspapers
citrus fruit,soda,butter,bottled water,bottled beer
bottled beer,yogurt,pastry,butter,shopping bags
other vegetables,frankfurter,newspapers,spread cheese
frankfurter,ham,white wine,detergent,popcorn
canned beer,organic products,whole milk,frozen dessert,misc. beverages
citrus fruit,canned beer,waffles,chocolate,dish cleaner
other vegetables,frozen meals,rolls/buns,canned beer,white bread
citrus fruit,other vegetables,fruit/vegetable juice,specialty bar,canned beer
whole milk,sausage,pastry,spices,soda
soda,sausage,whole milk,beverages,shopping bags
other vegetables,frankfurter,newspapers,whole milk,pastry
pip fruit,male cosmetics,dishes,dessert,rice
canned beer,frozen meals,beef,coffee
tropical fruit,whole milk,dish cleaner,yogurt,newspapers
root vegetables,UHT-milk,spread cheese,shopping bags
other vegetables,misc. beverages,root vegetables,curd,dessert
root vegetables,fruit/vegetable juice,berries,newspapers,chewing gum
bottled water,root vegetables,rolls/buns,whole milk,coffee
whole milk,frankfurter,curd,canned vegetables
root vegetables,grapes,brandy,pickled vegetables,pastry
tropical fruit,grapes,whole milk,pastry,white bread
butter,bottled beer,canned beer,chewing gum,fruit/vegetable juice
flower soil/fertilizer,rolls/buns,yogurt,ice cream,whipped/sour cream
pasta,rolls/buns,margarine,canned fish,yogurt
other vegetables,curd,tropical fruit,brown bread,bottled beer
other vegetables,sausage,onions,whole milk,chocolate
beef,frankfurter,root vegetables,specialty fat,domestic eggs
root vegetables,liver loaf,white bread,domestic eggs,cream cheese
whole milk,canned beer,specialty bar,sugar,detergent
pork,soft cheese,rolls/buns,butter milk,butter
beef,pork,margarine,fruit/vegetable juice
specialty bar,tropical fruit,yogurt,bottled beer,baking powder
salty snack,pip fruit,photo/film,domestic eggs,rolls/buns
sausage,citrus fruit,red/blush wine,frozen vegetables,cream
tropical fruit,meat,pip fruit,salt,pot plants
canned beer,shopping bags,rolls/buns,yogurt,butter milk
pip fruit,hamburger meat,brown bread,cream cheese,curd
turkey,root vegetables,other vegetables,berries,salty snack
other vegetables,beef,tropical fruit,brown bread,cat food
sausage,canned beer,newspapers,tropical fruit
frankfurter,whipped/sour cream,citrus fruit,whole milk,dishes
citrus fruit,tropical fruit,soda,coffee,domestic eggs
chicken,other vegetables
citrus fruit,beef
flour,soda
baking powder,root vegetables
finished products,domestic eggs
frankfurter,pork
chicken,ice cream
chicken,bottled beer
sausage,misc. beverages
beef,misc. beverages
whole milk,margarine
sausage,cream
other vegetables,oil
onions,other vegetables
sausage,rolls/buns
frankfurter,other vegetables
zwieback,frozen vegetables
chicken,pip fruit
frankfurter,condensed milk
whole milk,pastry
frozen fish,whole milk
berries,margarine
chicken,herbs
onions,other vegetables
beef,bottled beer
root vegetables,domestic eggs
soda,pip fruit
whole milk
citrus fruit,frozen vegetables
sausage,other vegetables
sparkling wine,butter
UHT-milk,beverages
soda
curd,domestic eggs
whole milk,pasta
frankfurter,whole milk
chocolate,whipped/sour cream
other vegetables,newspapers
coffee,root vegetables
tropical fruit,mustard
beef,flower (seeds)
whipped/sour cream,curd
tropical fruit,cream cheese
UHT-milk,margarine
root vegetables,frozen vegetables
frankfurter,root vegetables
pip fruit,other vegetables
pip fruit,pasta
whipped/sour cream,chicken
canned beer,pasta
oil,sparkling wine
white bread,shopping bags
soda,spread cheese
hygiene articles,dessert
bottled beer,pork
dessert,rolls/buns
cereals,frozen vegetables
canned beer,beverages
frankfurter,shopping bags
sausage,soda
UHT-milk,other vegetables
misc. beverages,rolls/buns
baking powder,soda
bottled water,newspapers
meat,beverages
bottled water,frozen meals
pork,liquor
tropical fruit,pastry
citrus fruit,brown bread
rolls/buns,pip fruit
meat spreads,bottled beer
brown bread,waffles
bottled water,salty snack
frankfurter,whole milk
pork,rolls/buns
yogurt,salt
soda,rolls/buns
canned beer,newspapers
pastry,root vegetables
citrus fruit,red/blush wine
citrus fruit,white wine
sausage,specialty bar
decalcifier,root vegetables
sausage,pot plants
beef,long life bakery product
hamburger meat,yogurt
mayonnaise,decalcifier
fruit/vegetable juice,pasta
finished products,rolls/buns
chicken,canned beer
whole milk,rolls/buns
ham,other vegetables
liquor,sugar
canned beer,rolls/buns
dog food,white bread
citrus fruit,specialty chocolate
tropical fruit,spread cheese
beef,semi-finished bread
photo/film,other vegetables
chicken,organic products
sausage,bottled beer
whole milk,hard cheese
meat,frozen potato products
whole milk,bottled beer
beef,instant coffee
ham,canned vegetables
sausage,other vegetables
sausage,other vegetables
ham,candy
pork,citrus fruit
canned beer,liquor
chicken,sugar
beef,tropical fruit
yogurt,tropical fruit
tropical fruit,oil
chicken,coffee
flower soil/fertilizer,whole milk
other vegetables,rolls/buns
frozen vegetables,beef
margarine,bottled water
meat,margarine
meat,domestic eggs
pip fruit
ham,other vegetables
beef,root vegetables
other vegetables,liquor
ham,processed cheese
yogurt,dessert
other vegetables,processed cheese
whole milk,rolls/buns
root vegetables,soda
frankfurter,butter milk
bottled beer,other vegetables
hamburger meat,whole milk
sausage,whole milk
chicken,salty snack
dishes,tropical fruit
pork,whole milk
frankfurter,packaged fruit/vegetables
napkins,mustard
root vegetables,whole milk
chicken,curd
frankfurter,ice cream
canned beer,other vegetables
canned beer,brown bread
sausage,bottled beer
frankfurter,waffles
bottled water,onions
other vegetables,herbs
rolls/buns,whole milk
frankfurter,frozen vegetables
sausage,whole milk
frankfurter,whole milk
whole milk,onions
beef,root vegetables
canned beer,rolls/buns
frankfurter,pip fruit
frozen chicken,dessert
pork,other vegetables
tropical fruit,salty snack
other vegetables,cake bar
coffee,whole milk
meat,other vegetables
citrus fruit,yogurt
citrus fruit,yogurt
other vegetables,roll products
beef,other vegetables
dishes,dessert
shopping bags,snack products
tropical fruit,candy
hamburger meat,yogurt
sausage,coffee
whole milk,other vegetables
other vegetables,grapes
ice cream,rolls/buns
turkey,whole milk
pip fruit,citrus fruit
chicken,nuts/prunes
root vegetables,soft cheese
sausage,frozen vegetables
pickled vegetables,other vegetables
frankfurter,cat food
meat,pip fruit
berries,margarine
chewing gum,UHT-milk
specialty chocolate,whole milk
sausage,whole milk
butter milk,margarine
canned beer,specialty chocolate
frankfurter,onions
bottled water,tropical fruit
pork,dental care
bottled beer,pip fruit
soda,semi-finished bread
yogurt,frozen meals
pet care,other vegetables
pork,ice cream
tropical fruit,herbs
organic sausage,semi-finished bread
ham,rum
sausage,dessert
whole milk
frozen fish,coffee
whipped/sour cream,soda
pork,mayonnaise
UHT-milk,tropical fruit
misc. beverages,tea
specialty chocolate,butter milk
sausage,yogurt
frozen meals,bottled water
specialty chocolate,other vegetables
whole milk,specialty bar
whole milk,butter
pip fruit,whole milk
frozen meals,tidbits
frankfurter,brown bread
pip fruit,pot plants
rolls/buns,shopping bags
sausage,cream cheese
pet care,spread cheese
instant coffee,berries
other vegetables,soda
herbs,root vegetables
meat,canned beer
pip fruit,specialty bar,long life bakery product
citrus fruit,oil,whole milk
sausage,pip fruit,brown bread
frankfurter,rolls/buns
canned beer,other vegetables,yogurt
canned beer,pastry,butter
other vegetables,meat,salty snack
soda,roll products
soda,other vegetables,dishes
pastry,bottled beer,fruit/vegetable juice
ham,soda,specialty chocolate
frankfurter,other vegetables,cream cheese
soda,yogurt,sliced cheese
whole milk,yogurt,oil
whole milk,root vegetables,detergent
misc. beverages,UHT-milk,white bread
root vegetables,misc. beverages,other vegetables
other vegetables,white bread,whole milk
butter,specialty chocolate,frozen meals
bottled beer,whole milk,shopping bags
whole milk,berries,yogurt
pip fruit,other vegetables,bottled water
male cosmetics,roll products,pastry
bottled water,rolls/buns,popcorn
pastry,liquor (appetizer),sliced cheese
sausage,tropical fruit,curd
pork,pet care,margarine
packaged fruit/vegetables,margarine,napkins
other vegetables,rolls/buns,domestic eggs
misc. beverages,waffles,bottled beer
whole milk,pastry,liquor
pip fruit,white wine,whole milk
liquor,tropical fruit,other vegetables
whole milk,margarine,canned vegetables
canned beer,bottled beer,chocolate
photo/film,beverages,bottled beer
tropical fruit,napkins,whole milk
domestic eggs,vinegar,chocolate
meat,cling film/bags,whipped/sour cream
meat,rolls/buns,root vegetables
pork,pip fruit,chocolate
rolls/buns,root vegetables,specialty chocolate
coffee,whole milk,canned fruit
canned beer,root vegetables,soda
butter milk,sliced cheese,rolls/buns
bottled water,pork,salty snack
organic sausage,soda,rolls/buns
napkins,root vegetables,sliced cheese
organic sausage,grapes,pastry
tropical fruit,pork,newspapers
chocolate marshmallow,yogurt,soda
frankfurter,citrus fruit,whole milk
cling film/bags,UHT-milk,pastry
bottled beer,hamburger meat,other vegetables
citrus fruit,pip fruit,beverages
liquor,bottled beer,other vegetables
brown bread,ice cream,fruit/vegetable juice
ice cream,other vegetables,misc. beverages
newspapers,whole milk,chewing gum
processed cheese,rolls/buns,canned fish
chicken,root vegetables,yogurt
tropical fruit,dishes,other vegetables
whole milk,whipped/sour cream,newspapers
citrus fruit,sauces,long life bakery product
bottled beer,dessert,cling film/bags
sausage,semi-finished bread,coffee
sausage,whipped/sour cream,misc. beverages
pip fruit,other vegetables,cling film/bags
other vegetables,root vegetables,bottled water
sausage,yogurt,baking powder
tropical fruit,rolls/buns,root vegetables
pastry,soda
coffee,packaged fruit/vegetables,pickled vegetables
ham,roll products,brown bread
liquor,yogurt,napkins
sausage,long life bakery product,curd
frozen chicken,herbs,yogurt
frankfurter,shopping bags,rolls/buns
bottled water,fruit/vegetable juice,cat food
canned beer,sliced cheese,cake bar
other vegetables,berries
bottled water,yogurt,whipped/sour cream
berries,whole milk,other vegetables
dessert,berries,mayonnaise
pip fruit,waffles,cat food
pork,yogurt,butter milk
frankfurter,specialty chocolate,pip fruit
bottled water,curd,semi-finished bread
tropical fruit,soda,margarine
pip fruit,butter,soda
tropical fruit,whole milk,long life bakery product
bottled beer,other vegetables,waffles
candles,canned fish,oil
spread cheese,other vegetables,whole milk
pork,soda,canned vegetables
canned beer,napkins,rolls/buns
pork,UHT-milk,frozen fish
beverages,other vegetables,curd
sausage,domestic eggs,sweet spreads
tropical fruit,chicken,waffles
UHT-milk,condensed milk,pastry
soda,coffee,cling film/bags
ham,white bread,long life bakery product
white wine,canned vegetables,flour
UHT-milk,newspapers,salty snack
sausage,domestic eggs
whisky,shopping bags,rum
misc. beverages,whole milk,long life bakery product
white wine,specialty bar,specialty chocolate
soda,flour,pudding powder
margarine,citrus fruit,oil
other vegetables,dishes,newspapers
chicken,yogurt,waffles
other vegetables,butter
sausage,domestic eggs,sugar
pastry,vinegar,salty snack
processed cheese,onions,root vegetables
rolls/buns,whole milk,onions
chicken,coffee,newspapers
berries,cream cheese,other vegetables
frankfurter,whole milk
whole milk,root vegetables,margarine
pip fruit,other vegetables,coffee
soda,packaged fruit/vegetables,butter milk
soda,pip fruit,coffee
yogurt,soda,dessert
pork,detergent,bottled beer
onions,pip fruit,dog food
liquor,rolls/buns,cream cheese
onions,bottled water,pastry
beef,whole milk
rolls/buns,semi-finished bread,fruit/vegetable juice
frankfurter,bottled water,soft cheese
sausage,fruit/vegetable juice,bottled water
whole milk,spread cheese,popcorn
pork,ice cream,yogurt
whole milk,coffee,soft cheese
bottled water,whole milk,rolls/buns
shopping bags,tropical fruit,red/blush wine
citrus fruit,bottled beer,roll products
meat,ham,male cosmetics
sausage,packaged fruit/vegetables,misc. beverages
berries,nut snack,sliced cheese
canned beer,whole milk,other vegetables
chicken,butter milk,sugar
rolls/buns,whipped/sour cream,dishes
hamburger meat,coffee,yogurt
citrus fruit,pastry,rolls/buns
bottled beer,herbs,curd
beef,rum,brown bread
yogurt,coffee
meat,tropical fruit,rolls/buns
pastry,whipped/sour cream,domestic eggs
other vegetables,specialty bar,long life bakery product
tidbits,whole milk,frozen vegetables
potato products,waffles,newspapers
waffles,whole milk,condensed milk
tropical fruit,white wine,oil
whole milk,soft cheese,frozen vegetables
bottled beer,whole milk,other vegetables
soda,bottled water,ice cream
meat,other vegetables,canned beer
pip fruit,candles,rolls/buns
rolls/buns,seasonal products,margarine
frankfurter,ice cream,soda
soda,long life bakery product,pastry
pip fruit,tropical fruit,mustard
rolls/buns,whole milk,other vegetables
onions,waffles,bottled beer
whole milk,soda,shopping bags
pastry,other vegetables,cake bar
ham,cake bar,whole milk
root vegetables,coffee,napkins
photo/film,domestic eggs,cocoa drinks
bottled beer,rolls/buns,soda
dessert,flour
beverages,whole milk,napkins
chicken,berries,soda
whole milk,pastry,fruit/vegetable juice
hard cheese,rolls/buns,white wine
pork,yogurt,whole milk
soda,butter,rolls/buns
yogurt,canned fish,pasta
citrus fruit,margarine,white wine
soda,specialty cheese,candy
frankfurter,red/blush wine,rolls/buns
ice cream,red/blush wine,fruit/vegetable juice
brown bread,skin care,whipped/sour cream
sugar,fruit/vegetable juice,margarine
other vegetables,soda
newspapers,frozen vegetables,long life bakery product
nuts/prunes,butter,brown bread
yogurt,rolls/buns
root vegetables,citrus fruit,soda
chicken,soda,canned fish
other vegetables,frozen dessert,shopping bags
fruit/vegetable juice,frozen vegetables,chocolate
hamburger meat,brown bread,chewing gum
hamburger meat,butter milk,seasonal products
pastry,liquor,shopping bags
root vegetables,whipped/sour cream,chocolate
soda,cleaner,cling film/bags
UHT-milk,frozen vegetables,frozen meals
citrus fruit,bottled water,specialty bar
sausage,butter milk,beverages
condensed milk,yogurt,butter
frozen meals,mayonnaise,whipped/sour cream
dessert,whole milk,waffles
beef,liquor (appetizer),frozen vegetables
pip fruit,herbs,frozen meals
soda,condensed milk,curd
canned beer,dessert,fruit/vegetable juice
mayonnaise,misc. beverages,napkins
sausage,canned beer,kitchen towels
pip fruit,pet care,bottled water
whole milk,frozen vegetables,white wine
tropical fruit,frozen fish,bottled water
pip fruit,whole milk,brown bread
ham,whipped/sour cream,newspapers
pip fruit,nuts/prunes,bottled beer
cereals,cream cheese,other vegetables
sausage,root vegetables,brown bread
dessert,newspapers,white bread
tropical fruit,root vegetables,Instant food products
whole milk,hamburger meat,newspapers
canned beer,tropical fruit,pet care
sausage,soda,processed cheese
beverages,whole milk,onions
pip fruit,citrus fruit,curd
sausage,whole milk,cake bar
soda,whole milk,shopping bags
beef,chocolate,pastry
whipped/sour cream,shopping bags,rolls/buns
root vegetables,frozen vegetables,pet care
hamburger meat,spread cheese,pasta
meat,whole milk,ready soups
tropical fruit,mayonnaise,liquor
sausage,rolls/buns,pickled vegetables
sausage,canned beer,whipped/sour cream
yogurt,waffles,domestic eggs
white bread,frozen vegetables,soda
sausage,shopping bags
pip fruit,sliced cheese,sugar
soda,yogurt,white bread
soda,pastry,rolls/buns
curd,coffee,baking powder
tropical fruit,coffee,whole milk
curd,whole milk,pet care
brown bread,whole milk,shopping bags
domestic eggs,brown bread,detergent
chocolate,whipped/sour cream,brown bread
soda,bottled beer,brown bread
cooking chocolate,red/blush wine,cleaner
butter,onions,butter milk
pork,yogurt,coffee
sausage,pork,sugar
shopping bags,other vegetables,coffee
tropical fruit,frozen potato products,vinegar
bottled water,salty snack,brown bread
citrus fruit,bottled beer,butter milk
root vegetables,bottled water,waffles
root vegetables,frozen dessert,beverages
rolls/buns,onions,napkins
yogurt,sauces,specialty chocolate
dog food,hygiene articles,Instant food products
other vegetables,sliced cheese,canned vegetables
hamburger meat,whole milk,whipped/sour cream
berries,UHT-milk,cream cheese
sausage,tropical fruit,rolls/buns
bottled water,pip fruit,frozen vegetables
chocolate,whipped/sour cream,rolls/buns
root vegetables,curd,waffles
tidbits,dessert,cat food
whole milk,processed cheese,curd cheese
citrus fruit,shopping bags,cream cheese
tropical fruit,soda,oil
chicken,pastry,waffles
newspapers,salty snack,pastry
other vegetables,pip fruit,napkins
butter,cleaner,red/blush wine
semi-finished bread,margarine,butter
bottled beer,yogurt,other vegetables
seasonal products,frozen vegetables,yogurt
pork,condensed milk,oil
whole milk,root vegetables,soda
sausage,pastry,mayonnaise
salty snack,semi-finished bread,sliced cheese
root vegetables,hygiene articles,domestic eggs
frankfurter,butter,newspapers
other vegetables,mayonnaise,fruit/vegetable juice
chocolate,citrus fruit,yogurt
sausage,fruit/vegetable juice,coffee
finished products,domestic eggs,margarine
whole milk,white wine,UHT-milk
shopping bags,cream cheese
whole milk,salty snack,shopping bags
soda,frozen fish,rolls/buns
rolls/buns,butter milk,fruit/vegetable juice
seasonal products,whole milk,soda
pip fruit,soda,grapes
UHT-milk,dishes,frozen dessert
canned beer,coffee,flour
tropical fruit,whole milk,sweet spreads
pork,whole milk,napkins
other vegetables,rolls/buns,soda
berries,rolls/buns,pastry
bottled water,long life bakery product,soda
waffles,salty snack,hard cheese
soda,root vegetables,semi-finished bread
soda,brown bread
sausage,bottled water
pastry,yogurt
frozen meals,citrus fruit
tropical fruit,ice cream
salty snack,rolls/buns
tropical fruit,whole milk
pork,other vegetables
ham,tropical fruit
sausage,bottled water
domestic eggs,berries
whole milk,pastry
other vegetables,whipped/sour cream
bottled beer,other vegetables
ham,pickled vegetables
frankfurter,rolls/buns
sausage,chewing gum
bottled water,brown bread
sausage,pastry
pork,other vegetables
frankfurter,butter milk
Instant food products,pip fruit
ham,whole milk
bottled beer,butter
frozen vegetables,yogurt
butter,tropical fruit
berries,newspapers
frankfurter,red/blush wine
tropical fruit,cooking chocolate
beef,yogurt
frankfurter,frozen dessert,other vegetables,cream cheese
white bread,meat,domestic eggs,roll products
citrus fruit,bottled water,pastry
whole milk,rolls/buns,ice cream,brown bread
frozen meals,canned vegetables,other vegetables,turkey
frankfurter,canned beer,pastry,yogurt
beef,whole milk,pet care,citrus fruit
sausage,chicken,bottled beer,whole milk
pet care,whole milk,curd,frozen vegetables
napkins,tropical fruit,yogurt,sugar
frankfurter,citrus fruit,other vegetables,condensed milk
soda,canned beer,other vegetables,whole milk
citrus fruit,rolls/buns,napkins,soda
other vegetables,pip fruit,dessert,red/blush wine
sausage,pork,yogurt,napkins
beef,canned beer,pastry,whole milk
other vegetables,citrus fruit,semi-finished bread,softener
rolls/buns,margarine,whole milk,liquor (appetizer)
other vegetables,chicken,popcorn,margarine
other vegetables,meat,soda,whipped/sour cream
root vegetables,pastry
cat food,ham,whipped/sour cream,canned beer
whole milk,newspapers,rolls/buns
oil,whipped/sour cream,pip fruit,whole milk
frankfurter,cream cheese,yogurt,baking powder
tropical fruit,citrus fruit,domestic eggs,root vegetables
soda,pip fruit,pastry,jam
shopping bags,beef,citrus fruit,cat food
whole milk,yogurt,rolls/buns
sausage,frozen fish,house keeping products
sausage,processed cheese,baking powder,specialty cheese
sausage,domestic eggs,mayonnaise,soda
whole milk,sausage,spread cheese,hygiene articles
sausage,bottled water,mustard,bottled beer
detergent,newspapers,other vegetables,ketchup
pastry,canned beer,mustard,yogurt
fish,tropical fruit,red/blush wine,cream cheese
canned beer,curd,coffee,flour
canned beer,pip fruit,instant coffee,yogurt
bottled beer,beverages,hard cheese,fruit/vegetable juice
rolls/buns,soda,citrus fruit,spread cheese
bottled water,newspapers,specialty bar
bottled water,frankfurter,dessert,root vegetables
rolls/buns,tropical fruit,seasonal products,fruit/vegetable juice
meat,pork,butter milk,cat food
yogurt,chicken,UHT-milk,bottled water
rolls/buns,chicken,cream cheese,dishes
soda,rolls/buns,napkins,salt
rolls/buns,semi-finished bread,dessert,yogurt
frozen meals,sausage,pastry,yogurt
other vegetables,sausage,white bread,soda
dishes,shopping bags,hard cheese,other vegetables
rolls/buns,condensed milk,whole milk,soda
rolls/buns,yogurt,frozen vegetables,white wine
other vegetables,frankfurter,root vegetables,newspapers
coffee,turkey,margarine,hard cheese
frozen dessert,beef,citrus fruit,root vegetables
ham,rolls/buns,tropical fruit
frankfurter,whole milk,red/blush wine,rolls/buns
yogurt,berries,onions,pip fruit
citrus fruit,specialty chocolate,cream cheese
sausage,meat,tropical fruit,butter
frankfurter,pip fruit,rolls/buns,onions
liver loaf,grapes,soda,photo/film
pork,canned beer,prosecco,fruit/vegetable juice
frozen fish,sausage,chocolate,rolls/buns
herbs,seasonal products,pastry,yogurt
grapes,chicken,bottled beer,root vegetables
sausage,bottled beer,spread cheese
frankfurter,liver loaf,canned vegetables,condensed milk
frankfurter,root vegetables,yogurt,whole milk
chocolate,sliced cheese,bottled water,oil
frankfurter,pork,rolls/buns,grapes
whole milk,tropical fruit,soda,newspapers
sausage,spread cheese,specialty bar,soda
tropical fruit,spread cheese,onions,mayonnaise
herbs,sausage,candy,whole milk
ham,hamburger meat,whole milk,margarine
frankfurter,pip fruit,yogurt
chicken,whole milk,butter,soda
tropical fruit,pip fruit,whole milk,other vegetables
citrus fruit,whole milk,beef,shopping bags
tropical fruit,beef,cream cheese,frozen vegetables
beef,sausage,oil,candles
other vegetables,pork,rolls/buns
bottled beer,sausage,candy,yogurt
bottled water,napkins,fruit/vegetable juice,hard cheese
newspapers,hamburger meat,whole milk,specialty cheese
bottled water,yogurt,tropical fruit,whole milk
curd,meat,yogurt,whipped/sour cream
citrus fruit,sausage,bottled beer,herbs
citrus fruit,pastry,newspapers,chewing gum
pork,liver loaf,canned beer,whole milk
house keeping products,salty snack,semi-finished bread,other vegetables,whole milk,domestic eggs,chocolate marshmallow
tropical fruit,pork,photo/film,hard cheese
newspapers,pork,root vegetables,napkins
pip fruit,beverages,margarine,soda
root vegetables,beef,whole milk,curd
whole milk,pip fruit,tropical fruit,soda
pip fruit,berries,other vegetables,bottled water
soda,frozen meals,liquor (appetizer),specialty chocolate
misc. beverages,tropical fruit,yogurt,specialty chocolate
beverages,newspapers,pastry
ice cream,chicken,rolls/buns,whole milk
other vegetables,whole milk,tropical fruit,yogurt
chicken,butter,rolls/buns,shopping bags,soda
grapes,pip fruit,photo/film,root vegetables,cling film/bags
photo/film,frankfurter,other vegetables,curd,waffles
tropical fruit,other vegetables,hamburger meat,popcorn,female sanitary products
coffee,beef,dishes,brown bread,pastry
specialty chocolate,turkey,canned beer,soda,dental care
specialty bar,processed cheese,whole milk,misc. beverages
yogurt,tropical fruit,mayonnaise,curd,soft cheese
root vegetables,sausage,whole milk,chewing gum,brown bread
chicken,rolls/buns,pip fruit,pastry,frozen meals
whole milk,beef,citrus fruit,newspapers,bottled water
sausage,UHT-milk
butter milk,pet care
sausage,pickled vegetables
UHT-milk,pip fruit
shopping bags,citrus fruit,whole milk,sliced cheese
pasta,shopping bags
soda,pork
pip fruit,turkey
fish,whole milk
canned beer,turkey
hamburger meat,curd
whole milk,cream cheese
pork,frozen fish
meat,other vegetables
hamburger meat,yogurt
tropical fruit,yogurt
whole milk,root vegetables
light bulbs,whole milk
yogurt,rolls/buns
ice cream,whole milk
citrus fruit,yogurt
pet care,long life bakery product
whipped/sour cream,tropical fruit
chicken,curd
sausage,flour
rolls/buns,curd
soda,other vegetables
other vegetables,semi-finished bread
root vegetables,butter
root vegetables,coffee
yogurt,onions
other vegetables,rolls/buns
yogurt,curd
liver loaf,herbs
tropical fruit,other vegetables
tropical fruit,frozen meals
hamburger meat,oil
margarine,frozen vegetables
bottled beer,herbs
bottled beer,yogurt
whole milk,rolls/buns
rolls/buns,bottled beer
butter,cream
hamburger meat,yogurt
chewing gum,citrus fruit
sausage,yogurt
liqueur,whole milk
grapes,other vegetables
canned beer,coffee
canned beer,tropical fruit
other vegetables,sliced cheese
ham,rolls/buns
sausage,rolls/buns
beef,frozen dessert
specialty chocolate,pork
butter,fruit/vegetable juice
semi-finished bread,spices
coffee,other vegetables
pip fruit,butter,whole milk,other vegetables
hamburger meat,root vegetables,seasonal products,shopping bags
rolls/buns,root vegetables,domestic eggs,ice cream
root vegetables,hard cheese,margarine,yogurt
pork,finished products,citrus fruit,misc. beverages
other vegetables,soda,UHT-milk,salty snack
chicken,butter,curd,flower (seeds)
misc. beverages,whole milk,onions,yogurt
canned beer,butter,margarine,domestic eggs
citrus fruit,beef,whipped/sour cream,other vegetables
waffles,shopping bags,soda,cream cheese
root vegetables,citrus fruit,cat food
yogurt,spread cheese,soda,fruit/vegetable juice
berries,other vegetables,butter,newspapers
sausage,berries,soda,yogurt
citrus fruit,pork,napkins,domestic eggs
UHT-milk,other vegetables,bottled water
finished products,pip fruit,root vegetables,canned fruit
cat food,tropical fruit,onions,tidbits
canned beer,domestic eggs,white wine,waffles
canned beer,whole milk,onions,coffee
fruit/vegetable juice,butter,brown bread,dental care
pork,rolls/buns,sparkling wine
frankfurter,whole milk,instant coffee,bottled water
sausage,rolls/buns,pot plants,snack products
pork,yogurt,canned fish
liquor,other vegetables,whole milk
frozen meals,rolls/buns,butter,fruit/vegetable juice
beef,sugar,root vegetables,frozen vegetables
frankfurter,rolls/buns,newspapers,waffles
frankfurter,pork,tropical fruit,pastry
dessert,sliced cheese,bottled beer,other vegetables
root vegetables,rolls/buns,UHT-milk,packaged fruit/vegetables
sausage,other vegetables,shopping bags,napkins
butter,processed cheese,whole milk,curd
other vegetables,whole milk,soups,shopping bags
whole milk,canned beer,bottled water,bottled beer
frankfurter,other vegetables,root vegetables
bottled water,cream cheese,pip fruit,hygiene articles
pip fruit,fruit/vegetable juice,whipped/sour cream,soda
rolls/buns,chicken,shopping bags,hard cheese
tropical fruit,whole milk,other vegetables,long life bakery product
other vegetables,rolls/buns,onions,whole milk
meat,butter,cleaner,misc. beverages
bottled beer,fruit/vegetable juice,whole milk
pet care,flour,coffee,napkins
rolls/buns,tropical fruit,coffee,chocolate
root vegetables,citrus fruit,whole milk,chewing gum
ham,whole milk,coffee
rolls/buns,seasonal products,other vegetables,white bread
rolls/buns,hard cheese,flour
UHT-milk,brown bread,whole milk,ice cream
frankfurter,bottled beer,other vegetables
whole milk,pip fruit,fruit/vegetable juice
whole milk,coffee,oil
citrus fruit,rolls/buns,whole milk,brown bread
other vegetables,whole milk,pork,onions
popcorn,domestic eggs,canned beer,butter milk
canned beer,root vegetables,hard cheese,specialty cheese
pork,whole milk,pasta
chicken,whole milk,coffee
UHT-milk,yogurt,pastry
brandy,ham,root vegetables,whole milk
other vegetables,rolls/buns,whole milk,margarine
pip fruit,tropical fruit,waffles,root vegetables
bottled beer,butter,frozen vegetables,whole milk
sausage,frozen meals,long life bakery product,soda
bottled beer,brown bread,whole milk,misc. beverages
other vegetables,curd,beef,white bread
other vegetables,citrus fruit,root vegetables,whipped/sour cream
whole milk,grapes,pastry,yogurt
yogurt,berries,butter,pastry
butter,coffee,soda,pastry
canned beer,grapes,UHT-milk,brown bread
pip fruit,frozen meals,whole milk,rolls/buns
rolls/buns,pickled vegetables,chocolate,whole milk
canned beer,root vegetables,pudding powder,processed cheese
rolls/buns,instant coffee,UHT-milk,margarine
rolls/buns,berries,shopping bags,rice
pip fruit,root vegetables,beverages
pork,tropical fruit,whole milk,chewing gum
frankfurter,light bulbs,rolls/buns,pasta
sausage,rolls/buns
citrus fruit,yogurt,specialty bar,chocolate
brown bread,soda,butter,shopping bags
soda,pastry,frozen vegetables,UHT-milk
canned beer,specialty chocolate,other vegetables,cream cheese
bottled water,long life bakery product,root vegetables,mustard
pork,margarine,other vegetables
frozen meals,ham,specialty chocolate,roll products
chicken,specialty bar,newspapers,liquor
rolls/buns,tropical fruit,salty snack,specialty bar
pork,packaged fruit/vegetables,pastry,rolls/buns
sausage,other vegetables,butter milk
rolls/buns,root vegetables,frozen vegetables,waffles
soda,frozen meals,soft cheese,curd
root vegetables,frozen vegetables,bottled water,cat food
beverages,tropical fruit,ham,flour
sausage,whole milk,jam,yogurt
frankfurter,canned beer,other vegetables,potato products
UHT-milk,whole milk,newspapers,domestic eggs
whole milk,brown bread,pastry,dessert
whole milk,hair spray,butter,pastry
sausage,other vegetables,oil,candy
canned beer,roll products,root vegetables,flower (seeds)
sausage,whole milk,whipped/sour cream,yogurt
beef,ketchup,pork,hygiene articles
baking powder,pet care,yogurt,frozen vegetables
canned beer,whole milk,pork,oil
frankfurter,bottled beer,whipped/sour cream,margarine
meat,whole milk,processed cheese,butter
yogurt,other vegetables,sliced cheese
sausage,curd,whole milk,condensed milk
root vegetables,frozen potato products,onions,UHT-milk
canned beer,sliced cheese,long life bakery product,pasta
canned beer,rolls/buns,berries,domestic eggs
tropical fruit,coffee,dessert,fruit/vegetable juice
tropical fruit,other vegetables,frozen meals,pastry
citrus fruit,hard cheese,butter,soft cheese
chicken,canned beer,frozen vegetables,whipped/sour cream
dessert,condensed milk,rolls/buns,shopping bags
other vegetables,brown bread,hard cheese,salty snack
other vegetables,ice cream,pork,salt
onions,ice cream,soda,sliced cheese
frozen vegetables,dishes,root vegetables,pastry
chicken,root vegetables,whole milk,rolls/buns
chicken,flower (seeds),onions,rolls/buns
onions,citrus fruit,frozen vegetables,coffee
meat,bottled beer,liquor,waffles
ham,pork,soda
citrus fruit,curd,specialty chocolate,canned beer
yogurt,pasta,butter,rolls/buns
frankfurter,root vegetables,sugar,whole milk
dishes,whole milk,oil,onions
pork,bottled beer,whole milk,margarine
butter milk,berries,citrus fruit,napkins
coffee,sliced cheese,whipped/sour cream,butter milk
chicken,napkins,other vegetables,newspapers
pip fruit,sliced cheese,dishes
soda,pip fruit,sugar,brown bread
yogurt,hard cheese,other vegetables,rolls/buns
hamburger meat,liquor (appetizer),liver loaf,dessert
canned beer,liquor,onions,chocolate
turkey,frozen potato products,butter,frozen dessert
beverages,cake bar,frozen meals
bottled beer,grapes,other vegetables,bottled water
pastry,other vegetables,butter milk
pip fruit,specialty chocolate,liquor,rolls/buns
whole milk,seasonal products,specialty fat,flour
hamburger meat,root vegetables,other vegetables,whole milk
chocolate,whole milk,hamburger meat,other vegetables
other vegetables,whipped/sour cream,whole milk,sugar
oil,pork,other vegetables,frozen meals
beef,butter milk,yogurt,soda
bottled water,chicken,other vegetables,ketchup
sausage,whole milk,root vegetables,citrus fruit
sausage,butter,yogurt
pork,brown bread,bottled beer,shopping bags
frankfurter,whole milk,canned fish,yogurt
whipped/sour cream,tropical fruit,specialty chocolate,flour
canned beer,tropical fruit,fruit/vegetable juice,shopping bags
pork,rolls/buns,specialty bar,hygiene articles
whole milk,ice cream,turkey,artif. sweetener
other vegetables,citrus fruit,pork,shopping bags
whole milk,soft cheese,soda,brown bread
citrus fruit,tropical fruit,soda,bottled water
other vegetables,butter,pastry,UHT-milk
other vegetables,hard cheese,liquor,brown bread
beef,whole milk,fruit/vegetable juice,hygiene articles
meat,processed cheese,root vegetables,cat food
sausage,other vegetables,mayonnaise,seasonal products
pip fruit,curd,coffee,rolls/buns
beef,long life bakery product,berries,candles
chicken,mayonnaise,soda,sparkling wine
canned beer,other vegetables,waffles,oil
sausage,coffee,yogurt,white wine
whole milk,semi-finished bread,brandy
whole milk,canned beer,newspapers,whipped/sour cream
sausage,frozen vegetables,onions,canned beer
coffee,butter,whipped/sour cream,other vegetables
nuts/prunes,root vegetables,white wine,pastry
sausage,whole milk,rolls/buns,bottled beer
coffee,hamburger meat,brown bread,detergent
chicken,oil,chocolate,candy
tropical fruit,cookware,whole milk,oil
finished products,yogurt,bottled beer,bottled water
whole milk,other vegetables,pip fruit,sparkling wine
beef,other vegetables,whole milk,soda
abrasive cleaner,citrus fruit,whole milk,long life bakery product
bottled water,citrus fruit,butter,whole milk
other vegetables,root vegetables,pastry,margarine
beef,soda,white wine,soft cheese
whole milk,citrus fruit,butter,dental care
tropical fruit,canned beer
candy,cake bar
sausage,butter
butter milk,waffles
sausage,bottled water
frankfurter,soda,other vegetables,rolls/buns
rolls/buns,whole milk
canned beer,bottled water
canned beer,brown bread
whole milk,other vegetables
citrus fruit,newspapers
margarine,whole milk
sausage,pork,brown bread,waffles,whole milk,flower (seeds),oil
sausage,root vegetables,bottled beer,butter,whole milk,newspapers,yogurt
chicken,tropical fruit,specialty chocolate,curd,citrus fruit,whole milk,semi-finished bread
shopping bags,pork,canned fish,whole milk,onions,bottled beer,canned beer
tropical fruit,bottled beer,domestic eggs,rolls/buns,long life bakery product,other vegetables,skin care
other vegetables,whole milk,soda,oil,pastry,fruit/vegetable juice,newspapers
butter,butter milk,canned beer,UHT-milk,brown bread,baking powder,long life bakery product
root vegetables,sausage,brown bread,UHT-milk,sliced cheese,frozen vegetables,white bread
photo/film,whole milk,yogurt,white bread,pot plants,dessert
sausage,whole milk,popcorn,fruit/vegetable juice,canned fruit,soda
turkey,misc. beverages,bottled beer,butter,bottled water,margarine,seasonal products
pastry,waffles,other vegetables,whole milk,dental care,house keeping products,frozen vegetables
pork,hamburger meat,soda,other vegetables,popcorn,brown bread,bottled water
photo/film,white wine,other vegetables,brown bread,canned fish,margarine,sliced cheese
photo/film,canned beer,salty snack,curd,whole milk,hygiene articles
frankfurter,long life bakery product,newspapers,pip fruit,whipped/sour cream,hygiene articles
pip fruit,root vegetables,frozen meals,hamburger meat,sugar,soda,spread cheese
beef,ice cream,rolls/buns,pip fruit,whole milk,fruit/vegetable juice,UHT-milk
whole milk,processed cheese,pastry,baking powder,fruit/vegetable juice,coffee,newspapers
root vegetables,tropical fruit,bottled water,white bread,processed cheese,yogurt,beverages
bottled beer,ham,other vegetables,pork,whole milk,oil,brown bread
whole milk,sausage,yogurt,cake bar,female sanitary products,soda
other vegetables,hamburger meat,soda,soft cheese,waffles
whole milk,coffee,salty snack,root vegetables,yogurt,oil,soft cheese
finished products,pip fruit,curd,pork,whipped/sour cream,whole milk
bottled beer,whole milk,tropical fruit,hygiene articles,pot plants,soda
beverages,soda,curd,liquor,whole milk,margarine,flour
other vegetables,whole milk,UHT-milk,frozen meals,salty snack
canned beer,beverages,specialty bar,other vegetables,make up remover,specialty chocolate,curd
canned beer,hygiene articles,pork,soft cheese,bottled beer,rolls/buns,chocolate marshmallow
rolls/buns,pork,pastry,other vegetables,soda,pot plants,newspapers
beef,salty snack,whole milk,domestic eggs,fruit/vegetable juice,whipped/sour cream,cat food
citrus fruit,pip fruit,ketchup,roll products,seasonal products,hard cheese,dog food
rolls/buns,dessert,frozen meals,grapes,other vegetables,napkins
specialty chocolate,white wine,nuts/prunes,cream cheese,cake bar,yogurt,frozen vegetables
frankfurter,instant coffee,root vegetables,coffee,sugar,rolls/buns
whole milk,pastry,seasonal products,berries,long life bakery product,yogurt,coffee
pip fruit,canned beer,soft cheese,canned fish,semi-finished bread,newspapers,napkins
tropical fruit,sausage,bottled beer,curd,misc. beverages,waffles,fruit/vegetable juice,mayonnaise
liver loaf,rolls/buns,other vegetables,packaged fruit/vegetables,flower (seeds),shopping bags
citrus fruit,dog food,rolls/buns,soda,whole milk,fruit/vegetable juice,whipped/sour cream,yogurt
frankfurter,chicken,cocoa drinks,onions,whole milk,UHT-milk,canned fish,bottled beer
soft cheese,soda,root vegetables,rolls/buns,margarine,shopping bags
ham,instant coffee,margarine,beef,long life bakery product,whole milk,house keeping products,semi-finished bread
whole milk,pip fruit,waffles,coffee,chocolate
other vegetables,citrus fruit,pork,frozen vegetables,cat food,curd,spices,soda
sausage,liver loaf,dish cleaner,white bread,canned beer,dishes,white wine,brown bread
yogurt,sausage,whole milk,shopping bags,white bread,dog food,baking powder,sliced cheese
frozen meals,finished products,chocolate,other vegetables,whole milk,packaged fruit/vegetables,napkins,salty snack
pork,canned beer,rolls/buns,yogurt,mustard,oil,popcorn,whipped/sour cream
rolls/buns,ham,whole milk,sliced cheese,fruit/vegetable juice,pickled vegetables,misc. beverages
margarine,soda,whole milk,house keeping products,cling film/bags,bottled water,chocolate,frozen vegetables
root vegetables,pastry,rolls/buns,condensed milk,tropical fruit,bathroom cleaner,waffles,canned beer
pip fruit,tropical fruit,frozen potato products,sweet spreads,chocolate,napkins,candles,seasonal products
beef,citrus fruit,specialty bar,white bread,soda,vinegar,long life bakery product,domestic eggs
pip fruit,whipped/sour cream,shopping bags,domestic eggs,soda,cake bar,frozen meals
chicken,yogurt,UHT-milk,root vegetables,hard cheese,semi-finished bread,frozen potato products
whole milk,root vegetables,rolls/buns,yogurt,onions,coffee,napkins,UHT-milk
chicken,waffles,pip fruit,tropical fruit,pastry,bottled water,shopping bags
sausage,pastry,tropical fruit,whole milk,white wine,sweet spreads
other vegetables,soda,brown bread,whole milk,yogurt,cling film/bags,pastry
tropical fruit,soda,yogurt,root vegetables,domestic eggs,white wine,photo/film
sausage,whole milk,pastry,rolls/buns,coffee,bottled beer,chocolate
chicken,sausage,tropical fruit,brown bread,domestic eggs,cake bar,fruit/vegetable juice,canned beer
hamburger meat,sausage,tropical fruit,other vegetables,white bread,bottled water,spread cheese,sugar
whole milk,ham,pip fruit,hard cheese,frozen fish,shopping bags,pot plants
citrus fruit,pork,root vegetables,dishes,curd,rolls/buns,candy,yogurt
ham,whole milk,pastry,herbs,newspapers,chewing gum
whole milk,sausage,newspapers,soda,flour,bottled water,liquor
frankfurter,rolls/buns,bottled beer,other vegetables,yogurt,soups,UHT-milk
white bread,whole milk,newspapers,rolls/buns,canned beer
sausage,whisky,specialty chocolate,dishes,yogurt,napkins,detergent,pastry
sliced cheese,newspapers,dog food,fruit/vegetable juice,rolls/buns,butter,hygiene articles,yogurt
frankfurter,rubbing alcohol,sparkling wine,other vegetables,domestic eggs,white bread,yogurt,soda
yogurt,ham,other vegetables,soda,newspapers,nut snack,canned beer
root vegetables,sausage,condensed milk,other vegetables,canned beer,white bread,hard cheese,frozen vegetables
rolls/buns,bottled beer,coffee,pastry,brown bread,napkins
berries,pork,waffles,herbs,yogurt,specialty cheese,fruit/vegetable juice,long life bakery product
rolls/buns,specialty chocolate,napkins,onions,rice,butter milk,dental care
beef,frankfurter,canned beer,pip fruit,brown bread,frozen vegetables,newspapers,misc. beverages
chicken,nut snack,whole milk,newspapers,soft cheese,yogurt,spices,condensed milk
sausage,bottled beer,dessert,butter,cream cheese,other vegetables,canned beer,brown bread
rolls/buns,misc. beverages,ice cream,tropical fruit,shopping bags,coffee,popcorn,hygiene articles
rolls/buns,pork,canned beer,root vegetables,shopping bags,oil,soda
sausage,whole milk,prosecco,honey,other vegetables,waffles,shopping bags,artif. sweetener
butter milk,chocolate,berries,sweet spreads,butter,long life bakery product,napkins,white bread
pork,root vegetables,curd,canned vegetables,cream cheese,fruit/vegetable juice,nut snack
pork,waffles,tropical fruit,canned beer,whipped/sour cream,newspapers,cream cheese
sausage,citrus fruit
soda,liver loaf
tropical fruit,whole milk
pip fruit,whole milk
citrus fruit
semi-finished bread,brown bread
sausage,rolls/buns
tropical fruit,domestic eggs
whole milk,root vegetables
berries,root vegetables
ham,root vegetables
curd,yogurt
soda,pip fruit
pot plants,citrus fruit
yogurt,tropical fruit
meat,whole milk
citrus fruit,brown bread
root vegetables,ice cream
whole milk
coffee,domestic eggs
whole milk,other vegetables
whole milk,bottled water
sausage,UHT-milk
whole milk,root vegetables
frankfurter,other vegetables
fruit/vegetable juice,root vegetables
meat,semi-finished bread
other vegetables,chicken
frankfurter,oil
specialty cheese,misc. beverages
yogurt,root vegetables
chicken,coffee
whole milk,other vegetables
curd,brown bread
pastry,grapes
frankfurter,root vegetables
chicken,shopping bags
frozen dessert,rolls/buns
tropical fruit,yogurt
tropical fruit,whipped/sour cream
sausage,cream cheese
whole milk,pastry
finished products,whole milk
pork,frozen dessert
beef,other vegetables
sausage,root vegetables
citrus fruit,pastry
pip fruit,other vegetables
soda,other vegetables
other vegetables,rolls/buns
tropical fruit,pot plants
whole milk,soda
whole milk,cling film/bags
ham,frozen meals
tropical fruit,whipped/sour cream
canned beer,fruit/vegetable juice
ham,cream cheese
chicken,pip fruit
grapes,frozen vegetables
whole milk,pip fruit,whipped/sour cream
frankfurter,yogurt,cat food
curd,other vegetables,shopping bags
bottled beer,root vegetables,hygiene articles
beef,UHT-milk,misc. beverages
citrus fruit,sugar,specialty chocolate
UHT-milk,root vegetables,cake bar
salty snack,other vegetables,shopping bags
canned beer,red/blush wine,salty snack
pork,root vegetables,shopping bags
domestic eggs,mayonnaise,coffee
other vegetables,soda,frozen potato products
beef,condensed milk,specialty chocolate
sausage,newspapers,soda
dish cleaner,whole milk,canned fish
frankfurter,pip fruit,rolls/buns
frankfurter,butter,long life bakery product
frankfurter,rolls/buns,salt
tropical fruit,whole milk,liquor
frankfurter,bottled beer,domestic eggs
other vegetables,frozen vegetables,rolls/buns
whole milk,domestic eggs,syrup
soda,whole milk,shopping bags
chicken,rolls/buns,newspapers
other vegetables,citrus fruit,rolls/buns
whole milk,chocolate,roll products
sausage,soda,other vegetables
sausage,whole milk,margarine
pork,newspapers,napkins
bottled water,other vegetables,light bulbs
butter milk,zwieback,domestic eggs
soda,candles,rolls/buns
chicken,yogurt,rolls/buns
frankfurter,whipped/sour cream,other vegetables
frankfurter,other vegetables,soda
sausage,yogurt,pastry
chicken,herbs,soda
beverages,other vegetables,root vegetables
fruit/vegetable juice,candy,hygiene articles
pork,pudding powder,domestic eggs
frankfurter,fruit/vegetable juice,baking powder
soda,frozen dessert,canned fish
whipped/sour cream,shopping bags,soda
sausage,pastry,dish cleaner
root vegetables,whole milk,soda
liquor,cream,coffee
frankfurter,tropical fruit,mustard
coffee,rolls/buns,soda
butter,baking powder,brown bread
soda,frozen potato products,white wine
seasonal products,dishes,shopping bags
frankfurter,cream cheese,long life bakery product
canned beer,newspapers,shopping bags
other vegetables,pickled vegetables,hard cheese
pastry,red/blush wine,pickled vegetables
pet care,bottled water,soda
baking powder,whole milk,rolls/buns
sausage,sliced cheese,salty snack
sugar,whole milk,fruit/vegetable juice
pet care,coffee,soda
pet care,pip fruit,candy
berries,frozen meals,shopping bags
tropical fruit,butter milk,shopping bags
soda,bottled water,seasonal products
beef,waffles,domestic eggs
tropical fruit,pastry,salty snack
finished products,whole milk,baking powder
chewing gum,other vegetables,specialty bar
curd,root vegetables,dish cleaner
chicken,frozen vegetables,candles
bottled beer,sugar,bottled water
herbs,whole milk,frozen dessert
yogurt,citrus fruit,pastry
sausage,yogurt,fruit/vegetable juice
sausage,pip fruit,dish cleaner
tropical fruit,cream cheese
white wine,photo/film,whipped/sour cream
frankfurter,whole milk,rolls/buns
canned beer,frozen meals,pastry
chicken,whole milk,snack products
turkey,soda,rolls/buns
curd cheese,mustard,bottled water
berries,pastry,shopping bags
tropical fruit,rolls/buns,zwieback
frankfurter,butter,bottled beer
coffee,hygiene articles,yogurt
whole milk,coffee,fruit/vegetable juice
onions,pastry,soda
domestic eggs,whole milk,bottled water
other vegetables,pip fruit,chocolate
hamburger meat,cookware,pastry
sausage,oil,cream cheese
citrus fruit,whole milk,specialty cheese
pork,brown bread,misc. beverages
pork,pasta,fruit/vegetable juice
root vegetables,other vegetables,frozen vegetables
sausage,curd,yogurt
bottled beer,tropical fruit,white wine
herbs,dessert,yogurt
soda,other vegetables,white bread
tropical fruit,whipped/sour cream,specialty chocolate
sausage,bottled water,napkins
soda,citrus fruit
tropical fruit,rolls/buns
sausage,other vegetables
whole milk,tropical fruit
beverages,canned beer
liver loaf,bottled beer
frankfurter,beverages
yogurt,pastry
other vegetables,rolls/buns
yogurt,root vegetables
whole milk,other vegetables
pork,sweet spreads
berries,tropical fruit
berries,whole milk
other vegetables,pip fruit
chicken,tropical fruit
root vegetables,bottled beer
tropical fruit,sugar
frankfurter,yogurt
misc. beverages,whole milk
pip fruit,other vegetables
sausage,whole milk
rolls/buns,UHT-milk
citrus fruit,rolls/buns
sausage,soda
syrup,whole milk
pip fruit,rum
whole milk,specialty chocolate
frankfurter,white bread
other vegetables,whipped/sour cream
bottled water,newspapers
whole milk,chewing gum
whole milk,berries
finished products,pastry
whole milk,bottled beer
pork,root vegetables
chocolate marshmallow,ready soups
root vegetables,whole milk
sausage,frozen vegetables
sausage,detergent
bottled water,liquor
frankfurter,cat food
pork,sugar
frozen meals,onions
tropical fruit,yogurt
ham,other vegetables
tropical fruit,soda
whole milk,chewing gum
whole milk,rolls/buns
misc. beverages,pastry
finished products,other vegetables
berries,rolls/buns
other vegetables,whole milk
berries,salty snack
onions,rolls/buns
yogurt,chocolate
shopping bags,soda
whole milk,sugar
turkey,packaged fruit/vegetables
pip fruit,cake bar
pip fruit,butter
other vegetables,fruit/vegetable juice
hamburger meat,pork,yogurt,flour
pork,frozen meals
pastry,liquor
newspapers
canned beer,dessert
ham,brown bread
whole milk,dessert
beef,cream cheese
pip fruit,bottled water
beef,curd
seasonal products,onions
other vegetables,chewing gum
whole milk,pastry
root vegetables,whole milk
pork,brown bread
pork,whole milk
newspapers,dishes
rolls/buns,other vegetables
beef,specialty bar
sausage,whole milk
brown bread,yogurt
pork,whipped/sour cream
root vegetables,sugar
hamburger meat,salt
root vegetables,whole milk
chewing gum,yogurt
other vegetables,newspapers
tropical fruit,bottled beer
frankfurter,syrup
canned beer,yogurt
chicken,pip fruit
whole milk,spread cheese
citrus fruit,fruit/vegetable juice
pork,cat food
whole milk,soda
hamburger meat,coffee
soft cheese,pip fruit
sausage,rolls/buns
pork,long life bakery product
pork,rum
tropical fruit,snack products
frankfurter,yogurt
canned beer,coffee
sausage,sliced cheese
root vegetables,grapes
soda,specialty chocolate
canned beer,baking powder
bottled beer,dishes
pork,liquor
pip fruit,domestic eggs
brown bread,pet care
other vegetables,cooking chocolate
beef,soft cheese
long life bakery product,semi-finished bread
sausage,beverages
onions,dish cleaner
pork,mustard
frankfurter,other vegetables
ham,yogurt
tropical fruit,beverages
rolls/buns,shopping bags
frankfurter,rolls/buns
whole milk,domestic eggs
other vegetables,whipped/sour cream
root vegetables,herbs
rolls/buns,hard cheese
pip fruit,margarine
rolls/buns,red/blush wine
frankfurter,coffee
frankfurter,hair spray
citrus fruit,napkins
pastry,coffee
other vegetables,whipped/sour cream
ham,frozen meals
cat food,rolls/buns
pork,long life bakery product
citrus fruit,jam
sausage,sparkling wine
soda,whole milk
citrus fruit,pip fruit
other vegetables,sugar
ham,curd
sausage,bottled beer
sausage,yogurt
sausage,frozen potato products
sausage,mustard
hygiene articles,dessert
beef,salt
canned beer,other vegetables
onions,sliced cheese
sausage,canned beer
sausage,misc. beverages
yogurt,root vegetables
chicken,margarine
beef,butter milk
UHT-milk,fish
pork,sliced cheese
tropical fruit,dessert
canned vegetables,other vegetables
tropical fruit,other vegetables
sausage,root vegetables
frankfurter,root vegetables
rolls/buns
pickled vegetables,meat
citrus fruit,root vegetables
potato products,oil
turkey,specialty bar
sausage,soda
white wine,soda
hamburger meat,whole milk
chicken,pasta
turkey,root vegetables
dessert,other vegetables
tropical fruit,pickled vegetables
beef,female sanitary products
pork,grapes
white bread,pip fruit
root vegetables,yogurt
frankfurter,other vegetables
citrus fruit,misc. beverages
rolls/buns
tropical fruit,rolls/buns
cream cheese,sugar
sausage,soda
turkey,cream cheese
frankfurter,hamburger meat
chicken,bottled water
tropical fruit,bottled beer
chicken,tropical fruit
root vegetables,pip fruit
chicken,butter milk
bottled beer,soda
ketchup,whole milk
canned beer,shopping bags
tropical fruit,rolls/buns
beef,specialty chocolate
whole milk,bottled water
bottled water,whole milk
pork,bottled water
pork,root vegetables
pip fruit,other vegetables
specialty chocolate,pip fruit
citrus fruit,rolls/buns
frankfurter,coffee
sausage,grapes
root vegetables,yogurt
root vegetables,hard cheese
tropical fruit,yogurt
pip fruit,root vegetables
sausage,yogurt
curd,soda
beef,other vegetables
frankfurter,rolls/buns
root vegetables,mustard
frankfurter,other vegetables
hamburger meat,hard cheese
vinegar,whole milk
tropical fruit,root vegetables
pip fruit,fruit/vegetable juice
citrus fruit,bottled water
fruit/vegetable juice,other vegetables
frankfurter,frozen vegetables
whole milk,shopping bags
hamburger meat,soda
long life bakery product,butter milk
soda,whipped/sour cream
hamburger meat,root vegetables
frankfurter,canned beer
hard cheese,rolls/buns
newspapers,hard cheese
chicken,whole milk
soft cheese,pork,white bread,fruit/vegetable juice
pip fruit,canned beer,hygiene articles,coffee
tropical fruit,pork,UHT-milk,hamburger meat
hamburger meat,ice cream,chocolate,curd
finished products,ice cream,tropical fruit,whole milk
pot plants,packaged fruit/vegetables,butter,rolls/buns
whole milk,frankfurter,domestic eggs,flour
tropical fruit,yogurt,semi-finished bread,soda
whole milk,pork,other vegetables,domestic eggs
bottled beer,tropical fruit,domestic eggs,baking powder
whole milk,spread cheese,bottled water,onions
frankfurter,pastry,canned beer
citrus fruit,other vegetables,frozen vegetables,waffles
hamburger meat,citrus fruit,specialty chocolate,other vegetables
cream,frankfurter,soda,UHT-milk
sausage,chicken,pip fruit,other vegetables
yogurt,sausage,whipped/sour cream,onions
sausage,frankfurter,napkins,soda
bottled beer,whole milk,UHT-milk,chocolate
misc. beverages,frankfurter,salt,curd
pickled vegetables,soda,chewing gum,yogurt
chicken,sausage,domestic eggs,pasta
chicken,whole milk,white bread,newspapers
herbs,whole milk,other vegetables,shopping bags
frankfurter,brown bread,whole milk,root vegetables
soda,UHT-milk,newspapers,white bread
white bread,hamburger meat,pastry,frozen meals
chicken,other vegetables,pastry,onions
beef,whole milk,cream cheese,butter
root vegetables,canned beer,dessert,chewing gum
soda,canned beer,white bread,berries
yogurt,male cosmetics,sugar,salt
white bread,bottled beer,yogurt,berries
syrup,newspapers,processed cheese,rolls/buns
whole milk,cat food,canned beer
salt,yogurt,rolls/buns,whole milk
whole milk,frozen meals,shopping bags
other vegetables,pip fruit,specialty bar
sausage,whole milk,pastry
other vegetables,newspapers,pip fruit
fish,soda,bottled beer
pip fruit,curd,prosecco
citrus fruit,whole milk,curd,chocolate marshmallow
dishes,bottled water,spread cheese,sugar
meat,citrus fruit,pip fruit,other vegetables
pork,domestic eggs,UHT-milk,rolls/buns
sausage,newspapers,salty snack,soda
pip fruit,hamburger meat,butter,yogurt
bottled water,detergent,domestic eggs,yogurt
whole milk,cookware,brown bread,bottled beer
onions,pork,rolls/buns,vinegar
liver loaf,canned beer,tropical fruit,canned vegetables
meat,sausage,cake bar,root vegetables
root vegetables,soft cheese,yogurt,bottled water
citrus fruit,canned fruit,pip fruit,dessert
soda,frankfurter,bottled water,chicken
bottled beer,frankfurter,UHT-milk,pot plants
dessert,berries,newspapers,onions
bottled beer,ice cream,pastry,red/blush wine
roll products,sausage,prosecco,chocolate
sausage,whole milk,whipped/sour cream,domestic eggs
yogurt,UHT-milk,dessert,frozen dessert
chicken,whole milk,chewing gum
meat,whole milk,cling film/bags
citrus fruit,beef,tropical fruit,curd
butter milk,yogurt,margarine
nuts/prunes,canned beer,other vegetables,shopping bags
root vegetables,grapes,white bread,dishes
bottled beer,whole milk,salty snack,other vegetables
chicken,whole milk,margarine,soda
butter,canned beer,brown bread
tropical fruit,soda,salty snack
root vegetables,onions,whole milk,butter
tropical fruit,whole milk,fruit/vegetable juice
sausage,chicken,whipped/sour cream,sparkling wine
bottled water,other vegetables,coffee,soda
salty snack,citrus fruit,yogurt,berries
beef,white wine,UHT-milk,butter milk
whole milk,pork
ham,whole milk,soda
mayonnaise,candy,rolls/buns,bottled beer
frankfurter,chicken,butter,bottled water
hamburger meat,citrus fruit,whole milk,specialty bar
whipped/sour cream,grapes,yogurt,spread cheese
candles,rolls/buns,other vegetables
beverages,hamburger meat,other vegetables,canned beer
tropical fruit,other vegetables,hygiene articles,brandy
yogurt,candy,canned beer,chocolate
whole milk,sausage,pet care,yogurt
sausage,pork,soda,salt
bottled water,onions,root vegetables,grapes
canned beer,beef,whole milk,coffee
tropical fruit,yogurt,curd,margarine
bottled beer,sparkling wine,hamburger meat,rolls/buns
pork,citrus fruit,UHT-milk,dessert
rolls/buns,soda,chocolate
citrus fruit,frankfurter,yogurt,ice cream
sausage,white bread,whole milk,butter
tropical fruit,white wine,curd,grapes
whole milk,fish,other vegetables,soda
canned beer,ham,bottled water,domestic eggs
whole milk,beverages,frozen fruits,fruit/vegetable juice
rolls/buns,soda,other vegetables,vinegar
sausage,sliced cheese,ice cream,long life bakery product
tropical fruit,dessert,sweet spreads
bottled beer,rolls/buns,ice cream,pastry
domestic eggs,waffles,coffee,shopping bags
soda,bottled beer,chicken,yogurt
whole milk,hamburger meat,canned beer,fruit/vegetable juice
tropical fruit,other vegetables,berries,butter
ham,root vegetables,margarine,whipped/sour cream
brandy,whole milk,bottled water
hard cheese,bottled beer,whole milk,liquor (appetizer)
bottled beer,sausage,cream cheese,frozen vegetables
other vegetables,sausage,sliced cheese,rolls/buns
finished products,whole milk,other vegetables,cling film/bags
misc. beverages,artif. sweetener,newspapers,fruit/vegetable juice
canned beer,finished products,beverages,dishes
yogurt,dog food,semi-finished bread,napkins
bottled water,ham,brown bread,yogurt
tropical fruit,bottled beer,UHT-milk,root vegetables
frankfurter,ice cream,specialty cheese,coffee
yogurt,coffee,candy,candles
bottled beer,beef,frozen vegetables,shopping bags
tropical fruit,frozen fish,chewing gum,newspapers
UHT-milk,bottled beer,domestic eggs,rolls/buns
citrus fruit,onions,salty snack,brown bread
newspapers,chicken,root vegetables,curd
soda,beef,margarine
tropical fruit,meat,hard cheese,jam
bottled water,chewing gum,beef,brown bread
canned beer,rolls/buns,whole milk,grapes
onions,frankfurter,cream cheese,oil
pastry,whole milk,soda,Instant food products
tropical fruit,canned beer,detergent,bottled water
hamburger meat,canned beer,other vegetables,canned fruit
pip fruit,specialty chocolate,liquor (appetizer),soda
soda,UHT-milk,dessert,napkins
pork,beverages,misc. beverages,chewing gum
rolls/buns,soda,snack products,long life bakery product
whipped/sour cream,root vegetables,rolls/buns,packaged fruit/vegetables
soda,sausage,butter milk,vinegar
butter,rolls/buns,cream cheese,flour
canned beer,tropical fruit,root vegetables,other vegetables
tropical fruit,citrus fruit,domestic eggs,rolls/buns
whole milk,salty snack,pip fruit
yogurt,other vegetables,soft cheese,salt
sausage,canned beer,frozen vegetables,detergent
frankfurter,chocolate,mayonnaise,oil
meat,onions,whole milk
canned beer,male cosmetics,white wine,ice cream
tropical fruit,chicken,soda
yogurt,whole milk,chewing gum
newspapers,white bread,rolls/buns,beverages
condensed milk,pork,whole milk,pastry
pip fruit,meat,frozen vegetables,bottled water
coffee,other vegetables,margarine,domestic eggs
sausage,whole milk,root vegetables,soft cheese
whole milk,beef,beverages,yogurt
frankfurter,grapes,brown bread
canned beer,sausage,onions
whole milk,pastry,butter
rolls/buns,napkins,cream cheese,shopping bags
pip fruit,canned fish,organic sausage,pastry
canned beer,bottled beer,yogurt,fruit/vegetable juice
citrus fruit,oil,root vegetables
butter,whole milk,root vegetables
tropical fruit,whole milk,soda,curd
citrus fruit,frankfurter,tropical fruit,napkins
citrus fruit,tropical fruit,root vegetables,soda
butter,coffee,pastry,bottled beer
seasonal products,herbs,spread cheese,pickled vegetables
brown bread,sausage,rolls/buns,bottled water
newspapers,root vegetables,pastry,margarine
tropical fruit,curd,whole milk,other vegetables
rolls/buns,dessert,bottled water,chocolate
sausage,tropical fruit,misc. beverages,root vegetables
sausage,pastry,bottled beer,UHT-milk
whole milk,rolls/buns,cat food,shopping bags
pip fruit,rolls/buns,whole milk,pastry
yogurt,hamburger meat,other vegetables,mustard
yogurt,pastry,chewing gum,butter milk
sausage,pip fruit,hard cheese,frozen vegetables
citrus fruit,bottled water,white wine,rolls/buns
UHT-milk,cream cheese,waffles
sausage,root vegetables,canned beer,rolls/buns
whole milk,canned beer,herbs,bottled beer
citrus fruit,whole milk,bottled water,roll products
pork,rolls/buns,brown bread,yogurt
pip fruit,root vegetables,spread cheese
canned beer,yogurt,rolls/buns,whole milk
canned beer,yogurt,tropical fruit,whole milk
dog food,sausage,dessert,shopping bags
salty snack,other vegetables,yogurt
root vegetables,coffee,sliced cheese,newspapers
meat,beef,yogurt
whole milk,beef,rolls/buns,mustard
rolls/buns,pip fruit
pork,tropical fruit,pip fruit,brown bread
other vegetables,pork,herbs,oil
whole milk,pork,brown bread,other vegetables
bottled water,sausage,whole milk,margarine
sausage,chicken,margarine,yogurt
beef,frankfurter,other vegetables,brown bread
organic sausage,other vegetables,hard cheese,bottled water
frozen meals,pip fruit,dish cleaner,processed cheese
mustard,whole milk,tropical fruit
yogurt,pork,UHT-milk,specialty bar
meat,pip fruit,beverages,soda
tropical fruit,pip fruit,root vegetables,pet care
pip fruit,frankfurter,whole milk,cream cheese
rolls/buns,canned beer,brown bread,dessert
root vegetables,butter,frozen vegetables
tropical fruit,sausage,root vegetables,spread cheese
whipped/sour cream,meat,bottled water,newspapers
sausage,dog food,bottled beer,bottled water
frankfurter,sausage,brown bread,canned beer
meat,sausage,baking powder,pastry
whole milk,pip fruit,frozen vegetables,soda
chicken,tropical fruit,rolls/buns,liquor
long life bakery product,beef,tidbits,butter
cream cheese,whole milk,brown bread
citrus fruit,pastry,other vegetables
tropical fruit,frozen meals,yogurt,other vegetables
sausage,tropical fruit,pip fruit
whole milk,organic sausage,specialty bar,yogurt
soups,whole milk,beef,bottled beer
citrus fruit,beverages,pip fruit,other vegetables
beef,citrus fruit,whole milk,yogurt
canned beer,berries,butter,baking powder
tropical fruit,meat,whole milk,candles
beverages,bottled beer,domestic eggs,chocolate
canned beer,rolls/buns,other vegetables,dog food
meat,whole milk,bottled water,mayonnaise
cream cheese,citrus fruit,sauces,red/blush wine
meat,beverages,newspapers,candy
sausage,tropical fruit,bottled beer,fruit/vegetable juice
frankfurter,other vegetables,butter,frozen vegetables
sausage,rolls/buns,UHT-milk,onions
whole milk,curd cheese,root vegetables,pastry
whole milk,grapes,chocolate,pot plants
frozen vegetables,canned beer,brown bread,soda
root vegetables,pip fruit,other vegetables,canned beer
pip fruit,canned beer,pork,white bread
bottled water,soda,margarine,candy
soda,berries,root vegetables,bottled beer
liver loaf,pip fruit,fruit/vegetable juice,curd
citrus fruit,pork,other vegetables,yogurt
dish cleaner,rolls/buns,frozen potato products,frozen vegetables
citrus fruit,sausage,whole milk,canned beer
ham,sausage,curd,other vegetables
hamburger meat,pip fruit,rolls/buns,dishes
pork,frankfurter,other vegetables,potato products
nuts/prunes,butter,soda,bottled beer
canned beer,organic sausage,tropical fruit,shopping bags
sausage,canned beer,spices
rolls/buns,frankfurter,soda,canned fish
sausage,chicken,canned beer,pip fruit
rolls/buns,whole milk,white bread,popcorn
frozen vegetables,berries,whole milk,candy
pip fruit,beef,whole milk,other vegetables
whole milk,rolls/buns,jam,red/blush wine
frankfurter,root vegetables,fruit/vegetable juice,margarine
other vegetables,tropical fruit,pork,soda
white bread,beef,coffee,flour
citrus fruit,beef,rolls/buns,whole milk
whole milk,hamburger meat,beverages,bottled water
frankfurter,citrus fruit,yogurt,frozen vegetables
beverages,domestic eggs,soda,butter milk
red/blush wine,dessert,curd,rolls/buns
soda,beverages,rolls/buns,curd
sausage,frozen vegetables,pastry
finished products,rolls/buns,oil,frozen vegetables
pastry,frankfurter,long life bakery product,whipped/sour cream
specialty chocolate,citrus fruit,UHT-milk,frozen meals
tropical fruit,pork,whole milk,salt
bottled beer,liver loaf,bottled water,pastry
skin care,frankfurter,root vegetables,fruit/vegetable juice
condensed milk,whole milk,other vegetables,soups
root vegetables,whole milk,bottled water,canned vegetables
pip fruit,pork,seasonal products,canned beer
root vegetables,pasta,pip fruit,red/blush wine
sausage,fruit/vegetable juice,whole milk,curd
bottled beer,chicken,baking powder,curd
brown bread,grapes,bottled water,soda
hard cheese,bottled water,root vegetables,brown bread
soda,frankfurter,butter,whole milk
soda,frankfurter,cream cheese,butter
whole milk,shopping bags,yogurt,canned beer
frankfurter,whole milk,other vegetables,root vegetables
tropical fruit,sausage,dog food,sweet spreads
liver loaf,frozen vegetables,soda,curd
yogurt,pip fruit,house keeping products,frozen vegetables
soda,tropical fruit,other vegetables,bottled water
root vegetables,whipped/sour cream,canned beer
hamburger meat,tropical fruit,whipped/sour cream,rolls/buns
pip fruit,frankfurter,other vegetables,napkins
bottled beer,bottled water,rolls/buns,root vegetables
pip fruit,berries,white wine,other vegetables
tropical fruit,chicken,onions,packaged fruit/vegetables
dessert,beverages,frozen meals,red/blush wine
whole milk,other vegetables,sugar
liver loaf,white bread,herbs,pastry
frankfurter,whole milk,canned fish
dessert,coffee,whole milk,cream cheese
root vegetables,frankfurter,other vegetables,mayonnaise
cream cheese,sausage,whole milk,pip fruit
canned beer,sausage,other vegetables,rolls/buns
whole milk,soda,bottled water,pastry
rolls/buns,tropical fruit,root vegetables,condensed milk
canned beer,misc. beverages,yogurt,rolls/buns
sausage,tropical fruit,pork,rolls/buns
canned beer,butter,butter milk,citrus fruit
liquor,curd,yogurt,tropical fruit
yogurt,other vegetables,rolls/buns,herbs
soups,specialty bar,soda,whipped/sour cream
whole milk,curd,rolls/buns
sausage,beef,white wine,other vegetables
rolls/buns,whole milk,butter,frozen vegetables
pork,frozen meals,margarine,dessert
curd,bottled water,tropical fruit,other vegetables
rolls/buns,soda,other vegetables,pip fruit
frankfurter,pork,pastry,canned vegetables
bottled water,whole milk,domestic eggs
soda,shopping bags,other vegetables,rolls/buns
meat,sausage,other vegetables,shopping bags
turkey,soft cheese,other vegetables,canned beer
coffee,sausage,salt,white wine
rolls/buns,frozen vegetables,hamburger meat,pork
citrus fruit,chicken,bottled water,rolls/buns
canned beer,yogurt,curd cheese,pastry
pastry,whole milk,other vegetables,rolls/buns
frozen meals,rolls/buns,tropical fruit,curd
whipped/sour cream,sausage,root vegetables,soda
rolls/buns,yogurt,chicken,whole milk
soda,pork,curd,Instant food products
spread cheese,tropical fruit,domestic eggs,bottled water
whole milk,sausage,bottled beer,yogurt
root vegetables,canned beer,tropical fruit,rolls/buns
frankfurter,grapes,soda,seasonal products
bottled beer,tropical fruit,sliced cheese,dishes
soda,yogurt,whole milk,coffee
other vegetables,frankfurter,napkins,pastry
curd,sausage,margarine,long life bakery product
pip fruit,pork,brown bread,whole milk
instant coffee,soda,frozen meals,artif. sweetener
frankfurter,baking powder,condensed milk,coffee
beef,misc. beverages,salty snack
curd,processed cheese,bottled water,pickled vegetables
hamburger meat,pork,chicken,whole milk
citrus fruit,cream cheese,bottled beer
rolls/buns,tropical fruit,soda,dessert
bottled beer,jam,male cosmetics,dessert
pork,pip fruit,whole milk,shopping bags
cream cheese,frankfurter,root vegetables,yogurt
tropical fruit,flower soil/fertilizer,flour,specialty bar
beverages,whole milk,semi-finished bread,domestic eggs
pork,margarine,other vegetables
sausage,frankfurter,herbs,rice
yogurt,chewing gum,whipped/sour cream,shopping bags
meat,chicken,yogurt,pip fruit
tropical fruit,frozen vegetables,whole milk,snack products
hamburger meat,rolls/buns,pip fruit,berries
root vegetables,yogurt,tropical fruit,shopping bags
chicken,frankfurter,other vegetables,domestic eggs
dessert,sausage,whole milk,oil
coffee,citrus fruit,other vegetables,fruit/vegetable juice
pip fruit,other vegetables,whole milk,whipped/sour cream
sausage,whole milk,semi-finished bread,yogurt
sausage,beverages,canned beer,whole milk
whole milk,Instant food products,pip fruit,canned beer
citrus fruit,hamburger meat,other vegetables,specialty chocolate
bottled water,sausage,yogurt
pastry,tropical fruit,citrus fruit,coffee
sausage,whole milk,dessert,UHT-milk
sausage,pastry,fruit/vegetable juice,dessert
whole milk,citrus fruit,light bulbs
liver loaf,pasta,grapes,other vegetables
bottled water,whole milk,frozen vegetables
beef,processed cheese,other vegetables,spices
pet care,brown bread,pastry,dish cleaner
meat,frozen meals,whole milk,domestic eggs
cookware,sausage,soda,spices
bottled beer,tropical fruit,yogurt,berries
whole milk,beef,root vegetables,newspapers
frozen meals,bottled beer,root vegetables,potato products
dessert,domestic eggs,candles,whole milk
grapes,sparkling wine,canned beer,pastry
rolls/buns,soda,flower (seeds)
sausage,pastry,bottled water
sausage,chocolate,newspapers,pastry
butter,tropical fruit,whole milk,napkins
chicken,beef,white bread,semi-finished bread
whole milk,brown bread,root vegetables,roll products
rolls/buns,whole milk,semi-finished bread,processed cheese
rolls/buns,berries,canned vegetables,dessert
citrus fruit,other vegetables,whole milk
rolls/buns,soda,curd,dessert
pasta,hamburger meat,frozen meals,domestic eggs
sausage,chocolate,specialty chocolate,cocoa drinks
tropical fruit,grapes,ice cream,sweet spreads
waffles,tropical fruit,hard cheese,pickled vegetables
citrus fruit,yogurt,other vegetables
pasta,hamburger meat,dessert,bottled water
semi-finished bread,nuts/prunes,butter,ice cream
beef,pastry,yogurt,chewing gum
whole milk,sausage,pork,coffee
candy,sausage,other vegetables,frozen vegetables
bottled water,berries,other vegetables,rolls/buns
whole milk
bottled beer,newspapers
yogurt,chocolate
whole milk,newspapers
sausage,bottled beer
other vegetables,butter milk
tropical fruit,salty snack
coffee,domestic eggs
root vegetables,other vegetables
frankfurter,napkins
ham,liquor (appetizer)
pip fruit,pork
yogurt,citrus fruit
meat,whole milk
soda,butter
pork,other vegetables
whole milk,soda
bottled beer,tropical fruit
bottled water,beef
specialty bar,chewing gum
berries,ice cream
dessert,domestic eggs
ham,citrus fruit
pork,soda
cat food,sparkling wine
whole milk,pip fruit
margarine,butter milk
whole milk,other vegetables
whole milk,female sanitary products
other vegetables,pork
domestic eggs,yogurt
canned beer,beverages
sausage,yogurt
butter milk,specialty chocolate
ham,misc. beverages
whole milk,yogurt
other vegetables,zwieback
sausage,berries
bottled beer,red/blush wine
misc. beverages,berries
brown bread,pastry
whipped/sour cream,instant coffee
tropical fruit,other vegetables
citrus fruit,rolls/buns
pip fruit,onions
waffles,yogurt
tropical fruit
frankfurter,canned beer
sausage,yogurt
frankfurter,female sanitary products
curd,brown bread
meat,liquor
other vegetables,hygiene articles
whole milk,white bread
domestic eggs,roll products
pip fruit,chocolate
other vegetables,dog food
sausage,packaged fruit/vegetables
salty snack,coffee
margarine,other vegetables
whole milk,yogurt
frankfurter,packaged fruit/vegetables
whole milk,coffee
whole milk,domestic eggs
brown bread,newspapers
oil,yogurt
liquor (appetizer),tropical fruit
rolls/buns,candy
bottled water,other vegetables
citrus fruit,white bread
citrus fruit,frozen meals
whole milk,other vegetables
frankfurter,coffee
soda,beverages
meat,citrus fruit
sausage,white bread
sausage,UHT-milk
chocolate,rolls/buns
canned beer,rolls/buns
bottled beer,yogurt
liver loaf,processed cheese
pastry,sugar
beef,ham
canned beer,hamburger meat
newspapers,soups
sausage,pork
citrus fruit,mustard
canned beer,domestic eggs
frankfurter,soda
rolls/buns,cream cheese
canned beer,soda
frankfurter,packaged fruit/vegetables
frankfurter,bottled beer
soda,whole milk
meat,other vegetables
white wine,beverages
sausage,rum
brown bread,frozen dessert
frozen fruits,dishes
hard cheese,liquor
dessert,curd
coffee,tropical fruit
other vegetables,whole milk
frankfurter,root vegetables,pastry,napkins,long life bakery product
pork,UHT-milk,rolls/buns,cleaner,newspapers
yogurt,whole milk,pickled vegetables,long life bakery product,mustard
beef,frozen meals,pastry,white wine,whipped/sour cream
ham,cream cheese,other vegetables,oil,candy
frankfurter,dessert,pet care,soda,whipped/sour cream
hamburger meat,bottled beer,coffee,instant coffee,yogurt
white wine,sliced cheese,whole milk,oil,rolls/buns
packaged fruit/vegetables,rolls/buns,root vegetables,napkins,soft cheese
specialty bar,chocolate,packaged fruit/vegetables,domestic eggs,cream cheese
cat food,canned beer,sliced cheese,dishes,zwieback
finished products,butter milk,fruit/vegetable juice,brown bread,pot plants
pork,butter,napkins,seasonal products,coffee
citrus fruit,frozen meals,coffee,seasonal products,yogurt,soups
pork,ham,specialty chocolate,whole milk,long life bakery product,detergent
dish cleaner,whole milk,flower (seeds),flour,chewing gum,dog food
rolls/buns,yogurt,napkins,candy,sliced cheese
rolls/buns,meat,whole milk,domestic eggs,white bread
chicken,yogurt,newspapers,shopping bags,rolls/buns,domestic eggs
pork,frozen vegetables,frozen meals,other vegetables,popcorn,oil
beverages,citrus fruit,tropical fruit,ready soups,canned fish,soda
soda,salt,sauces,curd,sugar,margarine
sausage,shopping bags,soda,butter,dessert
frankfurter,chocolate,pip fruit,margarine,butter,napkins
whole milk,domestic eggs,canned vegetables,baking powder,hygiene articles,detergent
bottled beer,pip fruit,butter,specialty bar,detergent
chocolate,oil,domestic eggs,fruit/vegetable juice,frozen vegetables,rolls/buns
meat,butter milk,tropical fruit,specialty bar,newspapers,rolls/buns
beef,butter,chocolate,frozen meals,napkins,margarine
pip fruit,roll products,beverages,whole milk,canned fish,sugar
whole milk,hard cheese,candles,bottled beer,shopping bags,jam
bottled beer,citrus fruit,frozen potato products,fruit/vegetable juice,sugar,sauces
other vegetables,hygiene articles,dessert,margarine,fruit/vegetable juice
soda,canned fruit,processed cheese,shopping bags
UHT-milk,butter milk,frozen vegetables,other vegetables,candy,fruit/vegetable juice
pip fruit,onions,domestic eggs
citrus fruit,whole milk,bottled beer
meat,detergent,roll products
chicken,soda,dishes
zwieback,onions,female sanitary products
other vegetables,canned beer,shopping bags
sausage,white wine,candy
packaged fruit/vegetables,liquor,shopping bags
yogurt,root vegetables,candles
pork,specialty bar,soda
ice cream,candy,canned beer
beef,waffles,salty snack
bottled beer,yogurt,soda
soda,root vegetables,fruit/vegetable juice
meat,whole milk,shopping bags
fish,pickled vegetables,hard cheese
tropical fruit,whipped/sour cream,canned vegetables
tropical fruit,soft cheese,shopping bags
frozen vegetables,brown bread,rolls/buns
other vegetables,prosecco,pot plants
root vegetables,white bread,sliced cheese
fish,root vegetables,chocolate
UHT-milk,citrus fruit,frozen vegetables
berries,root vegetables,bottled water
condensed milk,rolls/buns,organic products
salt,tropical fruit,newspapers
canned beer,pip fruit,white bread
pip fruit,dessert,hard cheese
sausage,yogurt,candles
sausage,tropical fruit,margarine
frozen meals,other vegetables,bottled beer
berries,hard cheese,dishes
liquor,cream cheese,rolls/buns
yogurt,pastry,kitchen towels
yogurt,pip fruit,misc. beverages
citrus fruit,white bread
brown bread,candy,chocolate
ham,canned beer,soups
domestic eggs,yogurt,canned beer
tropical fruit,dish cleaner,bottled water
rolls/buns,grapes,shopping bags
pip fruit,whipped/sour cream,rolls/buns
tropical fruit,syrup,whole milk
photo/film,soda,cream cheese
bottled beer,citrus fruit,shopping bags
whole milk,frozen meals,rolls/buns
chicken,whole milk,rolls/buns
canned beer,tropical fruit,margarine
onions,canned beer,flower (seeds)
other vegetables,zwieback,oil
frankfurter,yogurt,canned beer
other vegetables,whole milk,Instant food products
white wine,whole milk,misc. beverages
other vegetables,pork,newspapers
canned beer,rolls/buns
tropical fruit,root vegetables,detergent
fruit/vegetable juice,baking powder,oil
berries,whole milk,sugar
other vegetables,bottled water,whipped/sour cream
other vegetables,dishes
meat,other vegetables,margarine
other vegetables,yogurt,brown bread
ham,napkins,rice
chocolate,white wine,newspapers
frankfurter,mustard,shopping bags
processed cheese,brown bread,house keeping products
rolls/buns,canned fish,chocolate
chewing gum,coffee,sugar
root vegetables,white bread,canned fish
tropical fruit,vinegar,sauces
detergent,other vegetables
tropical fruit,rolls/buns,fruit/vegetable juice
sausage,onions,misc. beverages
soda,margarine
semi-finished bread,whole milk,mustard
frankfurter,oil,other vegetables
sausage,tropical fruit,yogurt
citrus fruit,misc. beverages
whole milk,root vegetables,canned vegetables
misc. beverages,yogurt,oil
tropical fruit,napkins,long life bakery product
beef,newspapers,misc. beverages
other vegetables,yogurt
frankfurter,soda
sausage,sugar,yogurt
whole milk,frozen vegetables,semi-finished bread
sausage,butter milk,meat spreads
frankfurter,pastry,misc. beverages
bottled beer,tropical fruit,bottled water
cereals,whole milk,bottled water
chocolate marshmallow,whole milk,sugar
other vegetables,salt
meat,onions,misc. beverages
cocoa drinks,bottled water,sweet spreads
sausage,frozen meals,soda
whole milk,dog food,pastry
coffee,bottled water,roll products
tropical fruit,napkins
sausage,curd,salty snack
rolls/buns,yogurt,sugar
ice cream,rolls/buns,butter milk
liver loaf,canned beer,candy
frankfurter,pastry,hygiene articles
chewing gum,pastry
soda,curd
butter,other vegetables,yogurt
chicken,UHT-milk,napkins
sausage,pip fruit,bottled water
soda,rice,sweet spreads
cat food,whole milk,chocolate
pip fruit,shopping bags,butter
soft cheese,pip fruit,whole milk
whole milk,cream cheese,semi-finished bread
chicken,pork,newspapers
other vegetables,specialty chocolate,newspapers
pastry,butter milk,hygiene articles
ice cream,canned beer,semi-finished bread
sausage,fruit/vegetable juice,pot plants
citrus fruit,soda,shopping bags
chocolate,pickled vegetables,bottled water
beverages,other vegetables,brown bread
bottled water,rolls/buns,domestic eggs
sausage,soda,bottled water
whipped/sour cream,berries,cream cheese
root vegetables,hygiene articles,newspapers
ice cream,fruit/vegetable juice,cereals
meat,soda,cream cheese
frankfurter,hard cheese,butter
tropical fruit,newspapers,bottled water
chicken,domestic eggs,white bread
root vegetables,butter,dessert
other vegetables,mayonnaise,beverages
coffee,whole milk,mustard
soda,onions,cream cheese
chicken,salty snack,yogurt
ice cream,specialty chocolate,semi-finished bread
hamburger meat,beverages,margarine
pork,yogurt,soda
ice cream,photo/film,flour
other vegetables,seasonal products,bottled water
bottled beer,fruit/vegetable juice,rolls/buns
misc. beverages,bottled water,mustard
beef,ice cream,other vegetables
whole milk,domestic eggs,long life bakery product
chicken,napkins,soda
dessert,shopping bags,flour
pastry,specialty bar,flour
sausage,rolls/buns,rice
onions,specialty cheese,canned fish
tropical fruit,bottled water,cream cheese
flower soil/fertilizer,yogurt,specialty chocolate
ice cream,bottled beer,brown bread
soda,white bread,fruit/vegetable juice
pastry,waffles,napkins
pip fruit,nut snack,napkins
meat,root vegetables,sliced cheese
whole milk,soda,mustard
zwieback,soda,curd
liquor (appetizer),chocolate,soda
pip fruit,rolls/buns,whole milk
canned beer,whipped/sour cream,pastry
Instant food products,bottled beer,butter
pork,bottled water,tea
butter milk,beverages,butter
oil,bottled beer,yogurt
meat,pot plants,canned vegetables
tropical fruit,mayonnaise
soda,pet care,butter
soda,curd,rolls/buns
meat,root vegetables,margarine
frankfurter,UHT-milk,sliced cheese
whipped/sour cream,root vegetables,baking powder
tropical fruit,frozen vegetables,rice
sausage,pastry,whole milk
tropical fruit,rolls/buns,frozen fish
pork,whole milk,domestic eggs
bottled beer,salty snack,napkins
whole milk,canned beer,cat food
frozen vegetables,rolls/buns,cling film/bags
whole milk,soda,yogurt
sausage,grapes,bottled beer
pork,grapes,hygiene articles
beef,bottled beer,herbs
sausage,napkins,curd
tropical fruit,packaged fruit/vegetables,cereals
whole milk,napkins
bottled water,root vegetables
beef,frozen vegetables,coffee
brown bread,tropical fruit,rolls/buns
bottled beer,soups,detergent
sausage,curd,fruit/vegetable juice
pip fruit,tropical fruit,shopping bags
frankfurter,UHT-milk,fruit/vegetable juice
UHT-milk,butter,soda
whole milk,butter milk,domestic eggs
butter milk,soups,canned fruit
whole milk,chocolate,pickled vegetables
herbs,newspapers,brown bread
tropical fruit,frozen dessert,napkins
chicken,tropical fruit,salt
curd,whole milk,bottled water
pork,pastry,candy
hamburger meat,pip fruit,dish cleaner
hamburger meat,packaged fruit/vegetables,baking powder
root vegetables,whole milk,zwieback
butter,candy
UHT-milk,pastry,bottled water
whole milk,rolls/buns,salty snack
sausage,rolls/buns,soda
canned beer,dessert,frozen meals
whole milk,pork,rolls/buns
oil,soda,waffles
sausage,other vegetables,fruit/vegetable juice
frankfurter,yogurt,waffles
sliced cheese,liquor,hygiene articles
sausage,whole milk,margarine
chicken,soda,frozen meals
butter milk,shopping bags,baking powder
pip fruit,white wine,shopping bags
sausage,butter,bottled water
butter,berries,cereals
pork,whole milk,other vegetables
cat food,newspapers,fruit/vegetable juice
hamburger meat,soda,cling film/bags
tropical fruit,yogurt,fruit/vegetable juice
whole milk,citrus fruit,napkins
softener,yogurt,cling film/bags
rolls/buns,yogurt,Instant food products
tropical fruit,bottled water,dishes
dessert,cream cheese,waffles
newspapers,butter,long life bakery product
hamburger meat,soda,hard cheese
chicken,cling film/bags,rolls/buns
other vegetables,root vegetables,mayonnaise
fruit/vegetable juice,candy
chocolate,seasonal products,rolls/buns
margarine,cream cheese,misc. beverages
cling film/bags,whipped/sour cream,coffee
chicken,onions,white bread
salt,soda,rolls/buns
newspapers,soda,canned beer
root vegetables,other vegetables,white wine
pip fruit,dessert,sauces
sausage,white wine,hygiene articles
other vegetables,napkins,newspapers
tropical fruit,candy,fruit/vegetable juice
newspapers,yogurt,napkins
frankfurter,hygiene articles,bottled beer
fruit/vegetable juice,root vegetables,pastry
ham,pickled vegetables,newspapers
sausage,brown bread,meat spreads
frankfurter,long life bakery product,sugar
fish,pot plants,coffee
chewing gum,beef,domestic eggs
citrus fruit,yogurt,salt
canned beer,whole milk,rolls/buns
canned beer,shopping bags,whole milk
canned beer,rolls/buns,baking powder
UHT-milk,soda,salty snack
citrus fruit,beef,coffee
whole milk,shopping bags,newspapers
citrus fruit,brown bread,ketchup
canned beer,newspapers
dessert,herbs,waffles
ham,tropical fruit,popcorn
meat,ice cream,cleaner
pip fruit,UHT-milk,shopping bags
UHT-milk,butter milk,napkins
canned beer,margarine,chocolate
other vegetables,canned beer,shopping bags
whole milk,pastry,specialty cheese
sausage,pastry,shopping bags
canned beer,flour,newspapers
yogurt,specialty chocolate,specialty bar
root vegetables,bottled beer,fruit/vegetable juice
bottled beer,dog food,oil
canned beer,misc. beverages,liqueur
pork,beverages,dishes
canned beer,pip fruit,sugar
pip fruit,chocolate,brown bread
meat,other vegetables,zwieback
pork,sliced cheese,flour
other vegetables,beverages,margarine
whole milk,yogurt,frozen vegetables
sausage,rolls/buns
misc. beverages,rice,soda
bottled water,tropical fruit,shopping bags
beef,bottled water,soda
tropical fruit,onions,whipped/sour cream
rolls/buns,shopping bags,cat food
canned beer,margarine,pastry
sausage,bottled beer,root vegetables
sliced cheese,root vegetables,whipped/sour cream
pork,packaged fruit/vegetables,chocolate
soda,root vegetables,rolls/buns
rolls/buns,bottled water,whole milk
soda,salty snack
chocolate,mustard,white bread
ham,white wine,shopping bags
other vegetables,domestic eggs,bottled beer
canned beer,whole milk,bottled beer
canned beer,hamburger meat,cake bar
canned beer,yogurt,coffee
tropical fruit,shopping bags,hard cheese
tropical fruit,cat food,pot plants,curd,soft cheese
canned beer,rolls/buns,other vegetables,brown bread,butter milk,whole milk
canned beer,cake bar,newspapers,pastry,baking powder,yogurt
bottled water,yogurt,rolls/buns,newspapers,frozen dessert
frankfurter,hard cheese,frozen potato products,bottled water,shopping bags
tropical fruit,sausage,hamburger meat,zwieback,specialty cheese,domestic eggs
liver loaf,frozen meals,yogurt,domestic eggs,flower (seeds),coffee
shopping bags,whole milk,detergent,flour
tropical fruit,sausage,detergent,butter,newspapers
frankfurter,pork,sliced cheese,candy,pastry,shopping bags
citrus fruit,root vegetables,whole milk,chewing gum,coffee,shopping bags
whole milk,waffles,soft cheese,domestic eggs,dish cleaner,bathroom cleaner
tropical fruit,berries,other vegetables,yogurt,kitchen towels,napkins
beef,hamburger meat,newspapers,rum,meat spreads,whipped/sour cream
fruit/vegetable juice,waffles,tropical fruit,domestic eggs,liquor (appetizer),dessert
frankfurter,chicken,white bread,whipped/sour cream,specialty fat,soft cheese
beef,chicken,butter milk,canned beer,processed cheese,shopping bags
beef,frankfurter,chewing gum,margarine,detergent
canned beer,cooking chocolate,white bread,curd,mustard,chocolate
canned beer,pork,processed cheese,root vegetables,snack products,sugar
rolls/buns,root vegetables,pastry,cake bar,canned fish
other vegetables,cream cheese,liquor,root vegetables,newspapers,hard cheese
sausage,chocolate,semi-finished bread,whole milk,rum,bottled beer
rolls/buns,brown bread,whole milk,pasta,curd,butter milk
yogurt,chicken,bottled water,whole milk,flour,detergent
pork,turkey,pot plants,whole milk,soda,dishes
tropical fruit,other vegetables,butter,rolls/buns,coffee,pastry
rolls/buns,grapes,yogurt,whole milk
hamburger meat,frozen potato products,whole milk,citrus fruit,semi-finished bread,napkins
pip fruit,dog food,soft cheese,packaged fruit/vegetables,pastry,domestic eggs
whole milk,hamburger meat,soft cheese,long life bakery product,margarine,bottled beer
pastry,tropical fruit,sugar,sauces,bottled water,sliced cheese
whole milk,citrus fruit,shopping bags,white wine,soda,yogurt
sausage,dog food,yogurt,hygiene articles,chocolate
canned beer,pip fruit,rolls/buns,brown bread,soft cheese,shopping bags
beef,tropical fruit,root vegetables,whole milk,cream cheese,newspapers
canned beer,frankfurter,chicken,whole milk,softener,vinegar
frankfurter,sausage,margarine,rolls/buns,bottled beer,mustard
pastry,baking powder,butter,margarine,curd,dishes
sausage,bottled water,whole milk,ketchup,soda,chewing gum
tropical fruit,root vegetables,pip fruit,butter milk,waffles,bottled beer
whole milk,bottled beer,rolls/buns,domestic eggs,semi-finished bread,fruit/vegetable juice
sausage,zwieback,sliced cheese,other vegetables,bottled beer,soda
root vegetables,white wine,whipped/sour cream,abrasive cleaner,soda
frozen meals,sausage,canned beer,brown bread,frozen vegetables,chocolate
other vegetables,condensed milk,bottled water,pastry,misc. beverages
chicken,citrus fruit,butter,rolls/buns,soft cheese,specialty bar
bottled water,other vegetables,root vegetables,rolls/buns,soda,sugar
whole milk,pet care,herbs,soda,cat food
whole milk,yogurt,pot plants,pastry,flower (seeds),pudding powder
frankfurter,pip fruit,whole milk,other vegetables,salty snack,whipped/sour cream
beef,whole milk,root vegetables,whipped/sour cream,other vegetables
sausage,other vegetables,margarine,curd,pastry,newspapers
sausage,meat,beverages,UHT-milk,frozen dessert,sugar
candy,whole milk,cling film/bags,whipped/sour cream,newspapers,baking powder
sausage,rolls/buns,curd,salty snack,whipped/sour cream,hard cheese
citrus fruit,ham,onions,yogurt,pasta,newspapers
sausage,honey,beverages,soda,frozen dessert,whipped/sour cream
other vegetables,chicken,onions,rolls/buns,spices
sausage,white wine,whole milk,beverages,semi-finished bread,napkins
other vegetables,semi-finished bread,rolls/buns,shopping bags,salty snack
canned beer,frankfurter,brown bread,pip fruit,frozen vegetables,pudding powder
detergent,other vegetables,oil,beverages,rolls/buns,specialty bar
citrus fruit,whole milk,white bread,cat food,brown bread,bottled beer
beef,sausage,pet care,yogurt,newspapers,soda
other vegetables,tropical fruit,white bread,specialty chocolate,pot plants,shopping bags
bottled beer,other vegetables,root vegetables,cream cheese,waffles,rolls/buns
other vegetables,soda,hard cheese,coffee,whipped/sour cream,newspapers
fruit/vegetable juice,specialty bar,root vegetables,sliced cheese,butter,chocolate
misc. beverages,pork,domestic eggs,sparkling wine,whipped/sour cream,semi-finished bread
tropical fruit,butter,hamburger meat,rolls/buns,soda,shopping bags
pip fruit,yogurt,citrus fruit,dental care,soda,shopping bags
sausage,tropical fruit,yogurt,rolls/buns,margarine,shopping bags
root vegetables,bottled beer,newspapers,margarine,domestic eggs,shopping bags
zwieback,sausage,whole milk,soda,canned beer,hygiene articles
chicken,grapes,pot plants,curd cheese,coffee,napkins
tropical fruit,pork,coffee,canned beer,shopping bags,chocolate
tropical fruit,citrus fruit,bottled water,rolls/buns,soda,pickled vegetables
root vegetables,yogurt,soda,shopping bags,oil
canned beer,brandy,waffles,cat food,dishes,light bulbs
beef,turkey,grapes,shopping bags,sliced cheese,bottled water
hamburger meat,whole milk,root vegetables,hygiene articles,brown bread
other vegetables,finished products,beef,whole milk,chocolate,sugar
liquor (appetizer),onions,whole milk,butter,cream cheese,specialty cheese
pip fruit,yogurt,whole milk,bottled beer,newspapers
newspapers,curd,turkey,misc. beverages,bottled beer
turkey,beef,root vegetables,margarine,shopping bags,curd
rolls/buns,misc. beverages,bottled water,decalcifier,semi-finished bread,soda
sausage,pip fruit,sliced cheese,root vegetables,butter milk
beef,citrus fruit,tropical fruit,coffee,fruit/vegetable juice,specialty chocolate
whole milk,chicken,curd,rolls/buns,cereals,bottled water
whole milk,other vegetables,yogurt,newspapers,bottled water,pet care
pip fruit,ice cream,popcorn,soda,bottled water,rolls/buns
meat,sausage,salty snack,white wine,frozen vegetables,beverages
hamburger meat,tropical fruit,cat food,whole milk,artif. sweetener,packaged fruit/vegetables
photo/film,pip fruit,butter,liquor (appetizer),bottled beer,sweet spreads
other vegetables,grapes,yogurt,butter milk,candy,soft cheese
root vegetables,berries,other vegetables,hygiene articles,white bread,whipped/sour cream
other vegetables,bottled water,mustard,whole milk,root vegetables,pet care
citrus fruit,pork,pip fruit,yogurt,brown bread,male cosmetics
beef,pork,salty snack,abrasive cleaner,pasta,shopping bags
frankfurter,sausage,packaged fruit/vegetables,yogurt,bottled beer,shopping bags
ham,rolls/buns,whole milk,rum,berries,cleaner
soda,whole milk,frozen fish,canned beer,ready soups,chocolate
bottled beer,beef,domestic eggs,whipped/sour cream,shopping bags,newspapers
soda,beef,other vegetables,semi-finished bread,shopping bags,white wine
turkey,ham,whole milk,citrus fruit,pastry,soda
pork,other vegetables,curd,domestic eggs
citrus fruit,hamburger meat,tea,root vegetables,sugar,shopping bags
grapes,berries,soda,condensed milk,waffles,nut snack
other vegetables,sausage,tropical fruit,whipped/sour cream,salty snack,oil
root vegetables,citrus fruit,bottled water,Instant food products,butter milk,mayonnaise
tropical fruit,whole milk,rolls/buns,cream cheese,shopping bags
rolls/buns,citrus fruit,pot plants,yogurt,roll products,fruit/vegetable juice
citrus fruit,bottled water,butter milk,chocolate,zwieback,shopping bags
yogurt,sausage,domestic eggs,other vegetables,nut snack,shopping bags
chicken,meat,chewing gum,bottled beer,baking powder,shopping bags
tropical fruit,pot plants,berries,other vegetables,shopping bags
tropical fruit,pip fruit,herbs,yogurt,bottled water,sweet spreads
other vegetables,liquor (appetizer),specialty bar,candles,red/blush wine
margarine,berries,yogurt,coffee,soda,chewing gum
pork,other vegetables,yogurt,shopping bags,soft cheese,detergent
frankfurter,butter,domestic eggs,margarine,other vegetables
ham,sausage,detergent,whipped/sour cream,yogurt,dishes
cream cheese,meat,rolls/buns,yogurt,frozen meals,whipped/sour cream
bottled water,yogurt,beef,berries,chocolate,butter
canned beer,dessert,packaged fruit/vegetables,flour,meat spreads
frozen potato products,whole milk,pastry,rolls/buns,candy,bottled beer
pip fruit,sausage,red/blush wine,coffee,salt,pastry
citrus fruit,frankfurter,coffee,UHT-milk,candy,fruit/vegetable juice
frankfurter,citrus fruit,semi-finished bread,dishes,whipped/sour cream
other vegetables,sausage,tropical fruit,frozen meals,hygiene articles,rolls/buns
chicken,citrus fruit,other vegetables,margarine,hard cheese,soft cheese
pip fruit,frozen meals,white bread,brown bread,fruit/vegetable juice,pastry
frankfurter,sausage,pastry,newspapers,honey
frozen meals,whole milk,fruit/vegetable juice,butter,chocolate,bottled water
root vegetables,ham,butter,brown bread,pastry,spread cheese
beef,cling film/bags,bottled water,butter,sweet spreads,candy
sausage,chicken,frozen vegetables,whole milk,packaged fruit/vegetables
whole milk,red/blush wine,shopping bags,cream cheese,canned beer
beef,chicken,newspapers,organic products,chocolate
pork,hamburger meat,whole milk,fruit/vegetable juice
artif. sweetener,bottled water,butter milk,butter,soda
frankfurter,curd,white bread,rolls/buns,coffee
rolls/buns,frankfurter,oil,pip fruit,mayonnaise
canned beer,turkey,pastry,bottled water,butter
mayonnaise,tropical fruit,packaged fruit/vegetables,beverages,cereals
rolls/buns,other vegetables,butter,root vegetables
sausage,pip fruit,soda,curd,waffles
hard cheese,meat,beverages,curd,fruit/vegetable juice
frankfurter,sausage,whole milk,domestic eggs,fruit/vegetable juice
frankfurter,mayonnaise,whipped/sour cream,pastry,misc. beverages
bottled water,soda,domestic eggs,jam,whole milk
sausage,pork,butter,whole milk,fruit/vegetable juice
whole milk,rolls/buns,canned fruit,onions,soda
citrus fruit,soda,berries,coffee,sugar
pork,whole milk,waffles,sugar
condensed milk,berries,tea,frozen vegetables,cat food
sausage,ham,shopping bags,whole milk,butter
brown bread,rolls/buns,citrus fruit,frozen fish,chocolate
whole milk,rolls/buns,herbs,beverages,soda
frankfurter,other vegetables,specialty bar
domestic eggs,frozen vegetables
sausage,pastry
other vegetables
pork,domestic eggs
other vegetables,specialty bar
frankfurter,chocolate
beef,soda
pork,salty snack
white bread,baking powder
dessert,bottled beer
pip fruit,brown bread
sausage,roll products
frankfurter,shopping bags
chicken,root vegetables
chicken,whole milk
other vegetables,dessert
house keeping products,fruit/vegetable juice
pork,curd
bathroom cleaner,other vegetables
beverages,packaged fruit/vegetables
butter,root vegetables
sausage,specialty bar
canned beer,sugar
salt,semi-finished bread
beef,pip fruit
shopping bags
curd,dessert
fruit/vegetable juice,flower (seeds)
sausage,frozen dessert
sausage,chocolate
sausage,fruit/vegetable juice
grapes,bottled water
frankfurter,frozen vegetables
berries,specialty bar
citrus fruit,whole milk
canned beer,frozen potato products
canned beer,yogurt
tropical fruit,misc. beverages
whole milk,soda
whole milk,hygiene articles
other vegetables,hygiene articles
citrus fruit,bottled beer
pork,processed cheese
beef,pet care
meat,rolls/buns
canned beer,pip fruit
whole milk
curd cheese,popcorn
citrus fruit,white wine
cooking chocolate,hygiene articles
whole milk
sugar,brown bread
chicken,soda
citrus fruit,chocolate
sausage,cake bar
whole milk,bottled water
whole milk,spread cheese
rolls/buns,newspapers
pork,grapes
root vegetables,frozen meals
citrus fruit,fruit/vegetable juice
citrus fruit,root vegetables
whole milk,soda
pork,whipped/sour cream
citrus fruit,yogurt
frankfurter,long life bakery product
citrus fruit,other vegetables
sausage,packaged fruit/vegetables
chicken,house keeping products
other vegetables,salty snack
onions,flour
hamburger meat,root vegetables
frankfurter,frozen dessert
canned beer,fruit/vegetable juice
bottled water,canned beer
soda,whipped/sour cream
turkey,whole milk
rolls/buns,soda
frozen vegetables,whole milk
other vegetables,hygiene articles
pork,whole milk
soda,root vegetables
turkey,chewing gum
sausage,soda
whole milk,rolls/buns
newspapers,other vegetables
coffee,napkins
hamburger meat,curd
turkey,sugar
sausage,other vegetables
whole milk,other vegetables
sausage,bathroom cleaner
other vegetables,margarine
shopping bags,curd
pork,butter
pork,bottled beer
beef,butter
sausage,whole milk
whole milk,yogurt
soda,whole milk
canned beer,sugar
beef,finished products
frankfurter,rolls/buns
other vegetables,shopping bags
other vegetables,curd
root vegetables,rolls/buns
pip fruit,candles
sausage,rolls/buns
other vegetables,chicken
pork,spread cheese
meat,coffee
pork,pastry
dessert,salty snack
other vegetables,yogurt
condensed milk,hard cheese
ice cream,butter
chicken,whipped/sour cream
root vegetables,soups
frankfurter,curd
hamburger meat,curd
UHT-milk,salty snack
frankfurter,whole milk
pastry,whole milk
other vegetables,whole milk
onions,whole milk
pastry,brown bread
citrus fruit,whole milk
hamburger meat,other vegetables
chicken,fruit/vegetable juice
whole milk,margarine
chicken,tropical fruit
shopping bags,soap
citrus fruit,root vegetables
citrus fruit,whole milk
chicken,whole milk
bottled beer,yogurt
specialty chocolate,beverages
other vegetables,whole milk
pork,root vegetables
whole milk,yogurt
beef,berries
sausage,soda
root vegetables,bottled water
chicken,root vegetables
turkey,seasonal products
soda,other vegetables
root vegetables,other vegetables
sausage,rolls/buns
pastry,candles
sausage,napkins
yogurt,frozen vegetables
pip fruit,male cosmetics
sausage,rolls/buns
ham,canned beer
meat,sliced cheese
other vegetables,dish cleaner
meat,grapes
rolls/buns,berries
chicken,red/blush wine
sausage,rolls/buns
canned beer,butter
yogurt,frozen meals
chicken,whole milk
hamburger meat,yogurt
whole milk,condensed milk
frankfurter,yogurt
newspapers,domestic eggs
whole milk,rolls/buns
rolls/buns,bottled beer
other vegetables,specialty bar
sausage,pip fruit
sausage,tropical fruit
canned beer,hygiene articles
tropical fruit,other vegetables
condensed milk,pastry
margarine,rolls/buns
whole milk,soda
yogurt,frozen dessert
processed cheese,root vegetables
grapes,rolls/buns
canned beer,soda
soda,bottled water
whole milk,newspapers
sausage,yogurt
pork,bottled beer
pork,rolls/buns
turkey,other vegetables
other vegetables,cat food
whipped/sour cream,meat spreads
hard cheese,white wine
pork,brown bread,fruit/vegetable juice,shopping bags
citrus fruit,whole milk,fruit/vegetable juice,dishes
sausage,grapes,sliced cheese,napkins
citrus fruit,root vegetables,yogurt,soft cheese
other vegetables,soda,pip fruit,brown bread
Instant food products,whipped/sour cream,butter,cake bar
sausage,rolls/buns,soda,other vegetables
frankfurter,whole milk,specialty bar
chicken,whole milk,vinegar,shopping bags
other vegetables,yogurt,whole milk,spread cheese
chicken,bottled water,brown bread,hygiene articles
chicken,rolls/buns,other vegetables,margarine
ham,beef,sliced cheese,butter milk
pip fruit,white wine,root vegetables,shopping bags
sausage,specialty chocolate,bottled water,baking powder
ham,rolls/buns,canned fish,shopping bags
other vegetables,liquor,whole milk,butter milk
sausage,canned beer,rum,spices
tropical fruit,whole milk,nut snack,sliced cheese
ham,yogurt,hard cheese,rolls/buns
tropical fruit,condensed milk,citrus fruit,whipped/sour cream
canned beer,bottled beer,pip fruit,candy
sugar,berries,seasonal products,bottled beer
bottled water,whipped/sour cream,berries,whole milk
whole milk,grapes,root vegetables,shopping bags
pip fruit,other vegetables,semi-finished bread,sliced cheese
rolls/buns,pip fruit,whole milk,yogurt
whole milk,citrus fruit,butter milk,specialty bar
hamburger meat,soft cheese,yogurt,margarine
soda,tropical fruit,domestic eggs
whipped/sour cream,pork,pastry,soda
organic sausage,pip fruit,newspapers,whipped/sour cream
onions,root vegetables,soap,cream cheese
sausage,UHT-milk,female sanitary products,rolls/buns
sausage,soda,bottled beer,yogurt
root vegetables,processed cheese,frozen fish
root vegetables,canned beer,specialty cheese,rolls/buns
pork,soda,rolls/buns,brown bread
whole milk,pastry,yogurt,pot plants
ham,brown bread,butter,bottled water
frankfurter,curd,beef,whipped/sour cream
UHT-milk,herbs,butter,oil
frozen vegetables,beef,UHT-milk,abrasive cleaner
pip fruit,whole milk,butter milk,yogurt
tropical fruit,hamburger meat,bottled beer,yogurt
meat,sugar,margarine,cat food
other vegetables,whole milk,light bulbs,canned beer
root vegetables,butter milk,shopping bags,cream cheese
liqueur,whole milk,onions,soda
soda,other vegetables
margarine,detergent,yogurt,zwieback
frankfurter,tropical fruit,frozen meals,soda
sugar,whole milk,pastry,salty snack
sausage,rolls/buns,misc. beverages,processed cheese
chicken,rolls/buns,yogurt,pastry
domestic eggs,root vegetables,semi-finished bread,curd
condensed milk,fruit/vegetable juice,white wine,specialty fat
canned beer,brown bread,herbs,pastry
frankfurter,whole milk,fruit/vegetable juice,pasta
pork,pip fruit,yogurt,salty snack
whole milk,tropical fruit,rolls/buns,soap
tropical fruit,yogurt,brown bread,shopping bags
pork,whole milk,domestic eggs,sweet spreads
root vegetables,white bread,pasta,bottled beer
citrus fruit,pastry,candy,softener
house keeping products,rolls/buns,pickled vegetables,curd
pip fruit,whole milk,coffee,salty snack
ham,tropical fruit,frozen meals,sparkling wine
waffles,chicken,hard cheese,dishes
beverages,sausage,white bread,bottled water
beverages,margarine,napkins
citrus fruit,pork,canned fish,oil
ice cream,beef,yogurt,canned beer
salty snack,specialty bar,brown bread,instant coffee
rolls/buns,other vegetables,yogurt,frozen vegetables
white bread,pastry,whole milk,newspapers
tropical fruit,instant coffee,yogurt,salty snack
chocolate,whipped/sour cream,baking powder,frozen vegetables
whole milk,grapes,bottled beer,frozen dessert
yogurt,other vegetables,white wine,frozen vegetables
coffee,packaged fruit/vegetables,bottled water,pastry
soda,red/blush wine,root vegetables,butter milk
butter milk,whole milk,white bread,rolls/buns
pork,whole milk,beverages,soda
condensed milk,onions,coffee,candy
sugar,coffee,cream cheese,bottled water
frankfurter,whole milk,fruit/vegetable juice,candy
sausage,other vegetables,tropical fruit,mayonnaise
bottled water,yogurt,spices,fruit/vegetable juice
sausage,packaged fruit/vegetables,curd,fruit/vegetable juice
salty snack,whole milk,domestic eggs,shopping bags
light bulbs,pastry,UHT-milk,baking powder
onions,bottled water,cream cheese,hard cheese
tropical fruit,dessert,white bread,bottled water
soups,sugar,seasonal products,bottled beer
whole milk,tropical fruit,liquor (appetizer),soda
bottled water,processed cheese,packaged fruit/vegetables,yogurt
other vegetables,semi-finished bread,domestic eggs,newspapers
soda,pip fruit,hygiene articles,oil
frankfurter,rolls/buns,coffee,white wine
domestic eggs,beef,coffee,bottled beer
curd cheese,whole milk,long life bakery product,hard cheese
butter,syrup,pickled vegetables,whole milk
whole milk,root vegetables,curd,yogurt
pastry,soda,semi-finished bread,white bread
tropical fruit,berries,whole milk,soap
misc. beverages,root vegetables,frozen vegetables,rolls/buns
other vegetables,frozen vegetables,cling film/bags,bottled water
root vegetables,frozen meals,shopping bags,margarine
ham,root vegetables,newspapers,other vegetables
rolls/buns,domestic eggs,butter
pastry,whole milk,citrus fruit,newspapers
fruit/vegetable juice,yogurt,rolls/buns,frozen vegetables
chewing gum,hamburger meat,candy,coffee
sausage,grapes,berries,curd
other vegetables,sparkling wine,frozen meals,rolls/buns
whole milk,other vegetables,rolls/buns,Instant food products
root vegetables,tropical fruit,other vegetables,processed cheese
ice cream,margarine,sliced cheese,pastry
canned beer,soda,candles,pickled vegetables
tropical fruit,brandy,whole milk,canned fish
citrus fruit,hard cheese,pastry,salty snack
specialty chocolate,yogurt,rolls/buns,misc. beverages
candy,dessert,rolls/buns,canned fish
margarine,brandy,root vegetables,shopping bags
other vegetables,salty snack,brown bread,canned beer
tropical fruit,coffee,softener,soda
tropical fruit,whole milk,potato products
specialty chocolate,soda,curd,female sanitary products
frankfurter,ice cream,mustard,soda
misc. beverages,bottled water,other vegetables,coffee
tropical fruit,frozen fish,domestic eggs,mustard
ham,soft cheese,fruit/vegetable juice,sugar
other vegetables,soda,rolls/buns,dishes
tropical fruit,whole milk,brown bread,pastry
canned beer,spices,rolls/buns,frozen fish
beef,pip fruit
hamburger meat,pip fruit
whole milk,whipped/sour cream
finished products,bottled beer
other vegetables,oil
citrus fruit,Instant food products
sausage,UHT-milk
sausage,whole milk
pork,brown bread
berries,other vegetables
sausage,root vegetables
berries,pet care
sausage,yogurt
pasta,newspapers
other vegetables,rolls/buns
sausage,whole milk
other vegetables,whole milk
frankfurter,berries
sausage,frozen vegetables
UHT-milk,rolls/buns
whole milk,citrus fruit
misc. beverages,rolls/buns
liver loaf,domestic eggs
pet care,mustard
whole milk,root vegetables
chicken,pork
dessert,margarine
pork,ham
beef,other vegetables
soda,shopping bags
pet care,pastry
root vegetables,rolls/buns
tropical fruit,dishes
chicken,fruit/vegetable juice
soda,domestic eggs
chicken,butter
tropical fruit,whole milk
beverages,pork
onions,pastry
whole milk,long life bakery product
chicken,pastry
tropical fruit,yogurt
citrus fruit,yogurt
semi-finished bread,whole milk
tropical fruit,sweet spreads
hamburger meat,root vegetables
sausage,bottled water
tropical fruit,yogurt
curd,whole milk
tropical fruit,margarine
tropical fruit,semi-finished bread
whole milk,newspapers
zwieback,curd
cream cheese,beverages
rolls/buns,yogurt
meat,root vegetables
brown bread,whole milk
soda,frozen meals
UHT-milk,whipped/sour cream
frankfurter,other vegetables
meat,citrus fruit
whole milk
sausage,other vegetables
herbs,grapes
whole milk,white bread
other vegetables,yogurt
brown bread,curd
whipped/sour cream,beef
other vegetables,pastry
pork,brown bread
flower soil/fertilizer,rolls/buns
whole milk
grapes,canned fish
liver loaf,specialty chocolate
rolls/buns,frozen vegetables
citrus fruit,rolls/buns
sausage,canned beer
pastry,chewing gum
beverages,specialty bar
beverages,chocolate
other vegetables,whole milk
tropical fruit,chewing gum
beef,specialty chocolate
frozen dessert,berries
soda,sliced cheese
pork,curd
rolls/buns,red/blush wine
domestic eggs,bottled beer
whole milk,pip fruit
candy,other vegetables
pork,pickled vegetables
frankfurter,pastry
ham,specialty bar
salty snack,liquor
whole milk,root vegetables
canned beer,brown bread
newspapers,red/blush wine
hard cheese,curd
tropical fruit,rolls/buns
yogurt,whole milk
tropical fruit,other vegetables
whole milk,frozen meals
ice cream,shopping bags
bottled beer,whole milk
citrus fruit,onions
hamburger meat,bottled water
frozen fish,mustard
frozen vegetables,yogurt
tropical fruit,other vegetables
citrus fruit,whipped/sour cream
sausage,canned beer
whipped/sour cream,yogurt
sausage,canned beer
yogurt,hygiene articles
pastry,onions
pork,rolls/buns
curd,dessert
sausage,soda
sausage,soda
berries,candy
root vegetables,candy
rolls/buns,tropical fruit
domestic eggs,citrus fruit
tidbits,berries
curd,ice cream
hygiene articles,canned fish
spread cheese,whole milk
berries,red/blush wine
coffee,soda
other vegetables,root vegetables
frankfurter,dessert
sausage,rolls/buns
ice cream,whole milk
frankfurter,dishes
dessert,cake bar
ham,chocolate
semi-finished bread,shopping bags
whole milk,butter
root vegetables,curd
beef,brown bread
citrus fruit,yogurt
citrus fruit,rolls/buns
bottled water,fruit/vegetable juice
pork,shopping bags
frankfurter,beverages
berries,frozen vegetables
bottled beer
ham,soda
whole milk,rolls/buns
coffee,butter
chicken,cat food
frankfurter,red/blush wine
beef,whole milk
canned beer,whipped/sour cream
rolls/buns,long life bakery product
whole milk
pip fruit,soda
soda,whole milk
bottled beer,frozen dessert
frankfurter,grapes
sausage,berries
other vegetables,whole milk
soda,nut snack
onions,liquor (appetizer)
root vegetables,soda
other vegetables
chewing gum,soft cheese
fruit/vegetable juice,female sanitary products
pork,onions
dessert,curd
flour,brown bread
tropical fruit,herbs
pip fruit,bottled water
yogurt,grapes
ice cream,salty snack
pastry,soft cheese
whole milk,nuts/prunes
citrus fruit,processed cheese
onions,soda
berries,grapes
tropical fruit,chewing gum
bottled water,root vegetables
whole milk,sauces
UHT-milk,whipped/sour cream
pork,white bread
pastry,UHT-milk
other vegetables,yogurt
frozen meals,rolls/buns
root vegetables,whole milk
soda,candy
chicken,brown bread
dessert,shopping bags
sausage,frozen meals
other vegetables,beverages
soda,butter milk
beef,domestic eggs
berries,onions
ham,pickled vegetables
citrus fruit,cream cheese
berries,other vegetables
meat,tropical fruit
coffee,other vegetables
long life bakery product,napkins
whole milk
root vegetables,flower (seeds)
yogurt,whole milk
soda,other vegetables
frankfurter,ketchup
photo/film,liquor (appetizer)
tropical fruit,rolls/buns
chicken,whipped/sour cream
soda,candy
sausage,soda
citrus fruit,root vegetables
pastry,shopping bags
root vegetables,male cosmetics
hard cheese,yogurt
curd,domestic eggs
berries,sliced cheese
cat food,other vegetables
bottled water,sugar
soda,other vegetables
fruit/vegetable juice,roll products
brown bread,other vegetables
citrus fruit,berries
whipped/sour cream,soda
yogurt,berries
chicken,beef
photo/film,whole milk
sausage,butter
tropical fruit,curd cheese
whole milk
butter,margarine
citrus fruit,pastry
pork,semi-finished bread
frozen fish,whole milk
beef,berries
other vegetables,domestic eggs
chicken,tropical fruit
beverages,soda
pork,flour
candy,yogurt
whole milk,whipped/sour cream
other vegetables,whole milk
coffee,frozen vegetables
sausage,pastry
bottled beer,oil
soda,other vegetables
frankfurter,long life bakery product
whipped/sour cream,pastry
tropical fruit,butter milk
sausage,root vegetables
rolls/buns
other vegetables,domestic eggs
citrus fruit,rolls/buns
pastry,cat food
citrus fruit,white bread
pet care,snack products
butter,whole milk
citrus fruit,tropical fruit
whole milk,beef
pork,dessert
ham,berries
soda,rolls/buns
tropical fruit,cocoa drinks
ham,bottled beer
sausage,frozen vegetables
dishes,yogurt
other vegetables,whole milk
semi-finished bread,whole milk
sausage,newspapers
citrus fruit,curd
bottled beer,beverages
soda,other vegetables
pastry,curd
bottled beer,whole milk
specialty chocolate,brown bread
soda,UHT-milk
misc. beverages,soft cheese
seasonal products,bottled beer
citrus fruit,canned beer
yogurt,domestic eggs
meat,coffee
frankfurter,whole milk
frankfurter,coffee
packaged fruit/vegetables,onions
root vegetables,cream cheese
pastry,chewing gum
frankfurter,whole milk
whole milk,chocolate
citrus fruit,yogurt
beef,yogurt
frankfurter,shopping bags
pork,bottled water
sausage,misc. beverages
whipped/sour cream,rolls/buns
coffee,baking powder
sausage,root vegetables
tropical fruit,canned beer
pork,root vegetables
pork,bottled water
other vegetables,chocolate
chicken,whisky
ham,brown bread
root vegetables,newspapers
tropical fruit,yogurt
soda,whisky
whole milk,chocolate
whole milk,soda
bottled beer,domestic eggs
brown bread,chocolate
bottled beer,oil
dessert,fruit/vegetable juice
sausage,domestic eggs
meat,rolls/buns
pip fruit,specialty bar
beef,yogurt
root vegetables,kitchen towels
dessert,other vegetables
dessert,cream cheese
other vegetables,yogurt
beverages,domestic eggs
frankfurter,yogurt
citrus fruit,specialty chocolate
pastry,cream cheese
yogurt,rolls/buns
whole milk,flour
sausage,waffles
pip fruit,candles
sausage,soda
bottled water,UHT-milk
meat,specialty chocolate
finished products,liquor
other vegetables,packaged fruit/vegetables
domestic eggs,whole milk
soda,dog food
chicken,vinegar
sausage,long life bakery product
soda,specialty chocolate
whole milk,hard cheese
rolls/buns,yogurt
canned beer,whole milk
bottled beer,hard cheese
citrus fruit,berries
napkins,frozen vegetables
beef,ice cream
canned beer,napkins
ham,tropical fruit
frankfurter,soda
yogurt,brown bread
turkey,shopping bags
whole milk,rolls/buns
yogurt,canned beer
chicken,waffles
whole milk,specialty cheese
sausage,soda
chicken,shopping bags
citrus fruit,other vegetables
tropical fruit,yogurt
rolls/buns,citrus fruit
UHT-milk,candles
candy,margarine
pip fruit,chocolate marshmallow
whole milk,fruit/vegetable juice
coffee,yogurt
sausage,margarine
citrus fruit,rolls/buns
rolls/buns,hard cheese
whole milk,specialty bar
whipped/sour cream,other vegetables
citrus fruit,fruit/vegetable juice
butter milk,canned beer
frankfurter,whipped/sour cream
frankfurter,pip fruit
beef,onions
chicken,rolls/buns
canned beer,frozen vegetables
sausage,semi-finished bread
specialty bar,chicken
bottled water,shopping bags
chicken,coffee
whole milk,cat food
sausage,napkins
canned beer,soda
rolls/buns,chocolate
bottled water,chocolate
soda,whipped/sour cream
chicken,rolls/buns
beverages,prosecco
nuts/prunes,white wine
rolls/buns,specialty bar
other vegetables,dessert
packaged fruit/vegetables,herbs
sausage,cream cheese
pip fruit,domestic eggs
soda,meat
liver loaf,rolls/buns
pork,specialty cheese
chicken,roll products
tropical fruit,soda
flower soil/fertilizer,tropical fruit
meat,coffee
sausage,dog food
citrus fruit,cream cheese
beef,tropical fruit
whole milk,liquor (appetizer)
whipped/sour cream,white bread
chicken,long life bakery product
chicken,onions
bottled water,beverages
pork,yogurt
ice cream,whole milk
ham,grapes
butter milk,white wine
frankfurter,other vegetables
pork,tropical fruit
sausage,bottled water
berries,shopping bags
sausage,newspapers
whole milk,hard cheese
other vegetables,soda
sausage,UHT-milk
rolls/buns,other vegetables
yogurt,pet care
root vegetables,pip fruit
rolls/buns,red/blush wine
herbs,rolls/buns
other vegetables,rolls/buns
pip fruit,whole milk
pork,dessert
soda,other vegetables
onions,long life bakery product
other vegetables,coffee
hamburger meat,bottled water
rum,onions
shopping bags,coffee
other vegetables,newspapers
beef,chocolate
root vegetables,fruit/vegetable juice
frankfurter,whipped/sour cream
frankfurter,domestic eggs
ice cream,soda
pastry,white bread
chicken,other vegetables
baking powder,yogurt
berries,curd
pet care,chocolate
misc. beverages,brown bread
sausage,salt
whipped/sour cream,butter milk
rolls/buns,frozen meals
fish,chocolate
tropical fruit,specialty bar
other vegetables,whole milk
ham,white bread
meat,fruit/vegetable juice
margarine,whole milk
sausage,female sanitary products
citrus fruit,curd
sausage,white wine
sausage,meat spreads
other vegetables,soda
meat,chocolate
soda,yogurt
sausage,sugar
pip fruit,UHT-milk
tropical fruit,margarine
other vegetables,rolls/buns
pastry,rolls/buns
frankfurter,soda
domestic eggs,bottled water
rolls/buns,frozen meals
citrus fruit,yogurt
domestic eggs,hamburger meat
citrus fruit,whole milk
citrus fruit,other vegetables
sausage,dessert
ice cream,other vegetables
citrus fruit,bottled water
pip fruit,whipped/sour cream
citrus fruit,chicken
brown bread,frozen vegetables
sausage,tropical fruit
canned beer,yogurt
sausage,hygiene articles
canned beer,margarine
soda,cream cheese
citrus fruit,frozen meals
sausage,curd
other vegetables,root vegetables
beef,root vegetables
meat,pastry
canned beer,newspapers
ice cream,whipped/sour cream
soda,yogurt
whole milk,flour
pastry,whole milk
whipped/sour cream,coffee
chocolate,rolls/buns
pork,margarine
rolls/buns
frankfurter,other vegetables
salty snack,white wine
photo/film,onions
photo/film,soda
soda,liquor (appetizer)
bottled beer,packaged fruit/vegetables
frozen meals,whole milk
citrus fruit,other vegetables
domestic eggs,other vegetables
tropical fruit,curd
seasonal products,white wine
grapes,curd
shopping bags,whole milk
semi-finished bread,flour
tropical fruit,newspapers
seasonal products,salt
salty snack,beef
citrus fruit,bottled water
rolls/buns,whole milk
ice cream,grapes
sausage,rolls/buns
yogurt,rolls/buns
pastry,candy
hamburger meat,other vegetables
onions,coffee
whipped/sour cream,brown bread
newspapers,root vegetables
other vegetables,frozen fish
liver loaf,pip fruit
rolls/buns
fish,yogurt
canned beer,flour
bottled beer,candy
frozen meals,other vegetables
pot plants,rolls/buns
pork,bottled beer
berries,domestic eggs
sausage,shopping bags
white bread,candy
shopping bags,whole milk
cream cheese,soda
berries,rolls/buns
tropical fruit,canned fish
frozen meals,yogurt
ice cream,shopping bags
frankfurter,root vegetables
rolls/buns
fruit/vegetable juice,beef
beverages,rolls/buns
berries,rolls/buns
fruit/vegetable juice,root vegetables
sausage,cat food
tropical fruit,pastry
soda,mustard
finished products,newspapers
salt,citrus fruit
berries,whipped/sour cream
potato products,pip fruit
ham,yogurt
specialty chocolate,liquor
whole milk,pip fruit
pastry,shopping bags
frankfurter,other vegetables
grapes,zwieback
pot plants,other vegetables
other vegetables,soda
root vegetables,meat
soda,cat food
bottled beer,whole milk
rolls/buns,misc. beverages
grapes,whole milk
tropical fruit,fruit/vegetable juice
citrus fruit,tropical fruit
chicken,UHT-milk
citrus fruit,yogurt
cleaner,chewing gum
canned beer,cookware
misc. beverages,yogurt
soap,hard cheese
specialty chocolate,whipped/sour cream
pip fruit,cake bar
other vegetables,frozen meals
pork,soda
pork,red/blush wine
cereals,sausage,tropical fruit,other vegetables
tropical fruit,rolls/buns
sparkling wine,waffles
other vegetables,salty snack
dish cleaner,soda
tropical fruit,butter milk
pork,yogurt
pork,semi-finished bread
frankfurter,yogurt
rolls/buns,butter
yogurt,whole milk
packaged fruit/vegetables,waffles
tropical fruit,yogurt
cream cheese,salty snack
curd,yogurt
whole milk,bottled water
whole milk,detergent
other vegetables,rolls/buns
sausage,whole milk
butter,yogurt
tropical fruit,curd
hamburger meat,cleaner
chicken,root vegetables
cooking chocolate,oil
zwieback,yogurt
cream cheese,cleaner
sausage,shopping bags
zwieback,white bread
waffles,curd
yogurt,hygiene articles
meat,rum
sausage,other vegetables
turkey,whipped/sour cream
citrus fruit,onions
berries,curd
canned beer,chocolate
whole milk
whole milk,bottled beer
berries,sauces
hamburger meat,white wine
liquor,Instant food products
chocolate,root vegetables
sausage,frozen vegetables
domestic eggs,pastry
chicken,rolls/buns
sausage,candles
butter milk,long life bakery product
ham,whipped/sour cream
whole milk,whipped/sour cream
beef,newspapers
specialty bar,waffles
coffee,butter milk
beverages,bottled water
fish,specialty chocolate
pip fruit,citrus fruit
coffee,onions
canned beer,tropical fruit
frozen fish,rolls/buns
whole milk,butter
whole milk,tropical fruit
pastry,soda
sausage,processed cheese
beef,candy
frankfurter,fruit/vegetable juice
meat,hamburger meat
whole milk,root vegetables
canned beer,chocolate
rolls/buns,specialty chocolate
pip fruit,hard cheese
whole milk,beef
sausage,long life bakery product
beef,other vegetables
pastry,UHT-milk
frankfurter,ice cream
yogurt,ice cream
cat food,soda
pet care,beef
ham,specialty chocolate
sausage,liquor
tropical fruit,other vegetables
whole milk,other vegetables
canned vegetables,chocolate marshmallow
pork,brown bread
pip fruit,root vegetables
sausage,semi-finished bread
pork,yogurt
citrus fruit,soda
citrus fruit,sugar
sausage,brown bread
berries,napkins
brown bread,rolls/buns
curd,spices
whipped/sour cream,beverages
pip fruit,tropical fruit
sausage,canned beer
shopping bags,waffles
citrus fruit,soda
frankfurter,hamburger meat
oil,yogurt
beverages,bottled water
soda,whole milk
whole milk,cream cheese
pork,sliced cheese
bottled water,rolls/buns
brown bread,whipped/sour cream
whole milk,pip fruit
rolls/buns,newspapers
whole milk,UHT-milk
ham,onions
frankfurter,whole milk
specialty cheese,napkins
pork,pastry
citrus fruit,butter milk
canned vegetables,whole milk
sausage,other vegetables
frankfurter,pastry
domestic eggs,bottled beer
sausage,beef
spread cheese,specialty bar
other vegetables,yogurt
misc. beverages,long life bakery product
citrus fruit,pork
beef,white bread
yogurt,cream cheese
sausage,other vegetables
chocolate,tropical fruit
other vegetables,soda
butter,newspapers
tropical fruit,citrus fruit
other vegetables,condensed milk
canned beer,meat
chicken,pip fruit
sausage,whole milk
curd,whole milk
salty snack,other vegetables
other vegetables,rolls/buns
citrus fruit,waffles
sausage,whole milk
citrus fruit,root vegetables
tropical fruit,grapes
chicken,yogurt
white wine,cat food
sausage,sliced cheese
sausage,grapes
cat food,pasta
beef,yogurt
frankfurter,margarine
frankfurter,soups
tropical fruit,canned beer
bottled water,root vegetables
whole milk,seasonal products
pet care,whole milk
ham,other vegetables
pip fruit,vinegar
bottled water,rolls/buns
tropical fruit,other vegetables
citrus fruit,margarine
pork,pip fruit
citrus fruit,tropical fruit
newspapers,pastry
curd,domestic eggs
whole milk,cream cheese
sausage,whole milk
UHT-milk,other vegetables
tropical fruit,chocolate
yogurt,domestic eggs
other vegetables,root vegetables
turkey,whipped/sour cream
pastry,other vegetables
whipped/sour cream,pip fruit
misc. beverages,liquor
brown bread,root vegetables
ham,pastry
sausage,rolls/buns
tropical fruit,waffles
citrus fruit,pickled vegetables
photo/film,grapes
sausage,pork
frankfurter,whole milk
brown bread,yogurt
pork,long life bakery product
chocolate,whole milk
frankfurter,margarine
whole milk,other vegetables
chicken
citrus fruit,whole milk
hamburger meat,whipped/sour cream
root vegetables,domestic eggs
finished products,other vegetables
canned beer,berries
whole milk,dishes
bottled water,other vegetables
turkey,newspapers
turkey,domestic eggs
meat,liver loaf
tropical fruit,napkins
detergent,rolls/buns
liquor,specialty chocolate
citrus fruit,rolls/buns
whole milk,pip fruit
frankfurter,frozen vegetables
frankfurter,whole milk
waffles,chocolate
whole milk,ice cream
berries,other vegetables
frankfurter,margarine
citrus fruit,make up remover
soda,sugar
pork,other vegetables
frankfurter,other vegetables
ham,processed cheese
citrus fruit,other vegetables
chicken,rolls/buns
whole milk,other vegetables
tropical fruit,soda,UHT-milk
sausage,beef,whipped/sour cream
hamburger meat,other vegetables,domestic eggs
citrus fruit,white bread,processed cheese
sausage,hard cheese,bottled beer
red/blush wine,specialty bar,rolls/buns
other vegetables,ready soups,baking powder
ham,whole milk,candy
beef,citrus fruit,pastry
pip fruit,whole milk,margarine
beef,dog food,yogurt
whole milk,canned beer,processed cheese
pork,light bulbs,waffles
frankfurter,pot plants,brown bread
red/blush wine,other vegetables,rolls/buns
bottled water,yogurt,butter
ham,rolls/buns,flower (seeds)
soda,other vegetables,frozen vegetables
soda,shopping bags,canned beer
yogurt,rice,butter
cleaner,pip fruit,pastry
frankfurter,salty snack,house keeping products
frankfurter,whipped/sour cream,bottled water
pip fruit,flour,other vegetables
ham,newspapers,bottled beer
condensed milk,waffles,domestic eggs
soda,flour,cocoa drinks
beef,jam,flower (seeds)
rolls/buns,domestic eggs,coffee
pork,salty snack,sliced cheese
sausage,hamburger meat,other vegetables
sausage,hair spray,canned beer
butter,grapes,bottled water
berries,soda,bottled beer
sausage,soda,candy
sausage,shopping bags,light bulbs
sausage,root vegetables,kitchen towels
hamburger meat,dessert,sliced cheese
other vegetables,whole milk,semi-finished bread
soda,other vegetables,bottled beer
sausage,yogurt,whole milk
rolls/buns,cream cheese,brown bread
beef,whole milk,frozen vegetables
sausage,hamburger meat,white bread
pork,soda
rolls/buns,beef,coffee
pip fruit,frozen vegetables,bottled water
whole milk,hamburger meat,roll products
frankfurter,fruit/vegetable juice,shopping bags
pork,male cosmetics
sausage,soda,cream cheese
packaged fruit/vegetables,frozen fruits,rolls/buns
coffee,berries,pickled vegetables
other vegetables,berries,whipped/sour cream
sausage,soda,frozen vegetables
ham,dessert,yogurt
bottled water,napkins,pastry
bottled water,berries,oil
ham,bottled beer,rolls/buns
tropical fruit,frozen dessert,newspapers
tropical fruit,berries,chocolate
berries,packaged fruit/vegetables,tidbits
whole milk,finished products,beef
canned vegetables,chicken,rolls/buns
other vegetables,rum,bottled water
pip fruit,tropical fruit,whole milk
other vegetables,bottled water,baking powder
tropical fruit,root vegetables,rolls/buns
rolls/buns,newspapers,cereals
frankfurter,red/blush wine,other vegetables
root vegetables,specialty chocolate,whisky
chicken,berries,whipped/sour cream
meat,pip fruit,yogurt
canned beer,chicken,other vegetables
frankfurter,frozen meals,dishes
ham,pork,soda
chicken,pork,brandy
whole milk,other vegetables,newspapers
berries,pip fruit,pastry
pork,white wine,margarine
cat food,tropical fruit,whipped/sour cream
other vegetables,rolls/buns,root vegetables
whole milk,chocolate marshmallow,rolls/buns
dishes,other vegetables,pastry
whole milk,coffee,chewing gum
whole milk,beef,canned beer
pork,soda,yogurt
sausage,root vegetables,bottled beer
whipped/sour cream,pastry,napkins
pork,white bread,waffles
chocolate,pastry,butter
long life bakery product,hamburger meat,whole milk
beef,domestic eggs,pastry
frankfurter,curd,specialty cheese
tropical fruit,whole milk
tropical fruit,other vegetables,rice
frankfurter,sliced cheese,butter
sausage,canned vegetables,margarine
root vegetables,grapes,whole milk
pork,canned beer,specialty bar
chicken,tropical fruit,whipped/sour cream
other vegetables,citrus fruit,canned beer
whole milk,pip fruit,softener
whipped/sour cream,canned beer,sliced cheese
zwieback,shopping bags,kitchen towels
pork,white bread,domestic eggs
rolls/buns,chewing gum,other vegetables
root vegetables,pastry,candles
citrus fruit,whole milk,bottled water
pip fruit,frozen vegetables,butter milk
sausage,spread cheese,bottled water
frankfurter,specialty cheese,soft cheese
chicken,whole milk,newspapers
sausage,grapes,light bulbs
long life bakery product,root vegetables,other vegetables
citrus fruit,bottled beer,ice cream
other vegetables,margarine
pip fruit,salty snack,yogurt
tropical fruit,soda,canned beer
onions,margarine,sweet spreads
root vegetables,herbs,cream cheese
rolls/buns,other vegetables,soft cheese
frankfurter,bottled beer,pastry
turkey,herbs,white bread
butter milk,soda,rolls/buns
whole milk,butter milk,beverages
onions,brown bread,domestic eggs
herbs,yogurt,misc. beverages
berries,canned fish,waffles
ice cream,onions,soda
whipped/sour cream,pickled vegetables,dish cleaner
chicken,hamburger meat,shopping bags
bottled beer,specialty bar,baking powder
napkins,whole milk,butter milk
sausage,white bread,coffee
tropical fruit,pip fruit,rolls/buns
grapes,yogurt,condensed milk
beef,pastry,curd
whipped/sour cream,yogurt,hygiene articles
oil,bottled water
other vegetables,canned beer,newspapers
ice cream,shopping bags,soda
frankfurter,pip fruit,brown bread
hard cheese,margarine,rolls/buns
canned beer,misc. beverages,long life bakery product
other vegetables,pip fruit,domestic eggs
whole milk,domestic eggs,yogurt
sausage,liquor (appetizer),coffee
root vegetables,whole milk,rolls/buns
other vegetables,white bread,detergent
sliced cheese,pastry,onions
whole milk,soda,newspapers
yogurt,margarine,newspapers
frankfurter,citrus fruit,newspapers
sausage,bottled beer,misc. beverages
citrus fruit,brown bread,pastry
frankfurter,soft cheese,mustard
bottled water,other vegetables,vinegar
finished products,brown bread,dishes
abrasive cleaner,yogurt,frozen meals
dessert,other vegetables,long life bakery product
other vegetables,whole milk,canned fruit
curd,yogurt,detergent
bottled beer,other vegetables,salty snack
whipped/sour cream,other vegetables,flour
frankfurter,butter,red/blush wine
soda,pastry,bottled water
specialty cheese,brown bread,margarine
other vegetables,whole milk,candy
misc. beverages,other vegetables,brown bread
bottled water,pastry,fruit/vegetable juice
soda,snack products,whole milk
other vegetables,butter,whipped/sour cream
citrus fruit,butter,rolls/buns
root vegetables,berries,brandy
turkey,grapes,soda
yogurt,bottled water,processed cheese
citrus fruit,whole milk,UHT-milk
pip fruit,grapes,pastry
curd,UHT-milk,shopping bags
liver loaf,citrus fruit
whole milk,tropical fruit
beef
ice cream,flower (seeds)
beef,brown bread
pork,soda
pip fruit,other vegetables
chicken,UHT-milk
chicken,misc. beverages
liqueur,yogurt
berries,white wine
sausage,domestic eggs
sausage,tropical fruit
other vegetables
bottled beer,whole milk
sausage,grapes
bottled water,whipped/sour cream
newspapers,whipped/sour cream
soda,rolls/buns
packaged fruit/vegetables,rolls/buns
dessert,whipped/sour cream
hamburger meat,condensed milk
white bread,flour
sausage,other vegetables
shopping bags,curd
shopping bags,canned beer
beef,butter milk
citrus fruit,brown bread
citrus fruit,whole milk
frozen potato products,chewing gum
curd,pork
frankfurter,whole milk
whipped/sour cream,other vegetables
whole milk,yogurt
pastry,rolls/buns
whole milk,canned beer
whole milk,root vegetables
citrus fruit,whole milk
whole milk,hard cheese
oil,herbs
meat,other vegetables
specialty chocolate,brandy
bottled beer,UHT-milk
ice cream,other vegetables
other vegetables,semi-finished bread
beef,canned beer
canned vegetables,fish
beef,other vegetables
citrus fruit,waffles
sausage,chewing gum
bottled water,tropical fruit
tropical fruit,whole milk
other vegetables,photo/film
root vegetables,butter
dessert,onions
chewing gum,pot plants
onions,chicken
pip fruit,whole milk
soda,oil
packaged fruit/vegetables,butter
tropical fruit,other vegetables
canned beer,yogurt
sausage,whole milk
soda,hard cheese
whole milk,beef
frozen dessert,tropical fruit
citrus fruit,hard cheese
coffee,pip fruit
oil,other vegetables
tropical fruit,other vegetables
soda,whipped/sour cream
chicken,dog food
other vegetables
dessert,yogurt
sausage,rolls/buns
condensed milk,shopping bags
brown bread,pastry
pip fruit,whipped/sour cream
bottled water,whole milk
shopping bags,whole milk
sausage,tropical fruit
whole milk,grapes
soda,whole milk
whole milk,baking powder
pastry,sugar
citrus fruit,soda
ice cream,dog food
whole milk,cream cheese
whole milk,sliced cheese
frankfurter,whipped/sour cream
citrus fruit,whipped/sour cream
yogurt,fruit/vegetable juice
yogurt,detergent
rolls/buns
soda,yogurt
onions,other vegetables
butter milk,berries
frankfurter,root vegetables
frozen dessert,pastry
citrus fruit,beef
tropical fruit,citrus fruit
hard cheese,cream cheese
whipped/sour cream,citrus fruit
pork,long life bakery product
onions,frozen dessert
tropical fruit,grapes
other vegetables,yogurt
sausage,whipped/sour cream
chocolate,other vegetables
soda,onions
yogurt,pastry
pip fruit,yogurt
bottled water,root vegetables
bottled beer,canned beer
frozen vegetables,whipped/sour cream
detergent,salty snack
bottled water,frozen vegetables
other vegetables,dessert
yogurt
sweet spreads,frozen fish
tropical fruit,margarine
whole milk,pork
citrus fruit,coffee
citrus fruit,yogurt
citrus fruit,whole milk
pork,yogurt
yogurt,soda
beef,soda
shopping bags,long life bakery product
whipped/sour cream,root vegetables
other vegetables,whole milk
sugar,curd
packaged fruit/vegetables,rolls/buns
tropical fruit,waffles
whole milk,butter
canned beer,rolls/buns
tropical fruit,soda
chewing gum,rolls/buns
tropical fruit,chicken
white wine,citrus fruit
whole milk,UHT-milk
canned beer,pork
tropical fruit,specialty chocolate
chicken,canned beer
sweet spreads,bottled beer
packaged fruit/vegetables,specialty bar
other vegetables,pip fruit
citrus fruit,other vegetables
whipped/sour cream,other vegetables
hamburger meat,margarine
bottled water,grapes
frozen meals,napkins
white bread,cream cheese
pastry,specialty chocolate
bottled beer,instant coffee
tropical fruit,specialty bar
sausage,pastry
soda,other vegetables
rolls/buns,soda
UHT-milk,soda
nuts/prunes,cream cheese
canned beer,root vegetables
tropical fruit,margarine
oil,soda
rolls/buns,cream cheese
citrus fruit,pip fruit
berries,other vegetables
beef,fruit/vegetable juice
citrus fruit,shopping bags
frankfurter,sugar
whole milk,salty snack
beef,whole milk
pip fruit,whole milk
domestic eggs,fruit/vegetable juice
root vegetables,ice cream
softener,salty snack
whole milk,sauces
frankfurter,condensed milk
chicken,bottled water
sausage,chocolate
curd,zwieback
frankfurter,flour
pip fruit,pastry
yogurt,citrus fruit
rolls/buns,root vegetables
chicken,white bread
beef,other vegetables
citrus fruit,rolls/buns
beef,bottled water
rolls/buns,dishes
pastry,rolls/buns
canned beer,tropical fruit
whole milk,brandy
pip fruit,misc. beverages
citrus fruit,pastry
other vegetables,specialty chocolate
citrus fruit,tropical fruit
beef,white wine
meat,cake bar
UHT-milk,whole milk
frankfurter,pip fruit
sausage,pasta
rolls/buns,misc. beverages,soda
hamburger meat,flour,cling film/bags
turkey,photo/film,mayonnaise
specialty chocolate,hamburger meat,frozen fish
frankfurter,pickled vegetables,other vegetables
beef,whole milk,canned vegetables
berries,other vegetables,fruit/vegetable juice
kitchen utensil,bottled water,rolls/buns,pasta
soda,butter milk,whipped/sour cream
whole milk,butter,shopping bags
chicken,white wine,margarine
whole milk,soda,tea
brown bread,shopping bags,soda
frankfurter,whole milk,other vegetables
frankfurter,other vegetables,fruit/vegetable juice
pip fruit,onions,yogurt
sausage,whole milk,long life bakery product,UHT-milk,flour,chocolate
hygiene articles,chocolate,soups
frankfurter,bottled water,onions
citrus fruit,chewing gum,brown bread
tropical fruit,other vegetables,domestic eggs
chicken,pastry,soda
bottled water,shopping bags,brown bread
ham,whole milk,brown bread
canned beer,other vegetables,margarine
grapes,shopping bags,artif. sweetener
hamburger meat,root vegetables,bottled beer
curd,whole milk,canned beer
rolls/buns,citrus fruit,snack products
waffles,whole milk,meat spreads
beef,tea,oil
beef,margarine
butter,soda,oil
sausage,fruit/vegetable juice,chewing gum
frankfurter,canned beer,soda
chocolate,mustard,rolls/buns
UHT-milk,coffee,yogurt
sausage,meat spreads,domestic eggs
cream cheese,whipped/sour cream,napkins
bottled beer,rolls/buns,whole milk
rolls/buns,grapes,domestic eggs
rolls/buns,domestic eggs,napkins
finished products,margarine,whipped/sour cream
sausage,snack products,rolls/buns
tropical fruit,other vegetables,fruit/vegetable juice
beef,whole milk,frozen meals
sausage,dishes,rum
ham,flour,whipped/sour cream
grapes,berries,brown bread
whole milk,whipped/sour cream,long life bakery product
beef,ice cream,dish cleaner
canned fish,butter,pot plants
whole milk,candles,yogurt
chicken,frozen vegetables,candy
rolls/buns,shopping bags,whole milk
liver loaf,margarine,cat food
frankfurter,soda,chocolate
citrus fruit,whipped/sour cream,liquor
turkey,condensed milk,yogurt
sausage,whipped/sour cream,soda
beverages,chewing gum,rolls/buns
mayonnaise,frozen vegetables,processed cheese
rolls/buns,candy,white bread
chicken,sugar,domestic eggs
canned beer,brown bread,napkins
chicken,herbs,frozen meals
whole milk,candles
ham,tropical fruit,soda
rolls/buns,canned vegetables,cat food
whole milk,chewing gum,yogurt
soda,coffee,salty snack
shopping bags,root vegetables,sliced cheese
whole milk,pickled vegetables,soda
organic sausage,frozen meals,sugar
citrus fruit,domestic eggs,flour
beef,fruit/vegetable juice,whole milk
frankfurter,margarine,frozen vegetables
pork,chocolate,soap
yogurt,domestic eggs,pasta
butter,frozen dessert,whole milk
yogurt,red/blush wine,margarine
salty snack,waffles,specialty cheese
rolls/buns,margarine,whipped/sour cream
bottled beer,grapes,candy
beef,cake bar,butter
meat,rolls/buns,frozen potato products
semi-finished bread,liquor,pastry
whole milk,waffles,dessert
chicken,other vegetables,frozen meals
meat,shopping bags,UHT-milk
pastry,whole milk,dessert
rolls/buns,candy,onions
beverages,sliced cheese,semi-finished bread
other vegetables,candy,napkins
frankfurter,canned fish,beverages
pastry,shopping bags,sugar
sausage,margarine
citrus fruit,butter,UHT-milk
tropical fruit,soda,whipped/sour cream
salty snack,soda,oil
whole milk,misc. beverages,pot plants
pastry,curd,bottled beer
salty snack,cat food,frozen vegetables
canned beer,shopping bags,hard cheese
chicken,candy,sugar
bottled beer,soda,newspapers
whole milk,soda
pip fruit,soda,condensed milk
chocolate,whole milk,yogurt
citrus fruit,curd,margarine
soda,shopping bags,cream cheese
soda,other vegetables
frozen meals,red/blush wine,whipped/sour cream
newspapers,bottled beer,domestic eggs
sausage,whole milk,dessert
frozen meals,root vegetables,cat food
finished products,bottled water,cling film/bags
tropical fruit,canned beer,pastry
whole milk,pastry,specialty bar
ice cream,detergent,rolls/buns
processed cheese,hamburger meat,whole milk
soda,canned beer
newspapers,soda,female sanitary products
beef,rolls/buns,butter
grapes,root vegetables,shopping bags
pip fruit,whole milk,rolls/buns
chocolate marshmallow,whole milk
bottled beer,white wine,candles
pork,cereals
meat,butter milk
other vegetables,white bread
tropical fruit,whole milk
chicken,butter
bottled beer,butter
sausage,chocolate
yogurt,root vegetables
frankfurter,rolls/buns
frankfurter,pastry
citrus fruit,soda
frankfurter,yogurt
whipped/sour cream,yogurt
bottled water,whole milk
grapes,napkins
frankfurter,other vegetables
frankfurter,other vegetables
frankfurter,cream cheese
candy,frozen meals
other vegetables,rolls/buns
beef,roll products
bottled beer,bottled water
frankfurter,other vegetables
pork,oil
root vegetables,whole milk
beef,condensed milk
misc. beverages,whole milk
whole milk,candy
other vegetables,candy
beef,curd
sausage,frozen fruits
frankfurter,rolls/buns
whole milk,rolls/buns
sausage,frozen vegetables
other vegetables,cream cheese
sausage,cake bar
other vegetables,abrasive cleaner
frankfurter,UHT-milk
frankfurter,whole milk
curd,other vegetables
grapes,bottled beer
canned beer,yogurt
hamburger meat,tropical fruit
citrus fruit,onions
whole milk,rice
frozen dessert,soda
yogurt,whole milk
tropical fruit,misc. beverages
tropical fruit,other vegetables
fruit/vegetable juice,soda
hamburger meat,cream cheese
newspapers,domestic eggs
specialty chocolate,pastry
soda
ice cream,herbs
beef,oil
sausage,whipped/sour cream
yogurt,baking powder
whole milk,frozen dessert
ice cream,whole milk
frankfurter,packaged fruit/vegetables
hamburger meat,cat food
frankfurter,processed cheese
frankfurter,UHT-milk
sausage,bottled beer
pork,margarine
yogurt,root vegetables
ham,curd cheese
other vegetables,pastry
sausage,soda
beef,butter milk
dishes,dessert
pork,butter milk
beef,pastry
whole milk,domestic eggs
chicken,rolls/buns
yogurt
salty snack,white wine
pip fruit,other vegetables
sausage,bottled water
curd,root vegetables
beef,sweet spreads
salty snack,curd
frankfurter,bottled water
dessert,butter
frankfurter,domestic eggs
whole milk,canned beer
photo/film,bottled beer
pip fruit,dessert
sausage,UHT-milk
root vegetables,domestic eggs
frankfurter,bottled water
ham,spread cheese
pip fruit,fruit/vegetable juice
citrus fruit,newspapers
soda,candy
sugar,butter
hamburger meat,other vegetables
whole milk,frozen vegetables
nuts/prunes,coffee
frankfurter,domestic eggs
red/blush wine,canned fish
berries,cat food,pip fruit,specialty bar
sausage,house keeping products
salty snack,sugar
frankfurter,margarine
pork,pip fruit
misc. beverages,salty snack
ice cream,waffles
chocolate,hard cheese
whole milk,newspapers
other vegetables,brown bread
spread cheese,whole milk
whole milk,other vegetables
pip fruit,brown bread
frankfurter,brown bread
pork,specialty chocolate
citrus fruit
bottled beer,whole milk
citrus fruit,other vegetables
hamburger meat,sliced cheese
whipped/sour cream,ice cream
sausage,other vegetables
citrus fruit,rolls/buns
rolls/buns,pip fruit
sliced cheese,root vegetables
butter milk,rolls/buns
sausage,butter
other vegetables,whipped/sour cream
beef,pastry
hamburger meat,other vegetables
chicken,house keeping products
sausage,beverages
sausage,soda
bottled water,pastry
pastry,baking powder
cat food,canned vegetables
other vegetables,whole milk
whole milk,onions
other vegetables,whipped/sour cream
tropical fruit,canned beer
citrus fruit,bottled beer
pork,condensed milk
canned beer,bottled beer
frankfurter,pet care
yogurt,other vegetables
sausage,detergent
cream cheese,whole milk
other vegetables,soft cheese
sausage,butter
frankfurter,UHT-milk
citrus fruit,white bread
ham,yogurt
soda,canned beer
frankfurter,UHT-milk
citrus fruit,spread cheese
frozen fish,whole milk
whole milk,cocoa drinks
ham,whole milk
sausage,specialty chocolate
shopping bags,rice
cereals,dessert
frozen fish,pastry
whole milk,pip fruit
soda,rolls/buns
pastry,salty snack
frankfurter,pastry
yogurt,coffee
domestic eggs,newspapers
sausage,specialty bar
ham,salt
other vegetables,tropical fruit
tropical fruit,sliced cheese
whole milk,butter
sausage,margarine
soda,other vegetables
tropical fruit,yogurt
domestic eggs,chewing gum
red/blush wine,frozen fish
rolls/buns,whipped/sour cream
other vegetables
frankfurter,whole milk
citrus fruit,soda
dessert,yogurt
tropical fruit,canned beer
hamburger meat,dish cleaner
soda,other vegetables
chicken,white bread
rolls/buns,fruit/vegetable juice
butter,citrus fruit
pip fruit,soda
specialty bar,soda
sausage,long life bakery product
grapes,rolls/buns
semi-finished bread,liquor (appetizer)
domestic eggs,dessert
pastry,other vegetables
root vegetables,shopping bags
whole milk,hard cheese
meat,whipped/sour cream
canned beer,specialty bar
frankfurter,white bread
grapes,rolls/buns
candles,chewing gum
other vegetables,white bread
tropical fruit,soda
chicken,chocolate
soda,whole milk
ham,white wine
pork,soda
frozen vegetables,onions
beef,candy
pork,yogurt
dessert,sliced cheese
pork,domestic eggs
chicken,butter milk
hamburger meat,salty snack
chicken,rolls/buns
baking powder,frozen potato products
other vegetables,specialty chocolate
curd,pip fruit
tropical fruit,yogurt
rolls/buns,long life bakery product
meat,dessert
soda,bottled water
photo/film,rolls/buns
pet care,soda
other vegetables,frozen vegetables
citrus fruit,whole milk
citrus fruit,soda
rolls/buns,bottled water
canned beer,whipped/sour cream
canned beer,rolls/buns
sugar,napkins
meat,domestic eggs
frankfurter,canned beer
dishes,frozen fish
pork,cream cheese
frankfurter,mustard
other vegetables,tropical fruit
newspapers,detergent
berries,white bread
beef,frozen meals
whole milk,misc. beverages
citrus fruit,yogurt
other vegetables,sliced cheese
root vegetables,red/blush wine
frankfurter,domestic eggs
other vegetables,kitchen towels
sausage,salt
yogurt,newspapers
sausage,yogurt
hamburger meat,soft cheese
pork,pastry
tropical fruit,rolls/buns
rolls/buns,specialty bar
tropical fruit,other vegetables
sausage,canned fish
hamburger meat,bottled water
pip fruit,chewing gum
beef,coffee
other vegetables,domestic eggs
sausage,salty snack
other vegetables,curd
ham,other vegetables
frankfurter,domestic eggs
meat,whole milk
ham,yogurt
citrus fruit,grapes
rolls/buns,root vegetables
sausage,fruit/vegetable juice
root vegetables,curd
berries,pip fruit
pork,cream cheese
meat,butter
pastry,detergent
long life bakery product,canned vegetables
meat,pasta
meat,domestic eggs
sauces,ice cream
pip fruit,pastry
root vegetables,domestic eggs
ham,pickled vegetables
hamburger meat,pastry
yogurt,salty snack
beef,salty snack
citrus fruit,coffee
berries,pastry
frankfurter,pickled vegetables
citrus fruit,jam
onions,white wine
beef,shopping bags
frankfurter,other vegetables
pip fruit,chocolate marshmallow
brown bread,sugar,beef,citrus fruit,yogurt
meat,whole milk
citrus fruit,candy
beef,herbs
other vegetables,fruit/vegetable juice
chicken,cream cheese
sausage,frozen vegetables
tropical fruit,sugar
soda,whole milk
citrus fruit,root vegetables
coffee,sliced cheese
chicken,frozen vegetables
sugar,processed cheese
turkey,rolls/buns
cleaner,shopping bags
herbs,root vegetables
citrus fruit,specialty fat
citrus fruit,pastry
beef,waffles
sausage,brown bread
soda,whole milk
liquor,vinegar
pork,napkins
chicken,flour
pip fruit,rolls/buns
beef,root vegetables
frankfurter,napkins
bottled water,rolls/buns
canned beer,red/blush wine
pip fruit,soda
pip fruit,rolls/buns
sausage,specialty cheese
hamburger meat,rolls/buns
sausage,white wine
beef,newspapers
other vegetables,yogurt
pastry,bottled beer
chicken,soda
herbs,brown bread
beef,candles
butter,other vegetables
root vegetables,skin care
beef,rolls/buns
whipped/sour cream,tropical fruit
butter,rolls/buns
root vegetables,brown bread
tropical fruit,condensed milk
hamburger meat,brown bread
pork,pip fruit
beef,canned beer
grapes,other vegetables
frankfurter,red/blush wine
pork,whipped/sour cream
meat,salt
sausage,bottled water
root vegetables,whole milk
sausage,yogurt
canned beer,other vegetables
citrus fruit,rolls/buns
frankfurter,curd
sausage,beverages
pork,root vegetables
sausage,white bread
citrus fruit,salt
whole milk,brown bread
tropical fruit,soda
other vegetables,red/blush wine
rolls/buns
other vegetables,soda
sausage,dessert
root vegetables,curd
pastry,frozen dessert
bottled water,whipped/sour cream
other vegetables,rolls/buns
tropical fruit,soda
frankfurter,butter milk
pastry,snack products
citrus fruit,whole milk
meat,domestic eggs
ice cream,UHT-milk
whole milk,root vegetables
soda,rolls/buns
canned beer,rolls/buns
roll products,soda
tropical fruit,whole milk
other vegetables,whipped/sour cream
other vegetables,white bread
sugar,napkins
chicken,domestic eggs
chicken,domestic eggs
meat,shopping bags
rolls/buns,bottled water
root vegetables,fruit/vegetable juice
newspapers,white wine
ham,yogurt
sausage,candy
specialty cheese,beverages
seasonal products,soups
newspapers,frozen dessert
sausage,brown bread
rolls/buns,newspapers
whole milk,shopping bags
sausage,specialty cheese
ice cream,fruit/vegetable juice
chicken,sugar
shopping bags,margarine
bottled water,whole milk
root vegetables,shopping bags
sausage,dessert
chicken,pip fruit
ham,brown bread
tropical fruit,fruit/vegetable juice
rolls/buns,seasonal products
other vegetables,snack products
sausage,canned beer
berries,shopping bags
frankfurter,soda
yogurt,coffee
bottled water,canned beer
bottled water,other vegetables
berries,butter
pastry,other vegetables
citrus fruit,specialty cheese
chicken,frozen vegetables
sausage,other vegetables
fruit/vegetable juice,rolls/buns
beverages,soda
UHT-milk,shopping bags
turkey,yogurt
white wine,spread cheese
other vegetables,soft cheese
other vegetables,rolls/buns
sausage,whole milk
liver loaf,bottled beer
butter milk,pip fruit
pip fruit,whole milk
rolls/buns,dishes
frankfurter,margarine
frankfurter,bottled water
whole milk,pip fruit
frankfurter,bottled beer
dessert,whole milk
other vegetables,citrus fruit
oil,chewing gum
red/blush wine,bottled water
rolls/buns
tropical fruit,curd
root vegetables,whole milk
yogurt,other vegetables
sausage,cream cheese
whole milk,popcorn
ham,other vegetables
domestic eggs,whipped/sour cream
tropical fruit,root vegetables
root vegetables,beef
chicken,sliced cheese
pork,beef
coffee,roll products
waffles,spread cheese
butter,domestic eggs
sausage,whole milk
other vegetables,whipped/sour cream
house keeping products,frozen vegetables
liver loaf,other vegetables
citrus fruit,pot plants
hamburger meat,rolls/buns
sausage,bottled water
other vegetables,whole milk
citrus fruit,yogurt
sausage,flower (seeds)
other vegetables,frozen vegetables
ham,mayonnaise
tropical fruit,white bread
napkins,other vegetables
whole milk,brown bread
brown bread,frozen vegetables
sausage,other vegetables
hamburger meat,butter milk
citrus fruit,pickled vegetables
beverages,shopping bags
frozen meals,frozen potato products
beef,UHT-milk
sausage,white bread
sausage,margarine
hamburger meat,spread cheese
grapes,cream cheese
meat,root vegetables
other vegetables,domestic eggs
pork,yogurt
tropical fruit,frozen dessert
pip fruit,other vegetables
brown bread,processed cheese
waffles,bottled water
whole milk,soda
whole milk,mustard
root vegetables,other vegetables
other vegetables,bottled beer
pork,bottled water
pet care,whole milk
bottled water,curd
yogurt,bathroom cleaner
UHT-milk,margarine
canned beer,other vegetables
bottled water,domestic eggs
citrus fruit,whipped/sour cream
UHT-milk,whole milk
whole milk,sugar
chicken,frozen meals
citrus fruit,napkins
pork,pip fruit
sausage,fruit/vegetable juice
citrus fruit,rolls/buns
beef,curd
berries,other vegetables
beverages,whole milk
shopping bags,other vegetables
chicken,misc. beverages
napkins,soda
coffee,UHT-milk
root vegetables,butter
other vegetables,whipped/sour cream
canned beer,other vegetables
bottled beer,other vegetables
bottled beer,newspapers
hamburger meat,cream cheese
frankfurter,curd
root vegetables,Instant food products
soda,canned beer
soap,yogurt
yogurt,other vegetables
soda,beverages
newspapers,yogurt
whole milk,other vegetables
frankfurter,newspapers
frankfurter,hard cheese
canned beer
sparkling wine,specialty bar
sausage,curd
detergent,butter
butter,yogurt
bottled beer,dog food
ham,pastry
hygiene articles,other vegetables
tropical fruit,soda
tropical fruit,yogurt
meat,citrus fruit
chicken,rolls/buns
pet care,sliced cheese
beverages,yogurt
sausage,soda
yogurt,whole milk
whole milk,butter
oil,margarine
sausage,hamburger meat,newspapers
coffee,other vegetables,specialty cheese
liver loaf,vinegar,whole milk
sausage,bottled beer,bottled water
frankfurter,shopping bags,bottled water
whipped/sour cream,baking powder,cat food
frozen vegetables,yogurt,shopping bags
whipped/sour cream,coffee,shopping bags
frankfurter,rolls/buns,jam
whole milk,curd,bottled beer
yogurt,cream cheese
napkins,pastry,whole milk
root vegetables,newspapers,dishes
bottled water,yogurt,seasonal products
other vegetables,rice,specialty fat
bottled water,beverages,pastry
pip fruit,other vegetables,rolls/buns
napkins,cocoa drinks,shopping bags
tropical fruit,candy,salt
yogurt,long life bakery product,newspapers
sausage,whole milk,rolls/buns
yogurt,soda
cream cheese,canned beer,chewing gum
pip fruit,bottled beer,margarine
pip fruit,tropical fruit,whole milk
hamburger meat,toilet cleaner,rolls/buns
sugar,whole milk,shopping bags
sausage,bottled beer,hygiene articles
sausage,fruit/vegetable juice,salt
sausage,cat food,pastry
coffee,rolls/buns,other vegetables
pip fruit,rolls/buns,soda
whole milk,onions,pickled vegetables
onions,frozen vegetables,curd
ham,citrus fruit,cling film/bags
soda,sliced cheese,butter
root vegetables,frozen fruits,waffles
ham,yogurt,bottled water
sausage,yogurt,tidbits
semi-finished bread,other vegetables,soda
other vegetables,chewing gum,soft cheese
cream cheese,root vegetables,soda
dessert,UHT-milk,margarine
whole milk,domestic eggs,pasta
frankfurter,domestic eggs,frozen dessert
liquor (appetizer),candy,misc. beverages
curd,cream cheese,hygiene articles
curd,beef,napkins
other vegetables,canned beer,whole milk
pork,other vegetables,yogurt
frozen meals,margarine,semi-finished bread
soda,other vegetables
sausage,ketchup
other vegetables,beef
pip fruit,seasonal products
tropical fruit,cream cheese
canned beer,baking powder
root vegetables,dog food
sausage,sliced cheese
bottled water,root vegetables
citrus fruit,ice cream
whole milk,pastry
pastry,rolls/buns
pip fruit,sweet spreads
pork,whole milk
citrus fruit,syrup
curd,chicken
UHT-milk,other vegetables
rolls/buns,whipped/sour cream
whole milk,butter milk
root vegetables,whipped/sour cream
white bread,mustard
nuts/prunes,whole milk
whole milk,citrus fruit
soda,butter
hygiene articles,dessert
other vegetables,UHT-milk
citrus fruit,whole milk
sausage,whole milk
bottled beer,hard cheese
pork,hygiene articles
other vegetables,waffles
berries,chocolate marshmallow
citrus fruit,long life bakery product
sausage,candy
citrus fruit,berries
root vegetables
bottled beer
coffee,shopping bags
citrus fruit,bottled water
tropical fruit,salty snack
frankfurter,chocolate
white wine,whole milk
other vegetables,soda
sparkling wine,soda
frankfurter,whole milk
whipped/sour cream,fruit/vegetable juice
salty snack,brown bread
whole milk,cat food
sausage,canned beer
dessert,jam
citrus fruit,shopping bags
pip fruit,specialty bar
yogurt,shopping bags
butter,butter milk
tropical fruit,skin care
root vegetables,butter
meat,white bread
salty snack,dessert
beef,whipped/sour cream
fish,fruit/vegetable juice
root vegetables,chocolate
whole milk,domestic eggs
coffee,white wine
pastry,yogurt
waffles,specialty bar
sausage,dessert
sausage,yogurt
soda
sausage,whole milk
pip fruit,pastry
citrus fruit,cleaner
brown bread,yogurt
soda,yogurt
rolls/buns,napkins
citrus fruit,light bulbs
butter,newspapers
whole milk,margarine
fruit/vegetable juice,rolls/buns
flower (seeds),bottled beer
chocolate,curd cheese
frozen fruits,pot plants
beef,whole milk
root vegetables,semi-finished bread,canned beer,newspapers
whole milk,yogurt
sausage,pip fruit
whole milk,other vegetables
butter,pastry
citrus fruit,beef
meat,UHT-milk
sausage,other vegetables
UHT-milk,other vegetables
tropical fruit,onions
bottled water,butter
salty snack,whole milk
frankfurter,whole milk
tropical fruit,pastry
tropical fruit,specialty cheese
sausage,rolls/buns
frankfurter,misc. beverages
sausage,other vegetables
rolls/buns,coffee
hamburger meat,onions
meat,cream cheese
hamburger meat,other vegetables
ham,whole milk
beef,tropical fruit
meat,root vegetables
tropical fruit,semi-finished bread
whole milk,newspapers
frankfurter,whole milk
bottled water,whipped/sour cream
citrus fruit,rolls/buns
other vegetables,frozen meals
dessert,pastry
oil,other vegetables
bottled water,tidbits
root vegetables,whole milk
chicken,whole milk
whole milk,butter
frozen vegetables,other vegetables
tropical fruit,canned vegetables
root vegetables,salty snack
pork,butter
cream cheese,root vegetables
zwieback,rice
chicken,flower soil/fertilizer
bottled water,yogurt
pork,processed cheese
sausage,shopping bags
whole milk,newspapers
nuts/prunes,whole milk
sausage,bottled beer
brandy,whole milk
chicken,margarine
spread cheese,other vegetables
tropical fruit,other vegetables
canned beer,root vegetables
chicken,domestic eggs
yogurt,pip fruit
citrus fruit,other vegetables
waffles,pudding powder
chicken,nut snack
chewing gum,yogurt
whole milk,other vegetables
bottled beer,pip fruit
rolls/buns,beef
other vegetables,coffee
frankfurter,whipped/sour cream
finished products,berries
sausage,pastry
sausage,pastry
rolls/buns,pastry
root vegetables,specialty chocolate
whole milk,other vegetables
whole milk,whipped/sour cream
sausage,whipped/sour cream
whole milk,other vegetables
pip fruit,whole milk
soda,other vegetables
sausage,sliced cheese
frankfurter,Instant food products
cat food,rolls/buns
frankfurter,dessert
pork,white bread
pork,whole milk
canned beer
grapes,hard cheese
pork,other vegetables
beef,whole milk
beef,other vegetables
sausage,mustard
frankfurter,ice cream
tropical fruit,other vegetables
frankfurter,whole milk
pastry,syrup
whole milk
ham,other vegetables
rolls/buns,newspapers
finished products,rolls/buns
pork,sweet spreads
oil,fruit/vegetable juice
finished products,dessert
frankfurter,bottled water
chicken,whole milk
frozen meals,other vegetables
curd,UHT-milk
root vegetables,whole milk
beverages,sugar
whole milk,bottled beer
pork,cereals
frozen meals,newspapers
beef,rolls/buns
coffee,berries
pork,frozen meals
jam,root vegetables
chocolate,ice cream
soda,whole milk
ham,whole milk
chewing gum,condensed milk
finished products,frozen vegetables
soda,fruit/vegetable juice
frankfurter,prosecco
other vegetables
sausage,domestic eggs
pastry,fruit/vegetable juice
specialty bar,semi-finished bread
butter milk,butter
tropical fruit,root vegetables
pet care,butter milk
chicken,misc. beverages
other vegetables,ice cream
other vegetables,canned beer
whole milk,soda
whole milk,whipped/sour cream
tropical fruit,salt
sausage,whole milk
sausage,newspapers
rolls/buns,domestic eggs
UHT-milk,processed cheese
whole milk,Instant food products
citrus fruit,frozen vegetables
white wine,ice cream
curd,butter
bottled beer,whipped/sour cream
root vegetables,other vegetables
yogurt,whole milk
zwieback,salty snack
ham,Instant food products
citrus fruit,processed cheese
whole milk,grapes
liqueur,chocolate
beef,soda
semi-finished bread,bottled water
frankfurter,soda
rolls/buns,yogurt
frankfurter,brown bread
hamburger meat,spread cheese
other vegetables,bottled water
condensed milk,whole milk
whole milk,pastry
other vegetables,UHT-milk
butter milk,newspapers
bottled beer,canned fish
beef,butter
curd,yogurt
bottled beer,other vegetables
pastry,rolls/buns
white wine,coffee
other vegetables,butter milk
whole milk,pip fruit
ham,beverages
tropical fruit,grapes
sausage,spread cheese
other vegetables,margarine
sausage,rolls/buns
domestic eggs,curd
other vegetables,soda
sausage,hygiene articles
tropical fruit,domestic eggs
waffles,cling film/bags
pastry,pasta
pork,mayonnaise
waffles,other vegetables
pip fruit,pet care
rolls/buns
yogurt,bottled water
frankfurter,whipped/sour cream
cream,yogurt
yogurt,pip fruit
instant coffee,processed cheese
berries,tropical fruit,whole milk,soda
dessert,rolls/buns
whole milk
whole milk,soda
brown bread,whipped/sour cream
sausage,whipped/sour cream
onions,waffles
hygiene articles,newspapers
whole milk,margarine
other vegetables,specialty fat
tropical fruit,whole milk
salty snack,frozen vegetables
whole milk,pot plants
yogurt,root vegetables
pork,rolls/buns
bottled water,curd
whole milk,root vegetables
salty snack,kitchen towels
bottled beer
ham,domestic eggs
ice cream,flower (seeds)
chocolate marshmallow,yogurt
pip fruit,frozen vegetables
whole milk,cream cheese
yogurt,bathroom cleaner
yogurt,frozen potato products
hygiene articles,brown bread
UHT-milk,specialty cheese
root vegetables,butter
chocolate,cat food
sausage,chocolate
tropical fruit,liquor
finished products,canned fish
tropical fruit,soups
ham,frozen meals
root vegetables,softener
newspapers,red/blush wine
pork,napkins
coffee,UHT-milk
citrus fruit,baking powder
bottled beer,whole milk
frankfurter,canned fish
rolls/buns,newspapers
frankfurter,whole milk
chicken,salt
pip fruit,frozen fish
citrus fruit,waffles
root vegetables,rolls/buns
other vegetables,skin care
frankfurter,dessert
meat,dessert
whole milk,rolls/buns
rolls/buns,red/blush wine
soda,misc. beverages
sliced cheese
sausage,frozen meals
root vegetables,dessert
hamburger meat,whole milk
tropical fruit,specialty chocolate
bottled beer,pastry
sausage,pastry
condensed milk,pastry
whole milk,rolls/buns
chicken,cream
whole milk,rolls/buns
beef,rolls/buns
root vegetables,coffee
chicken,male cosmetics
pork,yogurt
frozen vegetables,rolls/buns
whole milk,shopping bags
hamburger meat,condensed milk
frankfurter,root vegetables
tropical fruit,rolls/buns
soda,napkins
yogurt,canned beer
UHT-milk,soda
pastry,other vegetables
citrus fruit,waffles
white bread,bottled water
oil,frozen potato products
root vegetables,packaged fruit/vegetables
pork,fruit/vegetable juice
tropical fruit,cat food
sausage,bottled water
meat,newspapers
sausage,hard cheese
curd,margarine
whole milk,cat food
sausage,whole milk
sausage,processed cheese
shopping bags,domestic eggs
UHT-milk,pastry
frankfurter,sparkling wine
soda,margarine
citrus fruit,soda
chicken,bottled water
pork,bottled water
frankfurter,ketchup
pip fruit,ice cream
chicken,soda
ham,brown bread
beverages,butter milk
margarine,bottled water
pork,processed cheese
ham,brown bread
berries,white bread
tropical fruit,prosecco
tropical fruit,yogurt
pastry,white bread
dessert,napkins
whole milk,canned beer
ice cream,whole milk
sliced cheese,cat food
beef,yogurt
meat,root vegetables
citrus fruit,rolls/buns
tropical fruit,rolls/buns
sausage,processed cheese
whole milk,rolls/buns
frozen meals,UHT-milk
sausage,onions
sausage,newspapers
newspapers,tropical fruit
whole milk,onions
beef,margarine
pip fruit,waffles
yogurt,butter milk
pork,fruit/vegetable juice
ice cream,yogurt
chicken,rolls/buns
citrus fruit,onions
frankfurter,root vegetables
sausage,frozen vegetables
tropical fruit,detergent
sausage,brown bread
cooking chocolate,chewing gum
chicken,rolls/buns
semi-finished bread,other vegetables
chicken,liquor
semi-finished bread,pip fruit
yogurt,root vegetables
yogurt,hard cheese
whole milk,chocolate
butter,rolls/buns
UHT-milk,brown bread
cereals,rolls/buns
other vegetables,bottled beer
tropical fruit,other vegetables
rolls/buns,root vegetables
tropical fruit,white bread
sugar,bottled water
pastry,semi-finished bread
cream cheese,UHT-milk
root vegetables,specialty cheese
canned beer,whipped/sour cream
rolls/buns,onions
soda,dessert
beverages,fruit/vegetable juice
other vegetables,soda
other vegetables,whole milk
berries,domestic eggs
grapes,domestic eggs
soda,whole milk
other vegetables,bottled beer
zwieback,cream cheese
rolls/buns,chewing gum
root vegetables,seasonal products
yogurt,tidbits
yogurt,roll products
bottled water,other vegetables
other vegetables,waffles
rolls/buns,bottled water
grapes,butter
tropical fruit,semi-finished bread
yogurt,root vegetables
curd,syrup
brown bread,rolls/buns
oil,margarine
beef,whole milk
pastry,bottled beer
whole milk,cake bar
pastry,frozen potato products
beef,shopping bags
tropical fruit,condensed milk
pastry,hard cheese
coffee,cream cheese
newspapers,specialty vegetables
whole milk,shopping bags
pip fruit,white wine
butter,dog food
citrus fruit,whole milk
meat spreads,mayonnaise
whole milk,fruit/vegetable juice
whole milk,bottled water
salt,brown bread
bottled water,chewing gum
coffee,brown bread
whole milk,cat food
onions,soda
condensed milk,rolls/buns
root vegetables,white bread
newspapers,chewing gum
other vegetables,sweet spreads
yogurt,shopping bags
salty snack,red/blush wine
butter milk,dessert
hamburger meat,soda
photo/film,bottled water
sliced cheese,onions
hamburger meat,frozen vegetables
yogurt,frozen meals
tropical fruit,red/blush wine
misc. beverages,oil
pork,soda
rolls/buns,other vegetables
whole milk,candy
fruit/vegetable juice,rolls/buns
citrus fruit,other vegetables
whipped/sour cream,soda
pip fruit,ice cream
sausage,pasta
bottled water,dishes
dessert,shopping bags
whipped/sour cream,rolls/buns
berries,curd
whole milk,pip fruit
whole milk,sliced cheese
other vegetables,whole milk
cream cheese,baking powder
other vegetables,napkins
sausage,specialty fat
dessert,dental care
soda,margarine
red/blush wine,domestic eggs
sausage,butter
butter milk,hard cheese
dessert,bottled water
yogurt,brown bread
soda,cream cheese
flour,dessert
other vegetables,whole milk
Instant food products,coffee
sausage,cake bar
misc. beverages,other vegetables
frozen vegetables
butter,white bread
rolls/buns,other vegetables
ham,cream cheese
yogurt,rolls/buns
citrus fruit,frozen meals
popcorn,butter
whole milk,cat food
pork,whole milk
other vegetables,margarine
other vegetables,whole milk
shopping bags,misc. beverages
rolls/buns,mayonnaise
other vegetables,rolls/buns
herbs,canned beer
butter,beef
soda,chewing gum
specialty cheese,onions
other vegetables,mustard
soda,curd
root vegetables,dessert
pastry,meat spreads
white wine,cream cheese
tropical fruit,UHT-milk
butter milk,rolls/buns
dessert,pastry
cream cheese,domestic eggs
salt,napkins
ice cream,soda
soft cheese,specialty chocolate
bottled water,soda
whole milk,onions
ice cream,margarine
bottled water,tropical fruit
bottled beer,ice cream
candy,chewing gum
ham,whole milk
canned beer,hygiene articles
cream cheese,rolls/buns
tropical fruit,fruit/vegetable juice
salt,margarine
rolls/buns,coffee
berries,whole milk
beef,pasta
citrus fruit,other vegetables
bottled beer,oil
rolls/buns,brown bread
bottled water,frozen potato products
chewing gum,butter
root vegetables,newspapers
pastry,misc. beverages
pastry,rolls/buns
yogurt,bottled water
sugar,cream cheese
other vegetables,pastry
beverages,jam
pork,other vegetables
specialty bar,soda
fruit/vegetable juice,other vegetables
female sanitary products,other vegetables
soda,yogurt
beef,baking powder
newspapers,white bread
sliced cheese,newspapers
curd,margarine
meat,butter
rolls/buns,fruit/vegetable juice
berries,root vegetables
citrus fruit,whole milk
mustard,flour
beef,mayonnaise
sausage,pastry
other vegetables,sugar
beverages,yogurt
herbs,rum
whipped/sour cream,red/blush wine
whole milk,newspapers
curd,whipped/sour cream
whole milk,cream cheese
whole milk,rolls/buns
oil,chocolate
beef,chewing gum
rolls/buns,dessert
rolls/buns,potato products
beef,berries
other vegetables,chewing gum
beverages,whole milk
soda,yogurt
pip fruit,UHT-milk
other vegetables,frozen fish
other vegetables,ice cream
citrus fruit,skin care
whole milk,root vegetables
berries,other vegetables
coffee,pastry
sausage,butter
pip fruit,whole milk
citrus fruit,sauces
rolls/buns,other vegetables
margarine,bottled water
root vegetables,bottled water
pip fruit,whole milk
other vegetables,yogurt
pip fruit,soda
citrus fruit,rolls/buns
citrus fruit,other vegetables
pip fruit,bottled beer
whole milk,flower (seeds)
tropical fruit,chocolate
whole milk,chocolate
frozen meals,bottled water
sugar,frozen fish
other vegetables,soda
other vegetables,whole milk
root vegetables,frozen vegetables
pork,cat food
berries,herbs
packaged fruit/vegetables,other vegetables
coffee,sugar
citrus fruit,domestic eggs
rolls/buns,yogurt
beef,rolls/buns
soda
packaged fruit/vegetables,sweet spreads
white wine,domestic eggs
white bread,mayonnaise
chicken,onions
whole milk,candy
citrus fruit,coffee
hard cheese,tropical fruit
yogurt,other vegetables
cake bar,butter milk
soda,curd
citrus fruit,processed cheese
root vegetables,pickled vegetables
brown bread,whole milk
canned fish,yogurt
whole milk,specialty chocolate
other vegetables,margarine
root vegetables,whipped/sour cream
hygiene articles,white bread
yogurt,canned beer
other vegetables,tropical fruit
white bread,bottled water
mayonnaise,brown bread
specialty chocolate,rolls/buns
meat,rolls/buns
pip fruit,whipped/sour cream
other vegetables,soda
citrus fruit,brown bread
rolls/buns,sauces
salty snack,condensed milk
beverages,whipped/sour cream
butter,whole milk
whole milk,butter
whole milk,soda
whole milk
hamburger meat,margarine
whipped/sour cream,pot plants
canned beer,onions
domestic eggs,rolls/buns
soda,tropical fruit,specialty chocolate,root vegetables
bottled beer,whipped/sour cream
hygiene articles,chocolate
whole milk,canned beer
fruit/vegetable juice,whole milk
sausage,other vegetables
root vegetables,newspapers
sausage,brown bread
root vegetables,UHT-milk
brown bread,frozen dessert
packaged fruit/vegetables,whole milk
bottled water,other vegetables
white bread,domestic eggs
coffee,whipped/sour cream
butter milk,whole milk
newspapers,yogurt
citrus fruit,whipped/sour cream
frozen dessert,fruit/vegetable juice
butter milk,other vegetables
yogurt,beef
liquor,UHT-milk
butter,rolls/buns
hard cheese,coffee
liver loaf,fruit/vegetable juice
pastry,brown bread
tropical fruit,rolls/buns
whole milk,pip fruit
rolls/buns,whole milk
whole milk,bottled water
chocolate,white bread
rolls/buns,whole milk
other vegetables,whole milk
bathroom cleaner,beverages
red/blush wine,sugar
butter milk,citrus fruit
whole milk,frozen vegetables
other vegetables,sliced cheese
bottled water,berries
yogurt,onions
whole milk,other vegetables
tropical fruit,yogurt
ham,female sanitary products
rolls/buns,canned beer
citrus fruit,root vegetables
frozen vegetables,bottled beer
citrus fruit,brown bread,specialty chocolate
berries,butter,tea
pet care,newspapers,dog food
yogurt,canned vegetables,seasonal products
chewing gum,coffee,margarine
pastry,domestic eggs,dish cleaner
pet care,frozen vegetables,spices
tropical fruit,citrus fruit,newspapers
oil,soda,sliced cheese
misc. beverages,citrus fruit,napkins
soda,fruit/vegetable juice,bottled beer
other vegetables,newspapers,rolls/buns
canned beer,yogurt,white bread
UHT-milk,other vegetables,cream cheese,rolls/buns
canned beer,sugar,hygiene articles,whole milk
other vegetables,jam,cat food,fruit/vegetable juice
oil,misc. beverages,candy,yogurt
other vegetables,soda,dish cleaner
zwieback,frozen dessert,shopping bags,cream cheese
tropical fruit,UHT-milk,napkins,whole milk
hygiene articles,root vegetables,soda,pastry
brown bread,rolls/buns,soda,whole milk
beef,whole milk,frozen dessert,whipped/sour cream
canned beer,rolls/buns,artif. sweetener,soda
ham,whipped/sour cream,soda,light bulbs
root vegetables,butter,specialty bar,domestic eggs
butter,flour,fruit/vegetable juice
ice cream,white wine,soups,instant coffee
packaged fruit/vegetables,whole milk,photo/film,oil
other vegetables,whole milk,pudding powder,cream cheese
misc. beverages,hard cheese,herbs,sugar
other vegetables,canned fish,chewing gum
bottled water,soft cheese,dishes,chocolate
rolls/buns,salty snack,bottled water,shopping bags
liquor,other vegetables,onions,female sanitary products
root vegetables,other vegetables,whole milk,frozen meals
honey,yogurt,spices,chocolate
rolls/buns,frozen vegetables,pot plants,pastry
sausage,soda,cooking chocolate,roll products
whole milk,newspapers,soda,whipped/sour cream
root vegetables,whipped/sour cream,frozen potato products,sugar
rolls/buns,other vegetables,soda,chocolate
margarine,other vegetables,bottled water,meat spreads
salty snack,napkins,yogurt,brown bread
shopping bags,flower (seeds),curd cheese,decalcifier
onions,bottled beer,yogurt,rolls/buns
whipped/sour cream,yogurt,processed cheese,rolls/buns
whole milk,curd,bottled beer,newspapers
citrus fruit,whole milk,pastry,other vegetables
cream cheese,yogurt,newspapers,detergent
bottled water,domestic eggs,pickled vegetables,margarine
pip fruit,cling film/bags,yogurt,cat food
soda,white bread,chocolate,sugar
turkey,bottled water,other vegetables,newspapers
bottled beer,tropical fruit,red/blush wine,baking powder
other vegetables,soda,napkins
candy,cream cheese,brown bread,soda
packaged fruit/vegetables,specialty cheese,margarine
rolls/buns,root vegetables,long life bakery product
mustard,yogurt,cat food,bottled beer
soda,dessert,dishes,sugar
cream cheese,chocolate marshmallow,spread cheese,pastry
pastry,specialty cheese,soap,rolls/buns
nut snack,long life bakery product,whole milk,frozen meals
bottled beer,bottled water,whipped/sour cream,sugar
other vegetables,pot plants,yogurt,salty snack
other vegetables,red/blush wine,rolls/buns,frozen vegetables
shopping bags,other vegetables,newspapers,domestic eggs
detergent,tropical fruit,soda,margarine
dessert,pastry,hard cheese,candles
white wine,rolls/buns,soda,white bread
soda,butter,other vegetables,margarine
pip fruit,light bulbs,bottled water,ketchup
cream cheese,pip fruit,cat food,shopping bags
misc. beverages,other vegetables,rolls/buns,brown bread
curd,cling film/bags,candy,rolls/buns
other vegetables,fruit/vegetable juice,oil,detergent
brown bread,whole milk,canned fish
sugar,bottled beer,packaged fruit/vegetables,bottled water
root vegetables,popcorn,long life bakery product,domestic eggs
detergent,root vegetables,fruit/vegetable juice,brown bread
beef,spread cheese,bottled water,waffles
yogurt,whipped/sour cream,long life bakery product,hard cheese
bottled water,shopping bags,soda,flour
candy,citrus fruit,pasta,soda
berries,sugar,female sanitary products,dessert
root vegetables,rolls/buns,bottled beer
seasonal products,white bread,specialty chocolate,soda
margarine,frozen meals,dish cleaner,yogurt
yogurt,misc. beverages,brown bread,napkins
yogurt,frozen fish,chocolate,butter
spread cheese,salty snack,soda,domestic eggs
whole milk,ice cream,detergent,rolls/buns
female sanitary products,cleaner,coffee,sauces
bottled water,pastry,specialty bar,herbs
chewing gum,coffee,napkins,brown bread
root vegetables,other vegetables,whipped/sour cream,sweet spreads
pip fruit,rolls/buns,fruit/vegetable juice,pasta
bottled water,root vegetables,bottled beer,pastry
rolls/buns,hygiene articles,domestic eggs,misc. beverages
tropical fruit,ice cream,butter milk,domestic eggs
fruit/vegetable juice,chocolate,cat food,coffee
whole milk,napkins,pastry,long life bakery product
whole milk,soda,hygiene articles,canned beer
other vegetables,yogurt,whipped/sour cream,napkins
fruit/vegetable juice,detergent,yogurt,snack products
domestic eggs,whole milk,onions,misc. beverages
soda,chewing gum,rolls/buns,flour
curd,yogurt,misc. beverages,pickled vegetables
whipped/sour cream,bottled beer,fruit/vegetable juice,margarine
fruit/vegetable juice,whole milk,frozen vegetables,rolls/buns
whole milk,curd,yogurt,candy
tropical fruit,bottled beer,cake bar,yogurt
rolls/buns,brown bread,sliced cheese
long life bakery product,curd,pot plants,soda
coffee,detergent,rolls/buns,pasta
whole milk,yogurt,UHT-milk,specialty chocolate
bottled beer,rolls/buns,herbs,UHT-milk
root vegetables,fruit/vegetable juice,bottled water,soda
other vegetables,margarine,shopping bags,processed cheese
bottled beer,frozen meals,whole milk,root vegetables
UHT-milk,soda,whole milk
whole milk,pip fruit,pasta,yogurt
root vegetables,other vegetables,bottled beer,softener
packaged fruit/vegetables,pudding powder,shopping bags,coffee
frozen vegetables,pip fruit,root vegetables,cereals
pot plants,coffee,rolls/buns,hard cheese
whole milk,soda,whipped/sour cream,dessert
red/blush wine,liquor (appetizer),sauces,coffee
tropical fruit,soda,margarine,napkins
pastry,canned beer,whipped/sour cream,grapes
dish cleaner,whole milk,frozen vegetables,waffles
pastry,yogurt,bottled water,soda
brown bread,whole milk,frozen vegetables,frozen meals
soda,UHT-milk,pastry,domestic eggs
bottled beer,domestic eggs,brown bread,chewing gum
tropical fruit,dessert,rolls/buns,long life bakery product
processed cheese,whole milk,soda,domestic eggs
sausage,dessert,rolls/buns,pickled vegetables
long life bakery product,whipped/sour cream,soda
rolls/buns,salty snack,brown bread,cream cheese
whole milk,candy,semi-finished bread
pip fruit,shopping bags,white wine,pet care
butter,chewing gum,coffee,salty snack
hamburger meat,other vegetables,frozen dessert,oil
meat,whole milk,yogurt
curd,cream cheese,nut snack,chocolate marshmallow,yogurt,female sanitary products
citrus fruit,rolls/buns,brandy,candy
pork,curd,curd cheese,misc. beverages
hamburger meat,other vegetables,hygiene articles,popcorn
soda,whole milk,newspapers,coffee
canned beer,soda,other vegetables,canned vegetables
whole milk,cat food,processed cheese,rolls/buns
sliced cheese,soda,oil,syrup
citrus fruit,soda,butter,hard cheese
citrus fruit,soda,whole milk,whipped/sour cream
spices,shopping bags,soda,newspapers
tropical fruit,napkins,frozen vegetables,pastry
beef,waffles,detergent,shopping bags
pastry,whipped/sour cream,oil
citrus fruit,ice cream,butter,shopping bags
whole milk,candy,domestic eggs,white wine
whole milk,butter,newspapers,chewing gum
citrus fruit,shopping bags,chewing gum,cake bar
citrus fruit,brown bread,snack products,napkins
whole milk,butter,soda,fruit/vegetable juice
tropical fruit,chocolate marshmallow,napkins,bottled water
bottled water,red/blush wine,onions,brown bread
root vegetables,sliced cheese,shopping bags
root vegetables,yogurt,chocolate,shopping bags
other vegetables,dessert,fruit/vegetable juice
canned beer,long life bakery product,dish cleaner,candy
rolls/buns,napkins,ice cream,nut snack
other vegetables,shopping bags,frozen vegetables
citrus fruit,candy,bottled water,rolls/buns
sausage,soda,curd,house keeping products
domestic eggs,canned beer,bottled water,waffles
root vegetables,coffee,domestic eggs,soda
hamburger meat,pastry,cake bar,brown bread
soda,canned beer,soft cheese,waffles
other vegetables,waffles,rolls/buns,chocolate
other vegetables,detergent,mayonnaise,dishes
bottled water,coffee,sugar
pastry,napkins,shopping bags,margarine
other vegetables,brown bread,bottled water,specialty bar
rolls/buns,yogurt,newspapers,margarine
citrus fruit,chewing gum,frozen vegetables,margarine
other vegetables,berries,candy,sliced cheese
citrus fruit,specialty bar,Instant food products,jam
onions,sugar,mustard,rolls/buns
domestic eggs,processed cheese,whole milk,bottled water
bottled beer,soda,bottled water,cat food
hard cheese,flower soil/fertilizer,condensed milk,curd
root vegetables,white wine,bottled water,red/blush wine
butter milk,fruit/vegetable juice,pastry,margarine
hamburger meat,soda,pastry,newspapers
butter,pastry,other vegetables
meat,long life bakery product,yogurt,napkins
whole milk,other vegetables,soda,long life bakery product
pastry,seasonal products,butter,bottled beer
sliced cheese,beverages,other vegetables,napkins
ham,rolls/buns,chewing gum
whole milk,bottled water,UHT-milk,candy
other vegetables,whole milk,yogurt,bottled water
whole milk,pastry,chewing gum,shopping bags
coffee,brown bread,whole milk,sweet spreads
beef,sparkling wine,frozen fish,chewing gum
other vegetables,canned fish,white bread,waffles
frozen meals,brown bread,other vegetables,curd cheese
canned fish,specialty cheese,yogurt,specialty vegetables
salt,ice cream,yogurt,canned beer
curd,rice,other vegetables,canned fish
UHT-milk,canned fish,root vegetables,waffles
berries,bottled water,curd,shopping bags
brown bread,hygiene articles,shopping bags
UHT-milk,curd,flower (seeds)
curd,root vegetables,pip fruit,whole milk,margarine
soda,napkins,specialty chocolate
pip fruit,UHT-milk,soda
hygiene articles,bottled water,candy
curd,condensed milk,dental care
candy,soda
beef,pip fruit,rolls/buns
soda,shopping bags,coffee
pastry,brown bread,whisky
onions,whipped/sour cream,dishes
onions,soda,rolls/buns
turkey,packaged fruit/vegetables,frozen vegetables
other vegetables,yogurt,bottled water
citrus fruit,newspapers,candy
frozen dessert,herbs,brown bread
newspapers,waffles,salty snack
specialty bar,candy,margarine
specialty bar,other vegetables,misc. beverages
canned beer,napkins,sparkling wine
rolls/buns,cat food,newspapers
shopping bags,other vegetables,canned vegetables
curd,cream cheese,domestic eggs
soda,beverages,fruit/vegetable juice
rolls/buns,soda,red/blush wine
pip fruit,pastry,Instant food products
rolls/buns,other vegetables,whipped/sour cream
spread cheese,butter,hygiene articles
canned beer,other vegetables,fruit/vegetable juice
yogurt,semi-finished bread,flour
beef,curd,frozen meals
whole milk,processed cheese,curd
grapes,whipped/sour cream,soda
rolls/buns,whole milk,soda
bottled beer,whole milk,bottled water
onions,cream cheese,dishes
root vegetables,brown bread,domestic eggs
whole milk,baking powder,newspapers
rolls/buns,yogurt,napkins
tropical fruit,sparkling wine,cat food
tropical fruit,bottled water,semi-finished bread
pastry,napkins
rolls/buns,sugar
soda,flour,brown bread
rolls/buns,specialty bar,spread cheese
bottled beer,bottled water,shopping bags
sugar,butter,curd
rolls/buns,pip fruit,margarine
beverages,liquor,shopping bags
other vegetables,soda,pickled vegetables
tropical fruit,domestic eggs,chocolate
chicken,beverages,coffee
beef,butter,yogurt
pork,beef,yogurt
brandy,specialty bar,chocolate
other vegetables,whole milk,soda
oil,fruit/vegetable juice,domestic eggs
soda,frozen vegetables,cream cheese
root vegetables,soda,long life bakery product
newspapers,whole milk,waffles
other vegetables,whole milk,artif. sweetener
citrus fruit,cling film/bags,fruit/vegetable juice
root vegetables,newspapers,butter
other vegetables,bottled water,hard cheese
whole milk,bottled water,coffee
cream cheese,bottled water,rolls/buns
turkey,fruit/vegetable juice,domestic eggs
whole milk,cat food,bottled beer
beef,whole milk,detergent
liquor (appetizer),coffee,bottled beer
chicken,whole milk,soda
whole milk,bottled water,soda
rolls/buns,cream cheese,margarine
dessert,other vegetables
UHT-milk,flower soil/fertilizer,salty snack
red/blush wine,butter,soda
bottled water,shopping bags
other vegetables,pastry,shopping bags
hamburger meat,candy,napkins
grapes,frozen meals,flower (seeds)
semi-finished bread,brown bread,soda
tropical fruit,soda,spices
pork,whole milk
onions,domestic eggs,shopping bags
whole milk,yogurt,chocolate
canned beer,sugar,rum
whole milk,frozen meals,rolls/buns
other vegetables,soda,yogurt
whole milk,pasta,rolls/buns
pork,coffee,margarine
sausage,soda,butter
newspapers,other vegetables,shopping bags
whole milk,brown bread,candy
pastry,detergent,dishes
fish,canned beer,chocolate
chewing gum,newspapers
grapes,waffles,soda
pot plants,yogurt,other vegetables
root vegetables,condensed milk,dessert
herbs,grapes,whipped/sour cream
dessert,dog food,newspapers
curd,rolls/buns
root vegetables,whole milk,potato products
pork,rolls/buns,roll products
grapes,packaged fruit/vegetables,detergent
beef,yogurt,fruit/vegetable juice
spread cheese,coffee,domestic eggs
herbs,coffee,salt
other vegetables,meat spreads,specialty cheese
tropical fruit,coffee,red/blush wine
beef,canned beer,margarine
whole milk,spices,photo/film
root vegetables,pastry,specialty chocolate
onions,pastry,shopping bags
domestic eggs,frozen vegetables,curd
yogurt,rolls/buns,soda
whole milk,other vegetables,rice
whole milk,waffles
soda,abrasive cleaner,seasonal products
whole milk,white bread,frozen vegetables
other vegetables,tidbits,dental care
citrus fruit,waffles,female sanitary products
yogurt,soda,frozen fish
whipped/sour cream,bottled water,specialty vegetables
other vegetables,rolls/buns,frozen meals
berries,newspapers,frozen fish
whole milk,instant coffee
berries,bottled water,napkins
pork,bottled beer,butter
root vegetables,frozen potato products,dental care
tropical fruit,soda,butter milk
whole milk,newspapers,frozen vegetables
misc. beverages,other vegetables,specialty chocolate
root vegetables,chewing gum,margarine
pork,beverages,frozen fish
pork,liquor,long life bakery product
tropical fruit,specialty bar,whole milk
pickled vegetables,UHT-milk,long life bakery product
sausage,pip fruit,spices
frozen vegetables,pot plants,domestic eggs
soda,other vegetables,cream cheese
chicken,cream cheese,napkins
UHT-milk,other vegetables,dishes
rolls/buns,napkins,bottled beer
citrus fruit,margarine,sliced cheese
whole milk,yogurt,softener
rolls/buns,shopping bags,cream cheese
ham,chewing gum,frozen vegetables
root vegetables,waffles,whipped/sour cream
hygiene articles,pastry
whipped/sour cream,other vegetables,shopping bags
beverages,root vegetables,candles
beef,specialty fat,newspapers
shopping bags,dessert,processed cheese
butter milk,whole milk,brandy
Instant food products,white bread,semi-finished bread
berries,grapes,other vegetables
whole milk,detergent,soda
flower (seeds),sliced cheese,soups
onions,pip fruit,whipped/sour cream
hamburger meat,pet care,pastry
other vegetables,whipped/sour cream,salty snack
cream cheese,yogurt,sugar
whole milk,sauces,hard cheese
pork,bottled water
misc. beverages,grapes,instant coffee
whole milk,whipped/sour cream,soda
cake bar,long life bakery product,shopping bags
hamburger meat,cat food,margarine
grapes,frozen vegetables,vinegar
rolls/buns,male cosmetics,liquor (appetizer)
soda,roll products,seasonal products
tropical fruit,hamburger meat,tea
sliced cheese,dessert,shopping bags
soda,semi-finished bread,coffee
other vegetables,red/blush wine,curd
pastry,curd,bottled beer
citrus fruit,yogurt,UHT-milk
curd,whole milk,pastry
whipped/sour cream,shopping bags,pasta
canned beer,detergent,cake bar
roll products,root vegetables,mayonnaise
soda,white bread,frozen vegetables
pot plants,spread cheese,butter milk
root vegetables,fruit/vegetable juice,specialty chocolate
beef,margarine,baking powder
citrus fruit,dessert,newspapers
rolls/buns,other vegetables,newspapers
rolls/buns,tidbits,margarine
citrus fruit,hard cheese,canned fish
whole milk,other vegetables,pot plants
cream cheese,canned beer,waffles
turkey,canned beer,abrasive cleaner
shopping bags,hard cheese,yogurt
bottled beer,yogurt,butter milk
popcorn,dishes,whole milk
whole milk,frozen fish,specialty chocolate
pork,other vegetables,cream cheese
hamburger meat,dog food,domestic eggs
root vegetables,bottled beer,bottled water
rolls/buns,detergent,shopping bags
newspapers,other vegetables,yogurt
newspapers,rolls/buns
grapes,yogurt,frozen potato products
coffee,oil,newspapers
pot plants,misc. beverages,baking powder
dish cleaner,grapes,ketchup
napkins,packaged fruit/vegetables,shopping bags
herbs,grapes,butter
pastry,misc. beverages,flour
whole milk,sliced cheese,dish cleaner
rolls/buns,yogurt,hard cheese
tropical fruit,cat food,soda
grapes,chewing gum,curd cheese
pork,bottled beer,flour
chewing gum,soda,red/blush wine
bottled water,long life bakery product,rolls/buns
whipped/sour cream,candy,butter
coffee,bottled water,liqueur
newspapers,fruit/vegetable juice,waffles
whipped/sour cream,UHT-milk,fruit/vegetable juice
frozen meals,onions,frozen vegetables
whole milk,napkins
organic sausage,processed cheese,oil
dog food,brown bread,salty snack
root vegetables,rolls/buns,shopping bags
whole milk,hard cheese,soda
oil,brown bread,bottled beer
citrus fruit,flower (seeds),domestic eggs
pasta,whole milk,waffles
butter milk,dessert,processed cheese
pastry,bottled water,candles
root vegetables,herbs,cereals
salt,whole milk,pickled vegetables
yogurt,other vegetables,whipped/sour cream
other vegetables,abrasive cleaner,bottled beer
brown bread,ketchup,soda
liquor,rolls/buns,frozen meals
other vegetables,yogurt,soda
citrus fruit,soda
chicken,frozen meals,napkins
soda,oil
onions,shopping bags,seasonal products
root vegetables,soups,decalcifier
whole milk,processed cheese,pastry
newspapers,pip fruit,dishes
hygiene articles,rolls/buns,red/blush wine
dessert,pickled vegetables,cat food
other vegetables,pip fruit,frozen vegetables
whole milk,bottled water
other vegetables,butter milk,long life bakery product
margarine,coffee,sliced cheese
curd,whole milk,red/blush wine
onions,root vegetables,bottled water
whipped/sour cream,brown bread,sparkling wine
tropical fruit,UHT-milk,candy
beef,specialty bar,white bread
tropical fruit,rolls/buns,Instant food products
domestic eggs,whole milk,napkins
pip fruit,napkins,cat food
cream cheese,margarine,dish cleaner
root vegetables,whipped/sour cream,shopping bags
dessert,yogurt,shopping bags
long life bakery product,UHT-milk,whole milk
long life bakery product,brown bread,popcorn
fruit/vegetable juice,long life bakery product,specialty cheese
butter,cat food,roll products
berries,soda,flower (seeds)
grapes,other vegetables,domestic eggs
citrus fruit,hamburger meat,photo/film
tropical fruit,cake bar,chocolate
newspapers,cream cheese,long life bakery product
yogurt,pastry,waffles
tropical fruit,whole milk,dog food
whole milk,cream cheese,soda
rice,chewing gum,rolls/buns
chicken,whipped/sour cream,canned vegetables
white bread,curd,bottled water
root vegetables,other vegetables,specialty chocolate
zwieback,whole milk,domestic eggs
other vegetables,margarine,bottled water
bottled water,rolls/buns,waffles
bottled water,domestic eggs,frozen meals
whole milk,other vegetables,curd
specialty chocolate,white bread,shopping bags
margarine,whole milk,white bread
whipped/sour cream,curd,shopping bags
curd,soda,shopping bags
chicken,margarine,waffles
misc. beverages,shopping bags,yogurt
liquor,brown bread,whole milk
whole milk,soda
herbs,soda,frozen vegetables
other vegetables,waffles
other vegetables,domestic eggs,semi-finished bread
tropical fruit,herbs,long life bakery product
citrus fruit,bottled water,pastry
whole milk,tropical fruit,cat food
yogurt,tropical fruit,specialty bar
pastry,whipped/sour cream,pickled vegetables
whole milk,white bread,newspapers
bottled water,shopping bags,dog food
rolls/buns,soda,chocolate
ham,specialty chocolate,soft cheese
ice cream,root vegetables,hygiene articles
rolls/buns,other vegetables,soda
canned beer,tropical fruit,kitchen towels
misc. beverages,whipped/sour cream,pastry
frozen vegetables,curd,rolls/buns
hamburger meat,tropical fruit,soda
pip fruit,herbs,other vegetables
other vegetables,soda,fruit/vegetable juice
grapes,root vegetables,other vegetables
white bread,pip fruit,domestic eggs
butter,whipped/sour cream,decalcifier
tropical fruit,frozen meals,fruit/vegetable juice
whole milk,waffles,dog food
sausage,detergent,bottled beer
other vegetables,shopping bags,salty snack
soda,rolls/buns
soda,vinegar,napkins
soda,bottled water,house keeping products
beef,other vegetables,bottled water
tropical fruit,long life bakery product,napkins
citrus fruit,bottled beer,cat food
tropical fruit,yogurt,misc. beverages
rolls/buns,oil,chocolate
root vegetables,white bread,meat spreads
beverages,whole milk,pasta
turkey,curd,sugar
citrus fruit,cream cheese,waffles
other vegetables,bottled beer,cleaner
finished products,newspapers,whipped/sour cream
whole milk,root vegetables,hygiene articles
coffee,bottled beer,shopping bags
herbs,yogurt,prosecco
vinegar,newspapers,brown bread
domestic eggs,other vegetables,brown bread
butter,long life bakery product,pickled vegetables
hamburger meat,pastry,cereals
root vegetables,frozen vegetables,domestic eggs
yogurt,frozen vegetables,waffles
whole milk,flower (seeds),honey
chicken,pastry,candles
canned beer,berries,bottled water
candy,roll products,frozen vegetables
pip fruit,soda,domestic eggs
sausage,prosecco,pot plants
citrus fruit,soda,whipped/sour cream
candy,tropical fruit,rolls/buns
root vegetables,grapes,soda
sliced cheese,newspapers,frozen vegetables
other vegetables,shopping bags,soda
instant coffee,yogurt,other vegetables
soda,frozen dessert
dish cleaner,pet care
tropical fruit,UHT-milk
other vegetables,brown bread
other vegetables,bottled water
whipped/sour cream,soda
other vegetables,dog food
oil,whipped/sour cream
brown bread,long life bakery product
tropical fruit,spices
skin care,processed cheese
misc. beverages,white bread
other vegetables,oil
other vegetables,chocolate
yogurt,whole milk
nut snack,bottled beer
yogurt
tropical fruit,frozen vegetables
citrus fruit,rolls/buns
citrus fruit,baking powder
yogurt,pot plants
citrus fruit,chocolate
other vegetables,newspapers
hamburger meat,newspapers
newspapers,bottled beer
grapes,long life bakery product
sugar,candy
frozen meals,abrasive cleaner
grapes,other vegetables
specialty cheese,butter milk
bottled water,butter milk
white bread,soda
tropical fruit,whole milk
sliced cheese,butter
other vegetables,whole milk
whole milk,coffee
other vegetables,vinegar
other vegetables,shopping bags
meat,frozen vegetables,other vegetables
tropical fruit,pastry,margarine
citrus fruit,salty snack,oil
chocolate,curd,salty snack
pastry,baking powder,mustard
yogurt,white bread,salty snack
pot plants,newspapers,brown bread
hygiene articles,pastry,bottled beer
soda,newspapers,long life bakery product
soda,artif. sweetener,salty snack
canned fish,yogurt,napkins
other vegetables,curd,abrasive cleaner
pasta,pot plants,liquor
root vegetables,hard cheese,waffles
white wine,misc. beverages,chewing gum
root vegetables,shopping bags,salty snack
hamburger meat,chocolate,processed cheese
pork,chewing gum,canned fish
citrus fruit,brown bread,cat food
canned beer,other vegetables,salty snack
UHT-milk,rice,newspapers
red/blush wine,whole milk,margarine
coffee,rolls/buns,vinegar
brown bread,pastry,canned beer
root vegetables,chocolate,candy
tropical fruit,curd,chocolate
chocolate,dessert,flour
other vegetables,rolls/buns
tropical fruit,pastry,newspapers
rolls/buns,hygiene articles,fruit/vegetable juice
curd,sliced cheese,frozen fish
whole milk,soft cheese,pastry
whole milk,shopping bags,rolls/buns
yogurt,condensed milk
whole milk,rolls/buns,yogurt
yogurt,pasta,bottled water
whole milk,shopping bags,specialty bar
pork,shopping bags,bottled water
whole milk,rolls/buns,cling film/bags
cake bar,pastry,butter
tropical fruit,coffee,canned vegetables
sausage,curd,yogurt
pip fruit,whole milk,tropical fruit
hamburger meat,baking powder,dessert
pork,specialty bar,long life bakery product
root vegetables,yogurt,napkins
bottled water,cream cheese,bottled beer
bottled beer,pastry,cream cheese
meat,domestic eggs,packaged fruit/vegetables
pot plants,butter milk,margarine
pork,coffee,frozen vegetables
other vegetables,organic sausage,cling film/bags
beef,soda,coffee
whole milk,yogurt,semi-finished bread
seasonal products,flour,domestic eggs
specialty bar,roll products,Instant food products
soda,citrus fruit,rolls/buns
rolls/buns,soft cheese
meat,cling film/bags,curd
mayonnaise,salt,bottled water
sliced cheese,brown bread,roll products
beef,margarine,other vegetables
pot plants,pickled vegetables,house keeping products
sausage,oil,whole milk
other vegetables,brown bread,flower (seeds)
tropical fruit,UHT-milk,butter milk
pip fruit,rolls/buns,specialty chocolate
grapes,chocolate marshmallow,dishes
pip fruit,processed cheese,canned beer
berries,curd,specialty cheese
tropical fruit,condensed milk,pastry
bottled water,bottled beer,brown bread
whole milk,coffee,brandy
root vegetables,pip fruit,coffee
dessert,napkins,long life bakery product
brown bread,whole milk,white bread
tropical fruit,yogurt,bottled water
softener,margarine,hygiene articles
pork,cream cheese,yogurt
softener,salt,whole milk
other vegetables,rolls/buns,whole milk,newspapers
root vegetables,frozen meals,salty snack
sausage,whipped/sour cream,specialty bar
dental care,other vegetables,pet care
hamburger meat,salty snack,shopping bags
domestic eggs,butter milk,long life bakery product
UHT-milk,yogurt,napkins
citrus fruit,beverages,pasta
whipped/sour cream,sugar,brown bread
red/blush wine,frozen meals,canned fruit
ham,pastry,sugar
root vegetables,waffles,whipped/sour cream
root vegetables,pastry,soda
root vegetables,other vegetables,dessert
liver loaf,processed cheese,canned beer
citrus fruit,newspapers,shopping bags
tropical fruit,pasta,napkins
rolls/buns,domestic eggs
beverages,waffles,specialty chocolate
frozen vegetables,rolls/buns,curd cheese
beef,spread cheese,misc. beverages
shopping bags,white bread,ice cream
waffles,whipped/sour cream,soda
other vegetables,sweet spreads,yogurt
yogurt,ketchup,butter
chocolate,curd,shopping bags
rolls/buns,other vegetables,chewing gum
whipped/sour cream,napkins,pickled vegetables
meat,whole milk,newspapers
berries,shopping bags,red/blush wine
whole milk,waffles,shopping bags
pork,yogurt,napkins
other vegetables,coffee,brown bread
root vegetables,canned fish,hygiene articles
pip fruit,beverages,zwieback
meat,chocolate,brown bread
other vegetables,specialty chocolate,chocolate
organic sausage,salty snack,white bread
other vegetables,salty snack,pickled vegetables
pastry,domestic eggs,bottled water
root vegetables,whipped/sour cream,specialty bar
pork,other vegetables,shopping bags
other vegetables,yogurt,pastry
dish cleaner,bottled beer,fruit/vegetable juice
root vegetables,yogurt,bottled water
specialty chocolate,baking powder,soda
vinegar,butter,newspapers
berries,fruit/vegetable juice,rolls/buns
beef,whole milk,newspapers
canned fish,bottled water,rolls/buns
dishes,onions,canned beer
baking powder,soda,beverages
napkins,specialty chocolate,other vegetables
fruit/vegetable juice,whipped/sour cream,hygiene articles
pastry,domestic eggs,napkins
yogurt,pip fruit
pip fruit,processed cheese,yogurt
whole milk,herbs
soda,other vegetables,chocolate
beverages,cat food,soda
fruit/vegetable juice,yogurt,pastry
yogurt,beverages,brown bread
whole milk,hard cheese,white bread
other vegetables,brown bread,whipped/sour cream
pip fruit,white wine,chocolate
bottled water,shopping bags
root vegetables,soda,dessert
yogurt,bottled water,berries
hard cheese,bottled water,specialty fat
hamburger meat,yogurt,bottled water
brown bread,tropical fruit,sugar
onions,domestic eggs,waffles
frozen potato products,salt,coffee
chicken,ice cream,bottled water
salty snack,canned fish
ham,whipped/sour cream,ketchup
fruit/vegetable juice,rolls/buns,chocolate
tropical fruit,ice cream,frozen fish
frozen meals,rolls/buns,chocolate marshmallow
chocolate,seasonal products,waffles
white bread,liquor (appetizer),shopping bags
oil,cream cheese,white bread
other vegetables,chewing gum,newspapers
yogurt,other vegetables,fruit/vegetable juice
dessert,soft cheese,shopping bags
butter milk,soda,seasonal products
misc. beverages,salt,candy
herbs,vinegar,shopping bags
packaged fruit/vegetables,cat food,dental care
tropical fruit,bottled water,long life bakery product
bottled beer,shopping bags,soda
cream cheese,long life bakery product,pastry
whole milk,cat food,long life bakery product
meat,detergent,canned beer
chocolate,sugar,coffee
pet care,pastry,red/blush wine
meat spreads,domestic eggs,sugar
waffles,butter milk,domestic eggs
pastry,pickled vegetables,margarine
whole milk,bottled water,whipped/sour cream
yogurt,shopping bags,coffee
butter,fruit/vegetable juice,soda
sausage,butter,whole milk
other vegetables,salty snack,soda
sugar,shopping bags,instant coffee
other vegetables,shopping bags
rolls/buns,dessert,coffee
pip fruit,white wine
root vegetables,hard cheese,pastry
onions,specialty chocolate,canned fruit
misc. beverages,sliced cheese,domestic eggs
jam,brown bread,yogurt
domestic eggs,salty snack,herbs
soda,shopping bags,napkins
whole milk,salty snack,rolls/buns
pork,cream cheese,UHT-milk
beef,pastry,whole milk
pot plants,soda,hygiene articles
other vegetables,shopping bags
sugar,bottled water,cream cheese
waffles,shopping bags,sparkling wine
bottled water,sugar,candy
whole milk,yogurt
dishes,yogurt
misc. beverages,frozen vegetables
detergent,misc. beverages
beef,domestic eggs
butter,rolls/buns
soda
ham,whole milk
hamburger meat,pasta
yogurt,condensed milk
whole milk,margarine
UHT-milk,skin care
shopping bags,yogurt
root vegetables,flour
coffee,soda
whole milk,dessert
soda,bottled water
whole milk
female sanitary products,dishes
pip fruit,candy
coffee,oil
bottled beer,fruit/vegetable juice
root vegetables,other vegetables
tropical fruit,whole milk
root vegetables,soda
whole milk,margarine
brown bread,detergent
shopping bags,rolls/buns
specialty chocolate,soft cheese
curd,coffee
sugar,whole milk
soda,other vegetables
pasta,cream cheese
liquor,soda
bottled water,cream cheese
whole milk,rice
rolls/buns,other vegetables
tropical fruit,domestic eggs
beverages,coffee
frozen vegetables,newspapers
other vegetables,bottled water
salty snack,rolls/buns
whole milk,seasonal products
whole milk,other vegetables
fruit/vegetable juice,beef
whole milk,bottled water
soda,grapes
other vegetables,spices
tropical fruit,oil
fruit/vegetable juice,bottled beer
rolls/buns,salty snack
soda,soups
dessert,butter
other vegetables,berries
rolls/buns,fruit/vegetable juice
oil,male cosmetics
other vegetables,frozen fish
coffee,UHT-milk
root vegetables,yogurt
hamburger meat,coffee
condensed milk,other vegetables
other vegetables,male cosmetics
salty snack,condensed milk
soda,sliced cheese
beverages,specialty fat
brown bread,soda
shopping bags,rubbing alcohol
citrus fruit,flour
dishes,butter milk
butter milk,frozen vegetables
other vegetables,domestic eggs
whole milk,ice cream
yogurt,whole milk
fish,root vegetables
rolls/buns,butter
whole milk
citrus fruit,root vegetables
butter,sugar
curd,whipped/sour cream
frozen vegetables,tropical fruit
flower (seeds),margarine
brown bread,pastry
whole milk,pastry
yogurt,coffee
butter milk,margarine
butter,fruit/vegetable juice
brown bread,shopping bags
rolls/buns,soda
canned fish,root vegetables
coffee,soda
onions,long life bakery product
frozen vegetables,liquor (appetizer)
beef,spices
root vegetables,whole milk
whole milk,soda
ham,red/blush wine
yogurt,whole milk
other vegetables,margarine
other vegetables,shopping bags
hamburger meat,whipped/sour cream
whipped/sour cream,curd
long life bakery product,brown bread
pip fruit,pastry
red/blush wine,cream cheese
whole milk,other vegetables
root vegetables,detergent
root vegetables,canned fish
tropical fruit,artif. sweetener
yogurt,shopping bags
frozen dessert,hard cheese
other vegetables,red/blush wine
other vegetables,whole milk
margarine,fruit/vegetable juice
bottled water,chocolate
herbs,pip fruit
yogurt,root vegetables
tropical fruit,yogurt
yogurt,oil
cream,shopping bags
oil,butter
fish,canned beer
chocolate,whole milk
other vegetables,white bread
mustard,zwieback
sausage,curd
frozen meals,detergent
processed cheese,hygiene articles
organic sausage,UHT-milk
canned fish,cat food
shopping bags,whipped/sour cream
coffee,specialty fat
canned beer,cake bar
soda,snack products
beef,fruit/vegetable juice
bottled water,red/blush wine
citrus fruit,bottled beer
bottled water,soda
other vegetables,UHT-milk
sweet spreads,white wine
chocolate,yogurt
berries,pastry
softener,chocolate
onions,hard cheese
condensed milk,butter
dishes,rolls/buns
rolls/buns,whole milk
citrus fruit,frozen vegetables
onions,long life bakery product
tropical fruit,long life bakery product
rolls/buns,curd
bottled beer,hard cheese
margarine,herbs
soft cheese,bottled beer
pip fruit,bottled water
hamburger meat,other vegetables
tropical fruit,bottled beer
rolls/buns,whole milk
coffee,kitchen towels
canned beer,white bread
canned beer,rolls/buns
UHT-milk,specialty vegetables
other vegetables,berries
onions,other vegetables
other vegetables,coffee
beverages,pastry
soda,domestic eggs
chocolate,whipped/sour cream
long life bakery product,shopping bags
fruit/vegetable juice,pastry
long life bakery product,soap
UHT-milk,fruit/vegetable juice
pork,soda
white bread,canned fish
pip fruit,sugar
other vegetables
rolls/buns,fruit/vegetable juice
newspapers,frozen meals
margarine,whole milk
dessert,root vegetables
root vegetables,dessert
rolls/buns,sliced cheese
other vegetables,spread cheese
other vegetables,yogurt
citrus fruit,dessert
pip fruit,soda
other vegetables,shopping bags
rolls/buns,prosecco
canned beer,brown bread
frozen vegetables,bottled beer
pip fruit,other vegetables
yogurt,shopping bags
citrus fruit,rolls/buns
rolls/buns,baking powder
waffles,rolls/buns
yogurt,butter
pip fruit,fruit/vegetable juice
yogurt,hard cheese
coffee,bottled beer
other vegetables,whole milk
onions,whipped/sour cream
other vegetables,bottled beer
soda,whole milk
berries,pip fruit
other vegetables,rolls/buns
sausage,pasta
butter,coffee
pip fruit,butter
tropical fruit,cooking chocolate
citrus fruit,pickled vegetables
rolls/buns,other vegetables
rolls/buns,pip fruit
berries,baking powder
whole milk,beverages
tropical fruit,rolls/buns
pip fruit,frozen meals
whole milk,detergent
rolls/buns,frozen vegetables
beef,napkins
rolls/buns,brown bread
bottled beer,other vegetables
root vegetables,instant coffee
hamburger meat,rolls/buns
citrus fruit,long life bakery product
curd,canned beer
other vegetables,soap
other vegetables,onions
soda,citrus fruit
white bread,UHT-milk
root vegetables,other vegetables
root vegetables,pastry
pork,newspapers
whole milk,rolls/buns
candy,coffee
tropical fruit,butter milk
citrus fruit,whipped/sour cream
other vegetables,sliced cheese
oil,processed cheese
herbs,whole milk
meat,yogurt
rolls/buns,cereals
pork,shopping bags
whole milk,pastry
whole milk,sliced cheese
white wine,white bread
liquor,canned beer
cleaner,curd
nut snack,canned beer
specialty bar,yogurt
butter,oil
domestic eggs,newspapers
white bread,whipped/sour cream
whole milk,candy
white bread,whipped/sour cream
whipped/sour cream,cream cheese
soda,pastry
frozen dessert,detergent
domestic eggs,whole milk
butter,whole milk
hamburger meat,red/blush wine
long life bakery product,bottled beer
other vegetables,canned fish
pastry,chocolate
tropical fruit,specialty chocolate
soda,bottled beer
roll products,margarine
baking powder,liqueur
whole milk,canned beer
whole milk,sugar
rolls/buns,canned beer
sliced cheese,domestic eggs
other vegetables,white bread
UHT-milk,rolls/buns
curd,frozen fish
root vegetables,margarine
other vegetables,beverages
other vegetables,rolls/buns
citrus fruit,chocolate
newspapers,soups
tropical fruit,shopping bags
whole milk,misc. beverages
hygiene articles,pastry
pastry,specialty bar
pastry,red/blush wine
pip fruit,rolls/buns
specialty cheese,butter
white bread,margarine
rolls/buns,shopping bags
whole milk,pastry
soda,rolls/buns
grapes,processed cheese
bottled water,flour
whole milk,butter milk
citrus fruit,frozen dessert
specialty chocolate,frozen potato products
baking powder,root vegetables
tropical fruit,chocolate
mayonnaise,pastry
cream cheese,newspapers
meat,margarine
UHT-milk,yogurt
frozen fish,whipped/sour cream
meat,pip fruit
citrus fruit,waffles
pip fruit,rolls/buns
UHT-milk,canned beer
bottled water,pastry
house keeping products,spread cheese
rolls/buns,yogurt
sugar,red/blush wine
dessert,mayonnaise
root vegetables,sliced cheese
yogurt,other vegetables
whole milk,soda
citrus fruit,white bread
napkins,citrus fruit
dessert,soda
citrus fruit,soda
sausage,newspapers
canned beer,shopping bags
rice,coffee
butter,seasonal products
root vegetables,specialty bar
coffee,shopping bags
butter milk,whipped/sour cream
root vegetables,whole milk
other vegetables,pastry
grapes,rolls/buns
brown bread,pip fruit
rolls/buns,cling film/bags
shopping bags,root vegetables
other vegetables,specialty bar
pip fruit,bottled water
whole milk,fruit/vegetable juice
yogurt,grapes
newspapers
whole milk,canned fish
pip fruit,candy
napkins,canned vegetables
organic sausage,rolls/buns
red/blush wine,yogurt
butter,root vegetables
white wine,UHT-milk
red/blush wine,other vegetables
citrus fruit,baking powder
pork,rolls/buns
fruit/vegetable juice,soft cheese
rolls/buns,misc. beverages
tropical fruit,other vegetables
whole milk,waffles
pastry,bottled water
beef,white wine
other vegetables,ice cream
meat spreads,yogurt
whipped/sour cream,yogurt
sliced cheese,cling film/bags
chicken,specialty chocolate
bottled water,other vegetables
pip fruit,specialty chocolate
root vegetables,chocolate marshmallow
pastry,shopping bags
other vegetables,frozen vegetables
dessert,pastry
brown bread,misc. beverages
zwieback,bottled water
frozen meals,bottled water
hamburger meat,white bread
domestic eggs,soda
yogurt,sauces
pork,sugar
soda,spices
whole milk,brown bread
bottled water,seasonal products
curd
butter,brown bread
packaged fruit/vegetables,popcorn
margarine,rolls/buns
tropical fruit,rolls/buns
meat,soda
yogurt,popcorn
pork,rolls/buns
tropical fruit,baking powder
citrus fruit,fruit/vegetable juice
whole milk,margarine
liquor (appetizer),soda
berries,long life bakery product
curd,softener
whole milk,cream cheese
hamburger meat,pip fruit
beef,pasta
pip fruit,cream cheese
other vegetables,whipped/sour cream
hamburger meat,sliced cheese
rolls/buns,pip fruit
bottled water,frozen potato products
pastry,pip fruit
butter,condensed milk
ham,napkins
whole milk,rolls/buns
canned beer,frozen dessert
tropical fruit,butter milk,softener
pip fruit,whole milk,soda
soda,curd,sliced cheese
bottled beer,sugar,popcorn
other vegetables,rolls/buns,specialty cheese
pip fruit,vinegar,misc. beverages
root vegetables,rolls/buns,Instant food products
pip fruit,bottled water
napkins,photo/film,dessert
curd,soda,rolls/buns
female sanitary products,whole milk,hygiene articles
whipped/sour cream,other vegetables,honey
other vegetables,skin care,domestic eggs
berries,napkins,cereals
whole milk,pastry
whole milk,butter,domestic eggs
brown bread,rolls/buns,sliced cheese
specialty chocolate,whole milk,red/blush wine
coffee,yogurt,oil
pot plants,yogurt,cream cheese
frozen meals,domestic eggs
specialty chocolate,sugar,domestic eggs
roll products,soda,other vegetables
whipped/sour cream,yogurt,candy
tropical fruit,berries,mayonnaise
pip fruit,newspapers,fruit/vegetable juice
margarine,rolls/buns,seasonal products
bottled water,hair spray,processed cheese
newspapers,coffee,soft cheese
soda,whole milk,brandy
soda,domestic eggs,tea
rolls/buns,specialty cheese,domestic eggs
soda,flower (seeds),jam
pip fruit,yogurt,syrup
soda,pasta,curd cheese
root vegetables,liquor,sliced cheese
cake bar,white bread,newspapers
soda,specialty bar,tidbits
tropical fruit,flour,specialty chocolate
chocolate,brown bread,salty snack
other vegetables,jam
pot plants,bottled water,yogurt
domestic eggs,hamburger meat,shopping bags
pip fruit,soda,popcorn
pork,whole milk,flower (seeds)
bottled water,waffles,white bread
root vegetables,whole milk,pastry
shopping bags,root vegetables,curd
berries,whipped/sour cream,bottled water
soda,bottled water,butter
yogurt,brown bread,newspapers
dessert,dental care,waffles
vinegar,whole milk,bottled beer
domestic eggs,whole milk,brown bread
pastry,pet care,margarine
canned vegetables,brown bread,salty snack
whole milk,bottled beer,frozen vegetables
salty snack,pastry,oil
brown bread,hygiene articles,rolls/buns
frozen vegetables,pip fruit,hygiene articles
tropical fruit,brown bread,whole milk
berries,frozen meals,dish cleaner
pot plants,frozen vegetables,coffee
other vegetables,coffee,rolls/buns
yogurt,cream cheese,fruit/vegetable juice
chicken,chocolate marshmallow,hygiene articles
frozen meals,pasta,curd
chicken,salty snack,coffee
vinegar,grapes,frozen vegetables
berries,candy,rolls/buns
other vegetables,pot plants,vinegar
yogurt,chewing gum,shopping bags
soda,cereals,whole milk
white bread,dog food,potato products
margarine,UHT-milk,brown bread
curd,spices,frozen fish
tropical fruit,pastry,cream cheese
bottled beer,napkins,whole milk
grapes,whipped/sour cream,dishes
sugar,popcorn,baking powder
onions,cat food,white wine
beef,shopping bags,pickled vegetables
domestic eggs,coffee,pastry
pastry,whipped/sour cream,decalcifier
whole milk,dessert,dish cleaner
cream cheese,whole milk,candy
specialty chocolate,soda,chocolate
ice cream,chocolate,seasonal products
liquor,dessert,waffles
onions,newspapers
citrus fruit,pot plants
dessert,mustard,white bread
ham,waffles,seasonal products
other vegetables,whole milk
cat food,whipped/sour cream,whole milk
pip fruit,rolls/buns,yogurt
yogurt,shopping bags,bottled water
yogurt,whole milk,waffles
whole milk,coffee,bottled beer
frozen potato products,domestic eggs,curd cheese
dessert,processed cheese,UHT-milk
whole milk,shopping bags,newspapers
pork,yogurt,margarine
margarine,soda,canned fish
chewing gum,root vegetables,frozen vegetables
specialty bar,whole milk,cling film/bags
canned beer,yogurt,cream cheese
onions,yogurt,white bread
specialty fat,other vegetables,white wine
tropical fruit,ice cream,newspapers
chocolate,canned beer,frozen fish
citrus fruit,grapes,bottled water
margarine,whole milk,berries
dessert,newspapers,domestic eggs
whole milk,newspapers,hygiene articles
brown bread,rolls/buns,processed cheese
canned beer,tropical fruit,newspapers
pastry,chocolate,flour
yogurt,whole milk,fruit/vegetable juice
brown bread,bottled water,domestic eggs
root vegetables,whole milk,napkins
chocolate,dish cleaner,domestic eggs
whole milk,yogurt,pastry
canned beer,whole milk,soda
ham,onions,baking powder
chicken,margarine,long life bakery product
root vegetables,processed cheese,yogurt
rolls/buns,salty snack
yogurt,soda
whole milk,margarine,dessert
soda,prosecco,canned fish
ice cream,Instant food products,long life bakery product
mayonnaise,hard cheese,brown bread
tropical fruit,other vegetables,hygiene articles
pip fruit,napkins,shopping bags
butter milk,bottled beer,soda
sugar,citrus fruit,napkins
rolls/buns,specialty bar
bottled beer,newspapers,napkins
whole milk,yogurt,shopping bags
soda,processed cheese,instant coffee
other vegetables,bottled water,beverages
hard cheese,sugar,bottled water
butter milk,bottled beer,zwieback
soda,onions,pastry
fruit/vegetable juice,specialty chocolate,Instant food products
sweet spreads,herbs,long life bakery product
onions,flour,whipped/sour cream
pip fruit,bottled water,salt
pastry,oil,potato products
canned beer,domestic eggs,whole milk
whole milk,whipped/sour cream,frozen vegetables
bottled beer,canned fish,fruit/vegetable juice
white bread,citrus fruit,sugar
tropical fruit,grapes,sugar
other vegetables,long life bakery product,pastry
pip fruit,frozen fish,cling film/bags
bottled water,shopping bags,waffles
rolls/buns,curd cheese,Instant food products
whole milk,newspapers,bottled water
rolls/buns,yogurt,fruit/vegetable juice
other vegetables,soda,rolls/buns
whole milk,turkey,long life bakery product
beef,herbs,oil
whole milk,yogurt,sliced cheese
cat food,yogurt,candy
sausage,whole milk,cake bar
beef,canned beer,fruit/vegetable juice
ham,seasonal products,cat food
soda,curd
canned beer,ice cream
whole milk,white bread
onions,root vegetables
onions,specialty vegetables
tidbits,cream cheese
whole milk,bottled beer
whole milk,other vegetables
bottled beer,frozen meals
citrus fruit,sliced cheese
fruit/vegetable juice,spices
white bread,soda
soda,whole milk
domestic eggs,specialty fat
spread cheese,root vegetables
other vegetables,root vegetables
grapes,semi-finished bread
semi-finished bread,rolls/buns
other vegetables,yogurt
misc. beverages,coffee
beef,newspapers
tropical fruit,waffles
other vegetables,rolls/buns
beef,white bread
rolls/buns,whole milk
frozen potato products,root vegetables
beef,red/blush wine
bottled beer,other vegetables
onions,cat food
soda,brown bread
vinegar,newspapers
nuts/prunes,coffee
dessert,root vegetables
sausage,citrus fruit
rum,sugar
meat,whipped/sour cream
cream cheese,brown bread
hamburger meat,butter
yogurt,bottled water
hamburger meat,whole milk
pastry,berries
pip fruit,butter
rolls/buns,domestic eggs
pork,soda
male cosmetics,hard cheese
citrus fruit,butter
tea,soda
newspapers,citrus fruit
tropical fruit,soda
herbs,newspapers
zwieback,salty snack
tropical fruit,grapes
beverages,rolls/buns
napkins,butter
whole milk,candy
rolls/buns,semi-finished bread
whipped/sour cream,domestic eggs
beverages,newspapers
other vegetables,whole milk
beef,rolls/buns
fruit/vegetable juice,whole milk
hamburger meat,pastry
whole milk,yogurt
root vegetables,misc. beverages
citrus fruit,bottled water
soda,whole milk
instant coffee,butter
whole milk,candy
whole milk,bottled water
pastry,napkins
hard cheese,soda
whipped/sour cream,curd
whole milk,root vegetables
whipped/sour cream,brown bread
root vegetables,bottled water
onions,butter
curd,soft cheese
soda,instant coffee
brown bread
liver loaf,fruit/vegetable juice
hamburger meat,dessert
sausage,long life bakery product
white bread,rolls/buns
rolls/buns,margarine
sausage,root vegetables,salty snack,coffee
curd,newspapers
chicken,shopping bags
bottled water,tropical fruit
yogurt,other vegetables
bottled water,canned beer
root vegetables,other vegetables
rolls/buns,margarine
other vegetables,butter
canned beer,whole milk
butter,frozen vegetables
chocolate,long life bakery product
ham,pastry
fruit/vegetable juice,pip fruit
whole milk,chocolate marshmallow
yogurt,other vegetables
cat food,domestic eggs
yogurt,berries
beef,grapes
pip fruit,syrup
pastry,frozen fish
other vegetables,whole milk
ham,whole milk
herbs,canned beer
napkins,margarine
organic products,root vegetables
pip fruit,rolls/buns
specialty chocolate,other vegetables
pastry,whole milk
tropical fruit,fish
ice cream,pork
soft cheese,pip fruit
whipped/sour cream,soda
chocolate marshmallow,other vegetables
soda,root vegetables
decalcifier,grapes
soda,other vegetables
specialty bar,domestic eggs
other vegetables,curd
butter milk,root vegetables
other vegetables,yogurt
pip fruit,root vegetables
rolls/buns,pip fruit
frozen dessert,flower (seeds)
sliced cheese,whole milk
waffles,sparkling wine
tropical fruit,other vegetables
citrus fruit,fruit/vegetable juice
other vegetables,herbs
bottled beer,bottled water
yogurt,flour
bottled water
yogurt,other vegetables
whole milk,baking powder
flour,yogurt
other vegetables,butter
hygiene articles,whole milk
whole milk,ice cream
yogurt,other vegetables
citrus fruit,shopping bags
rolls/buns,berries
yogurt,pip fruit
sausage,nuts/prunes
herbs,chewing gum
whole milk,brown bread
specialty bar,margarine
tropical fruit,dessert
sugar,fruit/vegetable juice
rolls/buns,bottled water
beverages,rice
pastry,berries
pastry,other vegetables
citrus fruit,bottled water
beef,specialty chocolate
other vegetables,bottled beer
whole milk,bottled water
rolls/buns,packaged fruit/vegetables
yogurt,whole milk
specialty chocolate,other vegetables
rolls/buns,fruit/vegetable juice
beverages,yogurt
berries,pastry
cat food,domestic eggs
meat,bottled water
processed cheese,other vegetables
rolls/buns,soda
root vegetables,pip fruit
sausage,fruit/vegetable juice
pip fruit,berries
root vegetables,sliced cheese
dish cleaner,coffee
margarine,napkins
tropical fruit,soda
rolls/buns,rum
pork,berries
curd,cat food
rolls/buns,canned beer
candles,other vegetables
hamburger meat,rolls/buns
other vegetables,chocolate marshmallow
yogurt,butter
rolls/buns,salty snack
processed cheese,tropical fruit
canned beer
butter milk,red/blush wine
pork,semi-finished bread
flour,UHT-milk
bottled water,canned beer
soda,semi-finished bread
rolls/buns,shopping bags
rolls/buns,yogurt
butter,whipped/sour cream
pastry,whole milk
coffee,whole milk
bottled water,newspapers
margarine,canned beer
yogurt,margarine
coffee,butter milk
root vegetables,dish cleaner
root vegetables,butter milk
brown bread,curd
citrus fruit,root vegetables
fruit/vegetable juice,onions
butter,soda
bottled water,brown bread
soda,other vegetables
rolls/buns,salty snack
fruit/vegetable juice,tropical fruit
fruit/vegetable juice,other vegetables
soda,hamburger meat
beef,salt
UHT-milk,whole milk
soda,fruit/vegetable juice
beef,shopping bags
canned beer,whipped/sour cream
whole milk,long life bakery product
rolls/buns
whole milk,berries
hamburger meat,whole milk
root vegetables,rolls/buns
tropical fruit,root vegetables
yogurt,pastry
other vegetables,soda
root vegetables,white bread
shopping bags,pickled vegetables
chocolate,rolls/buns
ham,white bread
pork,sugar
frozen fish,pastry
citrus fruit,yogurt
rolls/buns,yogurt
rolls/buns,bottled water
whole milk,butter
other vegetables,specialty chocolate
meat,citrus fruit
margarine,butter
other vegetables,cream cheese
tropical fruit,whipped/sour cream
root vegetables,salt
yogurt,other vegetables
domestic eggs,whipped/sour cream
root vegetables,soda
spread cheese,whole milk
hygiene articles,yogurt
herbs,soups
chocolate,dessert
cat food,male cosmetics
frozen vegetables,tropical fruit
pastry,dessert
misc. beverages,newspapers
tea,pip fruit
curd,yogurt
pip fruit,pot plants
whole milk,rolls/buns
candy,other vegetables
soda,pork
waffles,yogurt
yogurt,canned beer
candy,domestic eggs
root vegetables,frozen vegetables
whole milk,cream cheese
yogurt,pastry
tropical fruit,frozen vegetables
onions,berries
whipped/sour cream,cream cheese
ham,rolls/buns
liquor,whole milk
cream cheese,whole milk
whole milk
oil,UHT-milk
pip fruit,soda
brown bread,butter milk
whole milk,whipped/sour cream
yogurt,baking powder
sliced cheese,napkins
frozen fish,rolls/buns
tea,beverages
whipped/sour cream,bottled beer
whole milk
rolls/buns,whipped/sour cream
whole milk,frozen vegetables
coffee,specialty vegetables
pastry,bottled beer
oil,shopping bags
rolls/buns,bottled water
photo/film,vinegar
pip fruit,tidbits
yogurt,domestic eggs
beef,processed cheese
pip fruit,skin care
citrus fruit,soap
root vegetables,white bread
canned beer,fruit/vegetable juice
citrus fruit,whole milk
domestic eggs,root vegetables
yogurt,other vegetables
domestic eggs,soda
zwieback,citrus fruit
yogurt,pip fruit
tropical fruit,brown bread
coffee,pip fruit
honey,salty snack
other vegetables,berries
spread cheese,rolls/buns
sausage,processed cheese
soda,whole milk
beverages,other vegetables
beef,whipped/sour cream
napkins,other vegetables
white bread,UHT-milk
whole milk,frozen fish
pork,sliced cheese
pip fruit,canned vegetables
other vegetables,ice cream
tropical fruit,pip fruit
rolls/buns,bottled water
citrus fruit,margarine
butter
other vegetables,sliced cheese
tropical fruit,chewing gum
white wine,fruit/vegetable juice
domestic eggs,other vegetables
dessert,butter
pip fruit,whipped/sour cream
other vegetables,oil
beef,chocolate
newspapers,whipped/sour cream
other vegetables,soda
nuts/prunes,margarine
other vegetables,pork
tropical fruit
white wine,condensed milk
ice cream,beef
chicken,waffles
whipped/sour cream,candy
root vegetables
hard cheese,whole milk
other vegetables,whole milk
citrus fruit,other vegetables
misc. beverages,frozen meals
frozen meals,dental care
yogurt,potato products
fruit/vegetable juice,hard cheese
herbs,cereals
curd,other vegetables
tropical fruit,spread cheese
rolls/buns,other vegetables
citrus fruit,whole milk
pip fruit,waffles
soda,cake bar
root vegetables,butter milk
citrus fruit,pastry
UHT-milk,cooking chocolate
butter,bottled water
citrus fruit,chocolate
citrus fruit,soda
soda,fruit/vegetable juice
whole milk,pip fruit
other vegetables
root vegetables,soda
citrus fruit,whole milk
whole milk,candy
sugar,other vegetables
hamburger meat,bottled beer
other vegetables,pip fruit
ham,hard cheese
white bread,rolls/buns
beef,Instant food products
mustard,whipped/sour cream
rolls/buns,UHT-milk
rolls/buns
sugar,skin care
pip fruit,sauces
pastry,whole milk
rolls/buns,hard cheese
hard cheese,specialty bar
root vegetables,tropical fruit
soda,mayonnaise
yogurt,rolls/buns
rolls/buns,specialty bar
whole milk,napkins
beef,hard cheese
whole milk,white wine
yogurt,rolls/buns
rolls/buns,hamburger meat
pip fruit,frozen meals
canned fish,salty snack
soft cheese,rolls/buns
other vegetables,bottled water
hamburger meat,yogurt
other vegetables,whole milk
curd,long life bakery product
hamburger meat,soda
pip fruit,pastry
whole milk,canned fish
other vegetables,soda
rolls/buns,pip fruit
onions,hygiene articles
bottled water,sliced cheese
tropical fruit,dessert
soda,specialty bar
frozen vegetables,fruit/vegetable juice
brown bread,soda
rolls/buns,frozen vegetables
frozen vegetables,fruit/vegetable juice
other vegetables,salty snack
chewing gum,misc. beverages
liquor (appetizer),whole milk
pork,cream cheese
bottled beer,berries
canned beer,candy
grapes,whipped/sour cream
pork,pastry
citrus fruit,specialty bar
butter milk,soda
rolls/buns,processed cheese
herbs,chocolate
rolls/buns,dessert
other vegetables,butter
candy,spread cheese
fruit/vegetable juice,pastry
whole milk,other vegetables
white bread,salty snack
fruit/vegetable juice,canned vegetables
newspapers,butter
salty snack,canned beer
coffee,napkins
citrus fruit,hard cheese
root vegetables,popcorn
soda,salt
pip fruit,soda
finished products,root vegetables
fruit/vegetable juice,soda
cream cheese,shopping bags
domestic eggs,bottled beer
other vegetables,napkins
other vegetables,whole milk
soda
coffee,white bread
sausage,onions
yogurt,sugar
rolls/buns,other vegetables
rolls/buns,bottled beer
pork,berries
newspapers,dishes
citrus fruit,fruit/vegetable juice
hygiene articles,semi-finished bread
sausage,pip fruit
bottled beer,brown bread
other vegetables,misc. beverages
root vegetables,pastry
pastry,other vegetables
male cosmetics,canned beer
turkey,other vegetables
soda,pastry
pastry,fruit/vegetable juice
tropical fruit,coffee
whole milk,rolls/buns
chicken,house keeping products
beverages,shopping bags
bottled water,chocolate
liver loaf,waffles
soda,pastry
frozen vegetables,domestic eggs
curd,whipped/sour cream
yogurt,frozen meals
whole milk,specialty chocolate
rolls/buns,bottled water
tropical fruit,soda
yogurt,pet care
root vegetables,rice
root vegetables,spread cheese
tropical fruit,grapes
canned fruit,whole milk
other vegetables,cream cheese
waffles,rolls/buns
brown bread,rolls/buns
sausage,root vegetables
frozen dessert,newspapers
pork,other vegetables
sausage,curd cheese
beverages,tropical fruit
condensed milk,other vegetables
rolls/buns,cream cheese
beef,condensed milk
rolls/buns,canned vegetables
other vegetables,butter milk
long life bakery product,whole milk
UHT-milk,other vegetables
tropical fruit,rolls/buns
pork,rolls/buns
yogurt
rolls/buns,tidbits
root vegetables
pastry,cream cheese
nuts/prunes,vinegar
whole milk,shopping bags
white bread,frozen vegetables
tropical fruit,whipped/sour cream
sugar,fruit/vegetable juice
soda,dessert
cookware,spread cheese
shopping bags,white wine
butter,bottled water
sliced cheese,yogurt
other vegetables,whole milk
specialty cheese,brown bread
whole milk,hamburger meat
chewing gum,rolls/buns
tropical fruit,soda
pip fruit,pastry
pastry,shopping bags
meat,waffles
hard cheese,processed cheese
misc. beverages,dessert
root vegetables,pastry
soda,whole milk
onions,sauces
male cosmetics,oil
onions,pastry
soda,butter
ham,pastry
newspapers,sliced cheese
waffles,specialty chocolate
meat,curd
soda,salty snack
chocolate,frozen meals
soda,chewing gum
bottled water,specialty chocolate
whole milk,napkins
other vegetables,whole milk
pot plants,bottled water
whipped/sour cream,whole milk
napkins,pastry
seasonal products,whole milk
brown bread,whole milk
bottled water,newspapers
root vegetables,soft cheese
soft cheese,pickled vegetables
rolls/buns,chocolate
canned fish,whole milk
finished products,whipped/sour cream
tropical fruit,rolls/buns
bottled beer,sliced cheese
newspapers,brown bread
whole milk,newspapers
bottled beer,newspapers,seasonal products,bottled water
whole milk,canned vegetables
beef,brown bread
napkins,whole milk
tropical fruit,yogurt
brown bread,waffles
white bread,red/blush wine
zwieback,UHT-milk
root vegetables,rolls/buns
whole milk,yogurt
brown bread,rolls/buns
yogurt
domestic eggs,hard cheese
citrus fruit,sliced cheese
liquor,long life bakery product
candy,coffee
root vegetables,bottled water
soda,bottled water
citrus fruit,whole milk
rolls/buns,house keeping products
sliced cheese,other vegetables
photo/film,root vegetables
dessert,rolls/buns
bottled beer,hygiene articles
yogurt,canned beer
frozen vegetables,butter
frozen meals,fruit/vegetable juice
frozen meals,napkins
canned fruit,whipped/sour cream
frozen potato products,whipped/sour cream
root vegetables,yogurt
pastry,whole milk
cereals,sugar
soda,red/blush wine
whole milk,frozen vegetables
napkins,soda
specialty bar,whole milk
tropical fruit,pastry
frozen potato products,pastry
other vegetables,bottled water
canned beer,dessert
curd,whipped/sour cream
canned beer,frozen fish
beef,other vegetables
whole milk,specialty bar
salt,root vegetables
root vegetables,dessert
whole milk
pip fruit,pickled vegetables
misc. beverages,zwieback
coffee,hamburger meat
shopping bags,butter
whole milk,bottled beer
onions,vinegar
onions,abrasive cleaner
whole milk,liquor (appetizer)
salty snack,chocolate
misc. beverages,curd
rolls/buns,newspapers
hamburger meat,rolls/buns
bottled beer,newspapers
beverages,bottled water
hard cheese,sugar
misc. beverages,whipped/sour cream
pork,specialty bar
turkey,domestic eggs
pastry,rolls/buns
rolls/buns,whipped/sour cream
margarine,domestic eggs
pork,soda
salty snack,chocolate marshmallow
UHT-milk,rolls/buns
yogurt,salty snack
pork,sugar
whole milk,frozen potato products
ice cream,specialty chocolate
whole milk,oil
pork,pastry
root vegetables,bottled beer
tropical fruit,rolls/buns
soda,oil
hard cheese,rolls/buns
whole milk,onions
whole milk,fruit/vegetable juice
frozen vegetables,root vegetables
whole milk,rolls/buns
bottled water,fruit/vegetable juice
dessert,brown bread
pip fruit,waffles
bottled beer,frozen dessert,rolls/buns,berries,rice,white bread
other vegetables,margarine
other vegetables,bottled beer
rolls/buns,domestic eggs
hamburger meat,coffee
meat,pip fruit
beef,shopping bags
female sanitary products,margarine
skin care,oil
other vegetables,whole milk
other vegetables,detergent
citrus fruit,bottled water
tropical fruit,chocolate
tropical fruit,white bread
tropical fruit,yogurt
soda,beverages
soda
root vegetables,snack products
cake bar,flower soil/fertilizer
root vegetables,white bread
hamburger meat,popcorn
beef,waffles
root vegetables,shopping bags
meat,root vegetables
chewing gum,cake bar
root vegetables,margarine
tropical fruit,shopping bags
white wine,dessert
butter milk,spices
beef,sugar
tropical fruit,dishes
white bread,make up remover
root vegetables,shopping bags
cream cheese,rolls/buns
fruit/vegetable juice,whole milk
other vegetables,canned beer
onions,oil
whole milk,bottled water
other vegetables,dessert
whole milk,rolls/buns
pip fruit,curd
curd,detergent
soda,sliced cheese
dessert,yogurt
curd,sugar
frozen vegetables,misc. beverages
root vegetables
other vegetables,photo/film,newspapers
ham,soda,pickled vegetables
frozen meals,yogurt,rolls/buns
grapes,whole milk,frozen vegetables
beef,pastry,candy
pip fruit,rolls/buns,shopping bags
whole milk,cleaner
pork,whole milk,popcorn
tropical fruit,hygiene articles,candles
sugar,butter milk,photo/film
tropical fruit,whole milk,shopping bags
rolls/buns,yogurt,shopping bags
curd,dessert,cling film/bags
other vegetables,whole milk,house keeping products
beef,whole milk,newspapers
other vegetables,domestic eggs,napkins
frozen meals,brown bread,dishes
other vegetables,waffles,butter
pot plants,shopping bags,coffee
roll products,oil,UHT-milk
root vegetables,yogurt,whole milk
sausage,yogurt,dishes
long life bakery product,whipped/sour cream,bottled beer
tropical fruit,dessert,domestic eggs
curd cheese,newspapers,UHT-milk
whipped/sour cream,candy,whole milk
brandy,soap,chewing gum
whole milk,bottled water
pork,shopping bags,hygiene articles
yogurt,sugar,margarine
root vegetables,soda,hygiene articles
whole milk,bottled water,honey
soft cheese,butter milk,shopping bags
butter,shopping bags,newspapers
citrus fruit,rolls/buns,canned fish
cat food,napkins,fruit/vegetable juice
cat food,pet care,oil
processed cheese,frozen potato products,Instant food products
pork,pastry,rolls/buns
processed cheese,mayonnaise,shopping bags
other vegetables,shopping bags,specialty bar
fish,candy,rolls/buns
domestic eggs,butter,beverages
pip fruit,domestic eggs,seasonal products
canned beer,whipped/sour cream,misc. beverages
semi-finished bread,whole milk,fruit/vegetable juice
sausage,bottled beer,sliced cheese
other vegetables,frozen vegetables,whole milk
soft cheese,rolls/buns,detergent
bottled beer,frozen vegetables,sliced cheese
specialty bar,dog food,cream cheese
yogurt,pastry,bottled water
specialty chocolate,soda,bathroom cleaner
soda,rolls/buns,shopping bags
other vegetables,bottled water,white bread
cream cheese,shopping bags
specialty chocolate,soda,pet care
soda,other vegetables,frozen vegetables
chicken,fruit/vegetable juice,cake bar
bottled beer,fruit/vegetable juice
pip fruit,rolls/buns,shopping bags
pip fruit,chewing gum,yogurt
pip fruit,canned vegetables,cling film/bags
soda,domestic eggs
specialty bar,rolls/buns,processed cheese
bottled water,bottled beer,canned fish
UHT-milk,other vegetables,cake bar
citrus fruit,whole milk,rolls/buns
hard cheese,napkins,bottled water
herbs,white bread,curd cheese
domestic eggs,sugar,Instant food products
ham,fruit/vegetable juice,chocolate
chocolate,whipped/sour cream,bottled beer
ketchup,hard cheese,rolls/buns
white bread,specialty bar,newspapers
chewing gum,curd,yogurt
pip fruit,seasonal products,chocolate
other vegetables,rolls/buns,waffles
dessert,canned beer,specialty chocolate
root vegetables,dessert,whisky
cling film/bags,domestic eggs
tropical fruit,bottled water,dessert
dessert,fruit/vegetable juice,napkins
citrus fruit,white bread,pastry
butter,male cosmetics,newspapers
rolls/buns,red/blush wine,chocolate
other vegetables,whole milk,bottled beer
rolls/buns,sugar,butter
root vegetables,rolls/buns,fruit/vegetable juice
meat,bottled water,soda
meat,pasta,baking powder
brown bread,honey,pet care
other vegetables,UHT-milk,curd
other vegetables,cereals,cleaner
specialty bar,bottled water,dental care
bottled water,soda,nut snack
hamburger meat,spices,chocolate
condensed milk,bottled water,bottled beer
whole milk,curd,hygiene articles
root vegetables,shopping bags,frozen vegetables
whole milk,napkins,artif. sweetener
domestic eggs,roll products,oil
newspapers,fruit/vegetable juice,specialty chocolate
canned beer,white wine,chocolate
citrus fruit,rolls/buns,frozen vegetables
whole milk,salty snack,margarine
bottled water,baking powder,UHT-milk
tropical fruit,yogurt,candy
frozen vegetables,other vegetables,napkins
frozen fish,soda,vinegar
domestic eggs,whole milk,bottled beer
UHT-milk,curd,chocolate
liver loaf,bottled water
pip fruit,mustard,whole milk
packaged fruit/vegetables,yogurt,bottled beer
beef,brown bread,frozen fish
root vegetables,oil,soda
chicken,root vegetables,dish cleaner
UHT-milk,whole milk,herbs
beef,newspapers,canned vegetables
rolls/buns,light bulbs,long life bakery product
ham,UHT-milk,margarine
sausage,sugar,semi-finished bread
whole milk,butter,newspapers
pork,frozen dessert,newspapers
whole milk,hair spray,waffles
chicken,soups,bottled water
pastry,sliced cheese,fruit/vegetable juice
citrus fruit,rolls/buns,long life bakery product
margarine,frozen vegetables,baking powder
salty snack,brown bread,napkins
whipped/sour cream,pastry,napkins
berries,soda,oil
soda,bottled water,whipped/sour cream
other vegetables,Instant food products,sugar
soft cheese,chewing gum,cling film/bags
tropical fruit,white bread,butter
salty snack,soups,brown bread
root vegetables,yogurt,newspapers
other vegetables,rolls/buns,beverages
other vegetables,sugar,oil
other vegetables,domestic eggs,long life bakery product
curd,soda,ice cream
other vegetables,potato products,napkins
berries,pastry,soda
hamburger meat,detergent,flour
whole milk,rolls/buns,waffles
meat,newspapers,cleaner
canned fish,rolls/buns,domestic eggs
sausage,chocolate,newspapers
frozen meals,frozen vegetables,curd
butter milk,cleaner,bottled water
rolls/buns,soda,shopping bags
onions,bottled water,sliced cheese
bottled beer,canned beer,fruit/vegetable juice
root vegetables,margarine,bottled water
beverages,white wine,frozen potato products
whole milk,roll products,rice
berries,coffee,margarine
whole milk,brown bread,domestic eggs
other vegetables,dishes
hamburger meat,brown bread
pastry,hard cheese
canned beer,ready soups
other vegetables,newspapers
bottled water,rolls/buns
specialty bar,candles
butter,margarine
yogurt,salty snack
root vegetables,butter
soda,detergent
other vegetables,UHT-milk
onions,bottled beer
rice,whipped/sour cream
ham,newspapers
instant coffee,shopping bags
specialty bar,bottled beer
bottled water,other vegetables
dessert,bottled water
root vegetables,onions
soft cheese,frozen vegetables
meat,dishes
whipped/sour cream,rolls/buns
frozen potato products,specialty cheese
frozen potato products,chocolate marshmallow
citrus fruit,whole milk
specialty chocolate,onions
UHT-milk
canned beer,long life bakery product
other vegetables,rolls/buns
margarine,mayonnaise
chocolate,rolls/buns
pastry,root vegetables
berries,whole milk
turkey,bottled water
soda,margarine
syrup,waffles
whole milk,specialty bar
pip fruit,pastry
pet care,photo/film
whole milk,curd
pastry,margarine
grapes,whipped/sour cream
misc. beverages,coffee
root vegetables,rice
whipped/sour cream,newspapers
root vegetables,butter
bottled beer,white bread
citrus fruit,pastry
pip fruit,other vegetables
pip fruit,bottled beer
root vegetables,rolls/buns
tropical fruit,packaged fruit/vegetables
specialty bar,bottled beer
bottled water,yogurt
rolls/buns,soda
tropical fruit,butter
other vegetables,curd
pickled vegetables,canned beer
specialty bar,dessert
finished products,domestic eggs
other vegetables,butter
rolls/buns
misc. beverages,cream cheese
other vegetables
whole milk,organic products
sugar,shopping bags
napkins,whipped/sour cream
meat,nuts/prunes
pork,other vegetables
fruit/vegetable juice,packaged fruit/vegetables
sausage,root vegetables
canned beer,fruit/vegetable juice
root vegetables,sweet spreads
fruit/vegetable juice,berries
sweet spreads,coffee
packaged fruit/vegetables,flour
root vegetables,white bread
misc. beverages,coffee
other vegetables,canned beer
white bread,brown bread
UHT-milk,brown bread
liquor,hygiene articles
soda,salty snack
tropical fruit,bottled water
white wine,soft cheese
bottled water,frozen meals
frozen vegetables,coffee
beef,canned beer
yogurt,napkins
salty snack,bottled water
hamburger meat,whipped/sour cream
specialty bar,soda
pastry,liqueur
pip fruit,rolls/buns
chewing gum,cream cheese
bottled beer,yogurt
fruit/vegetable juice,detergent
misc. beverages,soda
yogurt,curd
root vegetables,sugar
coffee,yogurt
pork,specialty chocolate
chocolate,soda
ketchup,whole milk
pot plants,whipped/sour cream
whipped/sour cream,misc. beverages
soda,rolls/buns
chicken,fruit/vegetable juice
yogurt,white bread
berries,sliced cheese
fruit/vegetable juice,flower (seeds)
ice cream,sliced cheese
root vegetables,shopping bags
bottled beer,canned vegetables
pickled vegetables,yogurt
tropical fruit,whole milk
hamburger meat,root vegetables
bottled water,rolls/buns
whole milk,domestic eggs
fruit/vegetable juice,soda
pastry,bottled water
root vegetables,whipped/sour cream
tropical fruit,yogurt
rolls/buns,cake bar
shopping bags,other vegetables
citrus fruit,newspapers
dessert,semi-finished bread
oil,herbs
canned beer,shopping bags
other vegetables,hard cheese
other vegetables,coffee
brown bread,onions
whole milk
rolls/buns,other vegetables
canned beer,whole milk
specialty chocolate,long life bakery product
other vegetables,long life bakery product
whipped/sour cream,oil
shopping bags
canned beer,sugar
rolls/buns,specialty chocolate
whole milk,oil
specialty chocolate,pet care
whole milk,domestic eggs
brown bread,canned beer
mayonnaise,processed cheese
fruit/vegetable juice,other vegetables
specialty chocolate,misc. beverages
chicken,rolls/buns
whole milk,brown bread
chocolate,butter
frozen meals,bottled beer
long life bakery product,root vegetables
pork,yogurt
cream cheese,toilet cleaner
other vegetables,yogurt
whole milk,shopping bags
bottled beer,ice cream
berries,root vegetables
waffles,cereals
newspapers,domestic eggs
photo/film,white bread
whipped/sour cream,chewing gum
brown bread
whole milk,flour
cake bar,whole milk
whole milk,soft cheese
whole milk,canned beer
tropical fruit,UHT-milk
brandy,domestic eggs
tropical fruit,other vegetables
whole milk,UHT-milk
soda,mayonnaise
soda
berries,bottled beer
brown bread,other vegetables
shopping bags,rolls/buns
rice,dish cleaner
butter milk,semi-finished bread
yogurt,herbs
sugar,soda
frozen meals,frozen dessert
fruit/vegetable juice,vinegar
root vegetables,white wine
whole milk,pickled vegetables
detergent,soft cheese
UHT-milk,bottled beer
nuts/prunes,margarine
newspapers,salty snack
margarine,whipped/sour cream
berries,bottled beer
turkey,white bread
chocolate,shopping bags
citrus fruit,napkins
dog food,canned beer
shopping bags,fruit/vegetable juice
packaged fruit/vegetables,beverages
beef,whipped/sour cream
nuts/prunes,soda
pip fruit,other vegetables
hamburger meat,whipped/sour cream
brown bread,processed cheese
chocolate,waffles
white wine,frozen potato products
other vegetables,bottled water
meat spreads,shopping bags
whole milk,margarine
UHT-milk,canned fish
margarine,yogurt
dishes,brown bread
specialty chocolate,shopping bags
candy,bottled water
other vegetables,candy
soft cheese,whipped/sour cream
berries,yogurt
fruit/vegetable juice,bottled beer
whole milk,oil
whipped/sour cream,curd
bottled water,processed cheese
canned beer,curd
white bread,brown bread
dessert,frozen vegetables
butter milk,frozen vegetables
whole milk,bottled water
whole milk,whipped/sour cream
rolls/buns,canned beer
frozen vegetables,cookware
root vegetables,hygiene articles
grapes,long life bakery product
tropical fruit,whole milk
whole milk,pot plants
brown bread,cat food
liquor,chicken
pip fruit,spread cheese
curd,brown bread
chicken,other vegetables
herbs,sugar
rolls/buns,bathroom cleaner
whole milk,cat food
candy,domestic eggs
yogurt,margarine
seasonal products,root vegetables
pastry,canned beer
zwieback,butter
canned beer,shopping bags
ice cream,butter
artif. sweetener,herbs
ice cream,napkins
tropical fruit,coffee
UHT-milk,beverages
canned beer,salty snack
grapes,processed cheese
canned beer,domestic eggs
ice cream,butter
root vegetables,tropical fruit
pip fruit,whipped/sour cream
turkey,yogurt
tropical fruit,shopping bags
butter,candy
butter,canned beer
whole milk,margarine
sausage,newspapers
white wine,whole milk
beverages,mustard
whole milk,chocolate
dessert,whole milk
canned vegetables,pasta
tropical fruit,whole milk
margarine,other vegetables
oil,bottled beer
other vegetables,rolls/buns
other vegetables,hard cheese
yogurt,shopping bags
pip fruit,other vegetables
rolls/buns,shopping bags
whole milk,rolls/buns
rolls/buns,packaged fruit/vegetables
sausage,white bread
cream cheese,chocolate
sausage,other vegetables
bottled beer,chocolate
yogurt
frozen vegetables,pastry
yogurt,detergent
curd,whipped/sour cream
prosecco,chewing gum
frozen vegetables,soft cheese
whole milk,berries
other vegetables,hygiene articles
bottled water,coffee
fruit/vegetable juice,dessert
rolls/buns,cat food
yogurt,whipped/sour cream
chocolate marshmallow,soda
pip fruit,abrasive cleaner
tropical fruit,shopping bags
root vegetables,dog food
soft cheese,onions
canned beer,dishes
liquor,butter milk
soda,tropical fruit
pork,other vegetables
artif. sweetener,salty snack
soda,pastry
canned beer,white bread
rolls/buns,shopping bags
rolls/buns,yogurt
brown bread,waffles
whole milk,yogurt
soda,shopping bags
chicken,dessert
chicken,frozen meals
UHT-milk,soft cheese
pip fruit,yogurt
root vegetables,cream cheese
citrus fruit,soda
brown bread,rolls/buns
grapes,coffee
rolls/buns,detergent
other vegetables,candy
root vegetables,shopping bags
sliced cheese,sugar
soft cheese,berries
rolls/buns,pastry
hamburger meat,frozen potato products
whipped/sour cream
grapes,whole milk
other vegetables,bottled beer
citrus fruit,flour
rolls/buns,canned beer
tropical fruit,shopping bags
pip fruit,coffee
whole milk,cream cheese
whole milk,pot plants
citrus fruit,frozen vegetables
frozen fish,bottled beer
liquor,bathroom cleaner
misc. beverages,bottled water
misc. beverages,cling film/bags
dessert,whipped/sour cream
tropical fruit,whole milk
frozen vegetables,rice
UHT-milk,bottled water
whole milk,UHT-milk
onions,soda
rolls/buns,soda
rolls/buns,shopping bags
fruit/vegetable juice,root vegetables
long life bakery product,napkins
oil,canned fish
whole milk,skin care
root vegetables,dog food
berries,dishes
root vegetables,dishes
bottled beer,whole milk
salty snack,sugar
other vegetables,salt
beef,bottled water
frozen fish,whipped/sour cream
tropical fruit,dental care
tropical fruit,pickled vegetables
rolls/buns,dessert
whole milk,bottled beer
citrus fruit,bottled beer
newspapers,shopping bags
tropical fruit,rolls/buns
root vegetables,napkins
hamburger meat,bottled beer
tropical fruit,oil
butter,candy
newspapers,roll products
frozen dessert,specialty chocolate
bottled water,yogurt
rolls/buns,pickled vegetables
hamburger meat,candles
other vegetables
white bread,yogurt
whole milk,ice cream
brown bread,dishes
curd,red/blush wine
beverages,bottled water
beverages,canned vegetables
whole milk
rolls/buns,brown bread
fruit/vegetable juice,canned beer
liquor,fruit/vegetable juice
rolls/buns,specialty bar
mayonnaise,shopping bags
tropical fruit,popcorn
meat,pasta
salty snack,rolls/buns
sweet spreads,soda
curd,butter
salty snack,butter
other vegetables,rolls/buns
bottled water
flower (seeds),honey
root vegetables,margarine
onions,instant coffee
pastry,yogurt
whole milk,bottled beer
white bread,mayonnaise
butter,long life bakery product
onions,frozen vegetables
whole milk,bottled water
root vegetables,shopping bags
other vegetables,soda
brown bread,domestic eggs
canned beer,cream cheese
tropical fruit,cream cheese
white bread,curd cheese
chicken,soda
citrus fruit,flour
cleaner,misc. beverages
other vegetables,curd
other vegetables,domestic eggs
tropical fruit,pudding powder
nut snack,whole milk
other vegetables,dessert
citrus fruit,sliced cheese
soft cheese,flower (seeds)
rolls/buns,whole milk
white wine,rolls/buns
rolls/buns,photo/film
pip fruit,soda
yogurt,rolls/buns
rolls/buns,newspapers
liquor,newspapers
soda,domestic eggs
fruit/vegetable juice,other vegetables
other vegetables,cooking chocolate
whole milk,brown bread
coffee,softener
coffee,yogurt
baking powder,condensed milk
whole milk,brown bread
domestic eggs,chocolate
butter milk,newspapers
root vegetables,bottled beer
specialty bar,bottled water
tropical fruit,berries
tropical fruit,shopping bags
specialty bar,yogurt
whole milk,waffles
other vegetables,hygiene articles
chicken,long life bakery product
napkins,yogurt
whipped/sour cream,hygiene articles
dessert,domestic eggs
yogurt,whipped/sour cream
canned beer,bottled water
long life bakery product,yogurt
canned beer,newspapers
soda,pasta
onions,frozen vegetables
citrus fruit,bottled water
pork,bottled water
soda,dish cleaner
dessert,pot plants
dog food,bottled beer
beef,tea
soda,shopping bags
root vegetables,newspapers
red/blush wine,cream cheese
citrus fruit,yogurt
brown bread,yogurt
other vegetables,UHT-milk
hamburger meat,shopping bags
tropical fruit,other vegetables
bottled beer,shopping bags
curd,butter milk
domestic eggs,rolls/buns
yogurt,newspapers
beef,liquor
other vegetables,pot plants
coffee,other vegetables
beef,dessert
chicken,flower (seeds)
fruit/vegetable juice,pot plants
soda,instant coffee
onions,specialty bar
cream cheese,coffee
other vegetables,spread cheese
tropical fruit,rolls/buns
hamburger meat,other vegetables
yogurt,pasta
yogurt,pasta
whipped/sour cream,soft cheese
cat food,soda
margarine
hamburger meat,tropical fruit
pip fruit,root vegetables
canned beer,other vegetables
chicken,spread cheese
chicken,pastry
pip fruit,whole milk
chicken,margarine
pip fruit,whole milk
UHT-milk,other vegetables
pot plants,pastry
tropical fruit,flour
root vegetables,chewing gum
rolls/buns,detergent
root vegetables,tropical fruit
tropical fruit,waffles
tropical fruit,soda
soda,flour
soda,yogurt
other vegetables,bottled beer
whipped/sour cream,yogurt
root vegetables,salty snack
whole milk,bottled beer
bottled water,domestic eggs
citrus fruit,cat food
root vegetables,candles
UHT-milk,canned vegetables
butter,hygiene articles
meat,butter
red/blush wine,dog food
root vegetables,bottled beer
rolls/buns,bottled water
whole milk,yogurt
rolls/buns,berries
root vegetables,yogurt
whole milk,whipped/sour cream
whole milk,cream cheese
root vegetables,pastry
chicken,condensed milk
frozen vegetables,canned beer
pasta,root vegetables
root vegetables,hygiene articles,soda
hamburger meat,other vegetables,chocolate marshmallow
pip fruit,brown bread,oil
butter milk,pickled vegetables,hygiene articles
rolls/buns,bottled beer,white bread
hamburger meat,pastry,brown bread
soda,frozen meals,bottled beer
rolls/buns,cream cheese,yogurt
curd,specialty chocolate,flour
pork,candy,yogurt
other vegetables,fruit/vegetable juice,white bread
other vegetables,shopping bags,packaged fruit/vegetables
bottled water,frozen dessert,newspapers
root vegetables,yogurt,sparkling wine
napkins,whole milk,chocolate marshmallow
spices,cat food,seasonal products
citrus fruit,cling film/bags,hard cheese
root vegetables,rolls/buns,whole milk
soft cheese,sliced cheese,soda
domestic eggs,bottled water,kitchen towels
whole milk,yogurt,long life bakery product
chicken,soda,packaged fruit/vegetables
soda,cereals
rolls/buns,oil,fruit/vegetable juice
candy,baking powder,canned fish
citrus fruit,semi-finished bread,yogurt
newspapers,bottled water,hard cheese
other vegetables,margarine,brown bread
rolls/buns,yogurt,newspapers
whole milk,yogurt,newspapers
soups,white bread,other vegetables
butter,skin care,rolls/buns
turkey,shopping bags,whole milk
yogurt,soda,frozen vegetables
whole milk,rolls/buns,hygiene articles
rolls/buns,brown bread,whipped/sour cream
pip fruit,newspapers,root vegetables
flour,flower (seeds),bottled water
whole milk,pastry,napkins
frozen meals,instant coffee,specialty chocolate
chewing gum,newspapers,candy
curd cheese,red/blush wine,margarine
beef,specialty bar,rolls/buns
frozen vegetables,yogurt,pot plants
pip fruit,beverages,pastry
baking powder,mustard
light bulbs,pastry,domestic eggs
soda,margarine,specialty chocolate
waffles,ketchup,candy
chewing gum,cream cheese,waffles
shopping bags,salty snack,house keeping products
citrus fruit,pastry,dish cleaner
tropical fruit,pasta,sugar
pip fruit,hard cheese,detergent
soda,soft cheese,oil
root vegetables,coffee,soda
white wine,newspapers,dog food
rolls/buns,specialty chocolate,napkins
beverages,mustard,yogurt
rolls/buns,popcorn,fruit/vegetable juice
other vegetables,frozen dessert,chewing gum
chewing gum,domestic eggs,packaged fruit/vegetables
soda,onions,other vegetables
other vegetables,pasta,whole milk
pip fruit,coffee,UHT-milk
whole milk,margarine,sugar
citrus fruit,sparkling wine,bottled water
butter,sweet spreads,sliced cheese
liquor (appetizer),rolls/buns,yogurt
citrus fruit,sliced cheese,napkins
whole milk,frozen dessert,popcorn
yogurt,curd,pastry
canned beer,herbs,margarine
packaged fruit/vegetables,shopping bags,butter milk
mustard,shopping bags
yogurt,bottled water,domestic eggs
pip fruit,white bread,sliced cheese
tropical fruit,pastry,rolls/buns
yogurt,bottled water,long life bakery product
long life bakery product,pip fruit,oil
citrus fruit,shopping bags
hard cheese,Instant food products
citrus fruit,yogurt
popcorn,flour
other vegetables,margarine
sugar,bottled water
margarine,waffles
hamburger meat,dog food
turkey,semi-finished bread
meat,frozen potato products
bottled beer,canned vegetables
whole milk,hard cheese
pastry,frozen fish
root vegetables,rum
root vegetables,nut snack
hamburger meat,tidbits
pip fruit,shopping bags
nuts/prunes,long life bakery product
domestic eggs,butter
meat,domestic eggs
other vegetables,sliced cheese
whipped/sour cream,hard cheese
other vegetables,brandy
beef,mustard
white bread,beverages
coffee,misc. beverages
pip fruit,flower (seeds)
tropical fruit,bottled beer
soda,brown bread
beverages,curd
white bread,hygiene articles
tropical fruit,bottled beer
semi-finished bread,bottled water
chicken,baking powder
tropical fruit,sugar
yogurt,coffee
root vegetables,candy
frozen meals,whole milk
whipped/sour cream,flour
citrus fruit,cake bar
long life bakery product,ice cream
whipped/sour cream,newspapers
pot plants,rolls/buns
pork,flour
white wine,sauces
bottled water,bottled beer
pip fruit,yogurt
pip fruit,butter
pip fruit,newspapers
curd,yogurt
bottled water,yogurt
whole milk,waffles
dessert,butter
ham,pastry
tropical fruit,fruit/vegetable juice
whole milk
whole milk,coffee
fruit/vegetable juice,newspapers
cream cheese,misc. beverages
domestic eggs,rolls/buns
other vegetables,rolls/buns
onions,curd
pork,domestic eggs
butter,bottled water
pickled vegetables,cream cheese
sausage,salt
root vegetables,fruit/vegetable juice
tropical fruit,coffee
newspapers,napkins
pet care,cake bar
rolls/buns,hard cheese
rolls/buns,whole milk
citrus fruit,yogurt
pip fruit,rolls/buns
tropical fruit,bottled water
root vegetables,mayonnaise
sausage,dessert
pip fruit,bottled beer
chicken,cling film/bags
other vegetables,butter
whipped/sour cream,hygiene articles
hamburger meat,newspapers
tropical fruit,salty snack
root vegetables,processed cheese
misc. beverages,soda
ice cream,chewing gum
candy
citrus fruit,whipped/sour cream
tropical fruit,other vegetables
whole milk,coffee
whole milk,coffee
pip fruit,soda
cream cheese,newspapers
whipped/sour cream,white bread
meat,misc. beverages
pet care,napkins
citrus fruit,red/blush wine
other vegetables,zwieback
root vegetables,pastry
UHT-milk,soft cheese
bottled beer,nut snack
shopping bags,white wine
chicken,other vegetables
white wine,newspapers
whole milk,napkins
flour,chocolate marshmallow
waffles,margarine
rum,rolls/buns
whipped/sour cream,cream cheese
rolls/buns,canned beer
salty snack,frozen meals
other vegetables,cake bar
chicken,dishes
yogurt,shopping bags
berries,mayonnaise
whole milk,butter
root vegetables,soda
pip fruit,pastry
dessert,other vegetables
sausage,curd
citrus fruit,other vegetables
citrus fruit,candy
rolls/buns,pastry
root vegetables,brown bread
root vegetables,onions
bottled beer,rolls/buns
whole milk,rolls/buns
white bread,butter
citrus fruit,soda
finished products,other vegetables
other vegetables,liquor (appetizer)
citrus fruit,rolls/buns
whole milk,cream cheese
onions,whipped/sour cream
citrus fruit,whole milk
whole milk,coffee
specialty bar,pastry
bottled water,beverages
citrus fruit,cream cheese
chewing gum,bottled water
white bread,domestic eggs
frozen meals,canned beer
chicken,shopping bags,other vegetables,whole milk
sausage,softener
bottled water,butter milk
canned fish,rolls/buns
bottled water,chocolate
dessert,frozen fish
rolls/buns,napkins
whole milk,coffee
beef,curd
other vegetables,frozen vegetables
tropical fruit,domestic eggs
citrus fruit,whipped/sour cream
bottled water,specialty bar
pastry,baking powder
candy,pot plants
root vegetables,frozen fish
UHT-milk,frozen meals
pastry,kitchen towels
root vegetables,grapes
yogurt,jam
canned beer,yogurt
whipped/sour cream,hard cheese
dessert,soda
frozen meals,cream cheese
rolls/buns,mustard
beef,male cosmetics
other vegetables,yogurt
root vegetables,margarine
organic sausage,herbs
soda,shopping bags
candy,soda
specialty bar,rolls/buns
berries,dog food
tropical fruit,frozen vegetables
other vegetables,whole milk
whipped/sour cream,other vegetables
curd,dessert
fruit/vegetable juice,herbs
whole milk,bottled water
bottled beer,hamburger meat
whipped/sour cream,canned beer
whole milk,chocolate
fruit/vegetable juice
yogurt,shopping bags
pip fruit,bottled water
root vegetables,processed cheese
rolls/buns,brown bread
whole milk,berries
root vegetables,salty snack
bottled water,sauces
pork,butter
baking powder,butter
whole milk,oil
other vegetables
onions,coffee
butter milk,pickled vegetables
cocoa drinks,sliced cheese
other vegetables,frozen meals
frozen vegetables,dishes,soda,domestic eggs
whole milk,fruit/vegetable juice
flower soil/fertilizer,waffles
other vegetables,rolls/buns
ham,UHT-milk
soda,shopping bags
whole milk,bottled water
other vegetables,shopping bags
other vegetables,baking powder
herbs,sugar
whole milk
whole milk,butter
soda,berries
beef,specialty chocolate
whole milk,canned beer
tropical fruit,other vegetables
curd,waffles
soft cheese,cat food
chicken,fruit/vegetable juice
root vegetables,bottled beer
beef,salty snack
pip fruit,pastry
sausage,rolls/buns
chicken,cake bar
soda
root vegetables,berries
root vegetables,specialty bar
curd,brown bread
other vegetables,shopping bags
citrus fruit,specialty bar
whole milk,beverages
domestic eggs,dessert
beef,hair spray
UHT-milk,rolls/buns
grapes,coffee
white bread,coffee
hamburger meat,dessert
butter,hygiene articles
whole milk,bottled beer
onions,whipped/sour cream
brown bread,soda
root vegetables,canned beer,whole milk,oil
chicken,curd
sausage,whipped/sour cream
tropical fruit,dessert
whole milk,whipped/sour cream
whole milk,onions
newspapers,canned beer
citrus fruit,flower (seeds)
whole milk,soda
whole milk,shopping bags
cling film/bags,other vegetables
butter,fruit/vegetable juice
salt,fruit/vegetable juice
tropical fruit,other vegetables
rolls/buns,frozen vegetables
chicken,curd
citrus fruit,shopping bags,domestic eggs
ham,pickled vegetables,shopping bags
house keeping products,rolls/buns,mayonnaise
citrus fruit,soda,coffee
other vegetables,yogurt,Instant food products
citrus fruit,dessert,bottled water
other vegetables,cat food,bottled water
rolls/buns,newspapers,shopping bags
herbs,onions,brown bread
hamburger meat,bottled beer,domestic eggs
rolls/buns,napkins,newspapers
margarine,rolls/buns,root vegetables
berries,domestic eggs,coffee
white wine,butter,frozen fish
root vegetables,frozen vegetables,rolls/buns
chicken,whole milk,canned beer
rolls/buns,salty snack,waffles
bottled water,potato products
root vegetables,bottled water,whipped/sour cream
bottled water,flour,sugar
root vegetables,soda,other vegetables
UHT-milk,whole milk,canned beer
red/blush wine,bottled water,sweet spreads
citrus fruit,yogurt,soda
root vegetables,margarine,rolls/buns
tropical fruit,whipped/sour cream
cat food,candles,whole milk
whole milk,butter milk,yogurt
citrus fruit,canned beer,flour
beef,newspapers,bottled beer
whole milk,flour,berries
bottled beer,ice cream,salty snack
baking powder,canned beer,specialty chocolate
pastry,dishes,waffles
whole milk,brown bread,soda
fruit/vegetable juice,butter,rolls/buns
ham,bottled water,margarine
pork,newspapers,root vegetables
sausage,spread cheese,chocolate
pork,nuts/prunes,rolls/buns
root vegetables,specialty cheese,curd
pork,margarine,sugar
yogurt,butter,whole milk
tropical fruit,waffles,bottled beer
shopping bags,whole milk,domestic eggs
whole milk,margarine,rolls/buns
citrus fruit,oil,specialty chocolate
rolls/buns,other vegetables,newspapers
soda,spices,shopping bags
pip fruit,sugar,frozen vegetables
tropical fruit,pickled vegetables,bottled beer
other vegetables,rolls/buns,sweet spreads
tropical fruit,butter,dog food
turkey,whipped/sour cream,butter
beef,fruit/vegetable juice,yogurt
other vegetables,white bread,soft cheese
UHT-milk,specialty cheese,shopping bags
root vegetables,white wine,liquor (appetizer)
tropical fruit,mustard,sliced cheese
yogurt,other vegetables,fruit/vegetable juice
root vegetables,sugar,newspapers
root vegetables,soda,waffles
other vegetables,yogurt,salty snack
pip fruit,spread cheese,misc. beverages
root vegetables,yogurt,specialty bar
bottled beer,soda,candy
grapes,soda,other vegetables
curd,whipped/sour cream,margarine
seasonal products,butter,ice cream
meat,canned beer,yogurt
domestic eggs,other vegetables,soda
pastry,soda,instant coffee
candy,newspapers,female sanitary products
chocolate,UHT-milk,sliced cheese
pip fruit,margarine,specialty cheese
whipped/sour cream,sparkling wine,bottled beer
pastry,brown bread,yogurt
pork,domestic eggs,pickled vegetables
rolls/buns,oil,yogurt
coffee,soda,frozen vegetables
pip fruit,bottled beer,other vegetables
grapes,yogurt,hygiene articles
cat food,whole milk
root vegetables,rolls/buns,salty snack
butter,dish cleaner,light bulbs
curd,semi-finished bread,whole milk
other vegetables,chocolate,white wine
tropical fruit,other vegetables,dessert
condensed milk,shopping bags,long life bakery product
other vegetables,bottled water,cereals
UHT-milk,herbs,newspapers
root vegetables,waffles,cream cheese
beef,pot plants,frozen meals
whole milk,pastry,salty snack
chocolate,yogurt,other vegetables
brown bread,whole milk,light bulbs
pork,bottled water,baking powder
root vegetables,margarine,rolls/buns
packaged fruit/vegetables,specialty bar,whipped/sour cream
canned vegetables,root vegetables,cake bar
bottled water,cream cheese,curd
sugar,UHT-milk,margarine
candy,pastry,napkins
frozen vegetables,flour,pickled vegetables
yogurt,domestic eggs
rolls/buns,sugar,fruit/vegetable juice
dessert,other vegetables,whipped/sour cream
tropical fruit,other vegetables,soft cheese
beverages,bottled water,yogurt
tropical fruit,curd,brown bread
curd,rolls/buns,candy
onions,whole milk,cling film/bags
pip fruit,hard cheese,bottled water
root vegetables,salty snack,whipped/sour cream
hard cheese,waffles,misc. beverages
pip fruit,soda,brown bread
root vegetables,instant coffee
soda,yogurt,brown bread
tropical fruit,other vegetables,sugar
detergent,rolls/buns,yogurt
cream cheese,popcorn,frozen fish
dog food,chewing gum,coffee
whole milk,long life bakery product,margarine
margarine,soda,UHT-milk
root vegetables,yogurt,pickled vegetables
pork,cleaner
berries,yogurt
cream cheese
other vegetables,yogurt
other vegetables,cat food
other vegetables,bottled beer
curd,whipped/sour cream
processed cheese,rolls/buns
other vegetables,sugar
other vegetables,butter
hamburger meat,bottled beer
dental care,curd
other vegetables,specialty bar
instant coffee,domestic eggs
other vegetables,oil
candy,whole milk
ham,bottled water
butter,specialty chocolate
domestic eggs,cat food
misc. beverages,dishes
pip fruit,vinegar
bottled water,herbs
dessert,rolls/buns
tropical fruit,rice
whole milk,soda
root vegetables,yogurt
candy,whipped/sour cream
other vegetables,dishes
tropical fruit,flour
fruit/vegetable juice,hard cheese
whipped/sour cream,pastry
soda,ice cream
ice cream,hygiene articles
canned beer,pastry
canned beer,flower soil/fertilizer
dessert,whole milk
packaged fruit/vegetables,bottled beer
hamburger meat,candy
liquor (appetizer),onions
shopping bags,specialty chocolate
UHT-milk,shopping bags
citrus fruit,soda
cream cheese,butter milk
butter milk,yogurt
curd,processed cheese
pastry,UHT-milk
liquor (appetizer),liquor
yogurt,semi-finished bread
brown bread,fruit/vegetable juice
pip fruit,napkins
canned beer,ice cream
dessert,flower (seeds)
bottled beer,fruit/vegetable juice
chewing gum,frozen vegetables
other vegetables,domestic eggs
soda,frozen vegetables
yogurt,brown bread
other vegetables,rolls/buns
whole milk,pickled vegetables
tropical fruit,soda
rolls/buns,root vegetables
long life bakery product,hard cheese
sliced cheese,candy
whole milk,condensed milk
beverages,red/blush wine
soda
yogurt,bottled water
other vegetables,butter
root vegetables,shopping bags
berries,specialty cheese
processed cheese,salty snack
rolls/buns,cling film/bags
root vegetables,domestic eggs
photo/film,fruit/vegetable juice
sausage,yogurt
butter,softener
soda,brown bread
rolls/buns
tropical fruit,shopping bags
yogurt,pasta
brown bread
dessert,rolls/buns
pip fruit,shopping bags
sliced cheese,pasta
photo/film,cream cheese
pip fruit,frozen potato products
bottled water,Instant food products
rolls/buns,soda
liquor (appetizer),hygiene articles
yogurt,whole milk
beverages,soda
bottled water,hygiene articles
cream cheese,white bread
citrus fruit,long life bakery product
yogurt
condensed milk,curd
long life bakery product,brown bread
brown bread,yogurt
other vegetables,soft cheese
citrus fruit,other vegetables
cream cheese,other vegetables
newspapers,shopping bags
whipped/sour cream,yogurt
other vegetables,canned beer
rolls/buns,domestic eggs
root vegetables,yogurt
cake bar,Instant food products
shopping bags,margarine
soda,rolls/buns
citrus fruit,toilet cleaner
whole milk,bathroom cleaner
turkey,kitchen towels
canned fruit,dog food
pip fruit,soda
root vegetables,soda
yogurt,shopping bags
berries,candy
pastry,citrus fruit
hamburger meat,rolls/buns
sausage,whole milk
root vegetables,shopping bags
canned beer,ice cream
pork,domestic eggs
house keeping products,cat food
oil,butter
brown bread,whipped/sour cream
onions,cream cheese
brown bread
hard cheese,domestic eggs
coffee,liquor
pip fruit,domestic eggs
root vegetables,chocolate
sauces,shopping bags
pork,cake bar
rolls/buns,soda
other vegetables,yogurt
tropical fruit,mustard
sausage,house keeping products
UHT-milk,sugar
butter,margarine
soft cheese,other vegetables
frozen meals,canned vegetables
other vegetables,shopping bags
other vegetables,photo/film
chicken,pickled vegetables
pip fruit,pastry
curd,salty snack
whole milk,sliced cheese
margarine,yogurt
other vegetables,brown bread
other vegetables,berries
rolls/buns,cream cheese
canned beer,long life bakery product
soda,grapes
Instant food products,whipped/sour cream
bottled water,shopping bags
whole milk,cat food
fruit/vegetable juice,pasta
other vegetables,brown bread
soft cheese,cream cheese
bottled beer,yogurt
rolls/buns,pastry
sausage,yogurt
chocolate,brown bread
yogurt,citrus fruit,ice cream,soups
candy,long life bakery product
oil,misc. beverages
photo/film,soda
pip fruit,chocolate
white wine,Instant food products
napkins,waffles
rolls/buns,yogurt
canned beer,sliced cheese
whole milk,margarine
other vegetables,domestic eggs
whole milk,newspapers
canned beer,salty snack
Instant food products,yogurt
bottled beer,chocolate
butter,frozen meals
rolls/buns,red/blush wine
pip fruit,hard cheese
root vegetables,Instant food products
fruit/vegetable juice,pastry
long life bakery product,salty snack
other vegetables,butter
tropical fruit,cream cheese
butter milk,pickled vegetables
soda,photo/film
butter,margarine
waffles,rolls/buns
rolls/buns,soda
root vegetables,shopping bags
whole milk,ice cream
other vegetables,UHT-milk
instant coffee,sparkling wine
pastry,domestic eggs
dishes,pastry
yogurt,frozen vegetables
canned vegetables,popcorn
yogurt,soda
pickled vegetables,frozen vegetables
pastry,ice cream
pip fruit,yogurt
soda,shopping bags
coffee,pot plants
whole milk,candy
frozen meals,chocolate
tropical fruit,red/blush wine
red/blush wine,salty snack
specialty fat,liquor (appetizer)
frozen vegetables,dessert
brown bread,yogurt
bottled beer,frozen vegetables
white bread,domestic eggs
curd,butter
soft cheese,coffee
butter,frozen vegetables
liquor,bottled water
whole milk,sugar
yogurt,brown bread
soda,bottled water
photo/film,whole milk
yogurt,rolls/buns
UHT-milk,soda
whole milk,berries
root vegetables,butter
soda,whole milk
tropical fruit,white bread
ice cream,yogurt
pip fruit,butter milk
root vegetables,coffee
pork,frozen vegetables
canned beer,dental care
finished products,UHT-milk
brown bread,margarine
other vegetables,whole milk
other vegetables,onions
whole milk,salty snack
brown bread,whole milk
condensed milk,margarine
other vegetables,brown bread
other vegetables,roll products
butter milk,specialty fat
misc. beverages,domestic eggs
rolls/buns,curd
soft cheese,long life bakery product
rolls/buns,yogurt
whole milk,whipped/sour cream
bottled beer,margarine
citrus fruit,domestic eggs
processed cheese,canned vegetables
white bread,domestic eggs
yogurt,soda
other vegetables,frozen dessert
sugar,whole milk
meat,yogurt
beverages,coffee
napkins,white bread
fruit/vegetable juice,cream cheese
bottled water,soda
soda,bottled water
berries,canned fish
pastry,brown bread
sauces,herbs
pork,rolls/buns
pip fruit,curd cheese
chocolate,pastry
tropical fruit,condensed milk
specialty chocolate,margarine
bottled beer,specialty chocolate
spread cheese,specialty chocolate
white bread,jam
frozen dessert,yogurt
coffee,long life bakery product
ham,whipped/sour cream
UHT-milk,domestic eggs
yogurt,newspapers
sparkling wine,bottled water
brown bread,whole milk
pork,rolls/buns
dessert,margarine
whole milk,flour
sugar,kitchen towels
whole milk,root vegetables
bathroom cleaner,popcorn
onions,oil
frozen vegetables,salad dressing
house keeping products,yogurt
yogurt,curd
soda,whole milk
onions,waffles
tropical fruit,canned beer
white wine,sugar
brown bread,curd
fruit/vegetable juice,beverages
dessert,brown bread
rolls/buns,whole milk
white wine,processed cheese
ice cream,whipped/sour cream
root vegetables,sweet spreads
butter milk,margarine
frozen vegetables,whole milk
napkins,brown bread
margarine,whipped/sour cream
whipped/sour cream,curd
pip fruit,rolls/buns
soda,shopping bags
specialty bar,shopping bags,pasta
other vegetables,yogurt,specialty bar
citrus fruit,curd,napkins
rolls/buns,whipped/sour cream,bottled beer
sausage,soda,newspapers
coffee,shopping bags
citrus fruit,butter milk,cream cheese
whole milk,fruit/vegetable juice,rolls/buns
whipped/sour cream,fruit/vegetable juice
whole milk,curd,bottled beer
other vegetables,semi-finished bread,shopping bags
candy,margarine,butter
rolls/buns,cat food,beverages
sausage,salty snack,cling film/bags
soft cheese,frozen vegetables,cream cheese
soda,curd,flower (seeds)
soda,liquor (appetizer),salty snack
meat spreads,tropical fruit,rolls/buns
pip fruit,whole milk,napkins
root vegetables,bottled water,frozen dessert
dessert,nut snack,bottled water
beef,bottled water
other vegetables,mustard,soups
beverages,long life bakery product,hygiene articles
meat,canned fish,brown bread
newspapers,yogurt,semi-finished bread
root vegetables,ice cream,rolls/buns
long life bakery product,soda
hamburger meat,soft cheese,pickled vegetables
newspapers,long life bakery product,napkins
rolls/buns,mayonnaise,flour
pip fruit,whole milk,rolls/buns
meat,bottled water,abrasive cleaner
brown bread,newspapers,margarine
whole milk,waffles,chocolate
sausage,whipped/sour cream,waffles
bottled beer,canned beer,dish cleaner
chicken,chocolate,chewing gum
other vegetables,rolls/buns,brown bread
pasta,yogurt,cat food
soda,bottled water,hygiene articles
pasta,mustard,syrup
yogurt,roll products,fruit/vegetable juice
condensed milk,other vegetables,softener
sausage,pastry,coffee
whole milk,tropical fruit,margarine
rolls/buns,frozen vegetables,roll products
citrus fruit,domestic eggs,bottled water
sliced cheese,cream cheese,semi-finished bread
tropical fruit,whipped/sour cream,hygiene articles
other vegetables,whole milk,sliced cheese
pastry,detergent,rice
misc. beverages,yogurt
turkey,frozen dessert,shopping bags
beef,white bread,frozen potato products
tropical fruit,white bread,red/blush wine
herbs,spread cheese,rolls/buns
rolls/buns,hamburger meat,candles
whole milk,softener,sliced cheese
white bread,whole milk,hygiene articles
meat,butter,frozen dessert
butter,bottled water
bottled water,hamburger meat,pastry
whipped/sour cream,shopping bags,bottled water
chicken,brown bread,bottled beer
dog food,coffee,seasonal products
sparkling wine,liquor,detergent
soda,frozen dessert,pickled vegetables
seasonal products,other vegetables,bottled water
citrus fruit,roll products,frozen vegetables
hamburger meat,pastry,flour
other vegetables,fruit/vegetable juice,coffee
butter,margarine
waffles,hygiene articles,tea
photo/film,pork,liquor
photo/film,whole milk,shopping bags
other vegetables,hard cheese,chocolate
canned beer,yogurt,soda
spread cheese,specialty cheese,dish cleaner
canned beer,specialty vegetables,long life bakery product
bottled water,butter,waffles
meat,tropical fruit,yogurt,candles
pickled vegetables,pastry,brown bread,sugar
canned beer,white bread,male cosmetics,chocolate
root vegetables,sliced cheese,newspapers,shopping bags
long life bakery product,butter,rolls/buns,newspapers
sugar,waffles,soda,organic products
tropical fruit,domestic eggs,vinegar,whipped/sour cream
tropical fruit,cake bar,soda,cat food
whole milk,packaged fruit/vegetables,abrasive cleaner,napkins
beef,whole milk,frozen vegetables,soda
processed cheese,chocolate,yogurt
semi-finished bread,soda,shopping bags,long life bakery product
pip fruit,popcorn,rolls/buns,bottled water
tropical fruit,curd,salt,bottled water
whole milk,chocolate,packaged fruit/vegetables,rolls/buns
specialty chocolate,fruit/vegetable juice,rolls/buns
whole milk,yogurt,domestic eggs,newspapers
specialty bar,canned beer,white bread,newspapers
tropical fruit,bottled water,pastry,flour
meat,fruit/vegetable juice,long life bakery product,bottled water
margarine,processed cheese,candles,shopping bags
citrus fruit,brown bread,candy,domestic eggs
domestic eggs,margarine,canned beer,candles
brown bread,butter milk,oil,frozen meals
pastry,semi-finished bread,dishes,napkins
bottled beer,newspapers,pickled vegetables,mustard
tropical fruit,pot plants,shopping bags,sugar
butter,cake bar,ice cream,fruit/vegetable juice
tropical fruit,detergent,rolls/buns,coffee
tropical fruit,frozen fish,soda,newspapers
soda,brown bread,rolls/buns,sliced cheese
frozen meals,white bread,cereals,ready soups
herbs,newspapers,rolls/buns
root vegetables,whipped/sour cream,rolls/buns
root vegetables,roll products,whole milk
shopping bags,newspapers,curd,hard cheese
soda,frozen vegetables,brown bread,yogurt
red/blush wine,whipped/sour cream,specialty cheese,abrasive cleaner
whole milk,fruit/vegetable juice,shopping bags
rolls/buns,fruit/vegetable juice,frozen vegetables,whipped/sour cream
whole milk,frozen vegetables,soda,chocolate
meat,yogurt,soda,red/blush wine
newspapers,whipped/sour cream,bottled water,curd cheese
curd,grapes,shopping bags
hamburger meat,whipped/sour cream,sugar,newspapers
soda,root vegetables,whole milk,pastry
liquor,vinegar,shopping bags,long life bakery product
whipped/sour cream,whole milk,cream cheese,napkins
chewing gum,whole milk,bottled beer,ready soups
whipped/sour cream,herbs,flour,oil
other vegetables,beverages,ice cream,shopping bags
rolls/buns,domestic eggs,ice cream,pot plants
candy,rolls/buns,coffee,yogurt
bottled beer,long life bakery product,vinegar,pot plants
rolls/buns,baking powder,onions,bottled water
chocolate,margarine,bottled water,soda
other vegetables,bottled beer,white bread,fruit/vegetable juice
rolls/buns,bottled water,white bread,brown bread
citrus fruit,other vegetables,dessert,bottled beer
specialty chocolate,frozen vegetables,other vegetables,cream cheese
whole milk,frozen vegetables,soda,UHT-milk
whole milk,domestic eggs,canned vegetables,flower (seeds)
canned beer,other vegetables,dessert,pastry
herbs,vinegar,chocolate,cleaner
frozen meals,butter,newspapers,yogurt
canned fish,rolls/buns,chocolate,artif. sweetener
oil,brown bread,seasonal products
margarine,white bread,fruit/vegetable juice
long life bakery product,waffles,canned vegetables,soft cheese
root vegetables,yogurt,butter
frozen potato products,domestic eggs,shopping bags,butter milk
soda,yogurt,bottled water,pot plants
brown bread,butter milk,canned vegetables,soda
napkins,butter milk,cat food,shopping bags
beverages,rolls/buns,soups,white bread
tropical fruit,coffee,waffles,whipped/sour cream
seasonal products,pot plants,whole milk,dental care
onions,brown bread,canned vegetables,canned beer
waffles,whole milk,other vegetables,white bread
yogurt,shopping bags,cake bar
white bread,whipped/sour cream,frozen dessert,pastry
bottled water,frozen vegetables,UHT-milk
yogurt,butter,cling film/bags,fruit/vegetable juice
prosecco,rolls/buns,specialty chocolate,white bread
fruit/vegetable juice,canned fish,light bulbs,long life bakery product
tropical fruit,whole milk,long life bakery product,rum
whole milk,pastry,pickled vegetables
dessert,herbs,detergent,artif. sweetener
tropical fruit,bottled water,kitchen towels,processed cheese
whole milk,berries,specialty chocolate,white bread
cream cheese,frozen vegetables,sugar,coffee
other vegetables,newspapers,chewing gum,dessert
long life bakery product,rolls/buns,UHT-milk,bottled water
rolls/buns,whole milk,frozen vegetables,newspapers
brown bread,frozen meals,cat food,white bread
yogurt,tropical fruit,whipped/sour cream,Instant food products
whole milk,soda,fruit/vegetable juice
light bulbs,frozen vegetables,mustard,napkins
specialty chocolate,yogurt,hard cheese,pastry
whole milk,flour,margarine
white bread,bottled water,ready soups,curd
herbs,margarine,rolls/buns,chocolate
dessert,curd,whole milk,bottled water
pip fruit,frozen vegetables,whipped/sour cream
yogurt,domestic eggs,frozen vegetables,fruit/vegetable juice
liquor (appetizer),yogurt,specialty chocolate,rolls/buns
other vegetables,curd,yogurt,pudding powder
frozen meals,butter,whole milk,brandy
tropical fruit,rolls/buns,fruit/vegetable juice,canned beer
yogurt,napkins,rolls/buns,liquor (appetizer)
canned beer,syrup,brown bread,rice
whole milk,butter milk,rubbing alcohol,fruit/vegetable juice
other vegetables,instant coffee,hygiene articles
tropical fruit,curd,brown bread,pastry
pip fruit,hygiene articles,domestic eggs,hard cheese
yogurt,rolls/buns,domestic eggs,fruit/vegetable juice
ham,whole milk,sliced cheese,baking powder
yogurt,soft cheese,herbs,rolls/buns
semi-finished bread,rolls/buns,fruit/vegetable juice,tropical fruit
other vegetables,domestic eggs,soap,pastry
tropical fruit,whole milk,margarine,bottled beer
brown bread,bottled water,pastry,curd
instant coffee,newspapers,hard cheese,salty snack
whole milk,softener,domestic eggs,soda
UHT-milk,candles,yogurt,salty snack
pastry,long life bakery product,sliced cheese,yogurt
semi-finished bread,salty snack,waffles,frozen dessert
whole milk,domestic eggs,rolls/buns,long life bakery product
hamburger meat,bottled beer,brown bread,yogurt
seasonal products,oil,liquor (appetizer),cookware
salty snack,whole milk,softener,Instant food products
dessert,white bread,salty snack,cat food
tropical fruit,domestic eggs,candy,sugar
rolls/buns,liquor,curd,other vegetables
butter milk,bottled beer,rice,canned vegetables
ice cream,white bread,whole milk,bottled water
white bread,whole milk,pastry,shopping bags
curd,bottled water,other vegetables,white bread
instant coffee,onions,processed cheese,dental care
bottled beer,oil,whole milk,dishes
yogurt,curd,rolls/buns,whipped/sour cream
other vegetables,yogurt,flour
other vegetables,margarine,soda,salty snack
soda,salty snack,butter milk,baking powder
pip fruit,white wine,white bread,salt
ham,waffles,processed cheese,hygiene articles
dessert,whole milk,domestic eggs
root vegetables,pastry,other vegetables,rolls/buns
other vegetables,bottled beer,rolls/buns,shopping bags
fruit/vegetable juice,cat food,zwieback,frozen dessert
tea,yogurt,shopping bags,brown bread
pork,other vegetables,yogurt,white bread
cream cheese,yogurt,bottled beer
rolls/buns,newspapers,specialty fat,domestic eggs
coffee,soda,photo/film,domestic eggs
dishes,shopping bags,brown bread,white bread
tropical fruit,bottled beer,other vegetables,oil
meat spreads,hard cheese,frozen vegetables,butter
yogurt,margarine,soft cheese
specialty chocolate,pasta,soda,long life bakery product
margarine,shopping bags,pickled vegetables,rolls/buns
whole milk,sweet spreads,soda
frozen meals,rolls/buns,chocolate,shopping bags
other vegetables,soda,whole milk,sweet spreads
soda,artif. sweetener,cocoa drinks,bottled water
root vegetables,coffee,shopping bags,specialty bar
other vegetables,butter milk,chewing gum,specialty chocolate
hard cheese,rolls/buns,root vegetables,napkins
whole milk,domestic eggs
soda,domestic eggs,sliced cheese
yogurt,chewing gum,soda,oil
pork,canned fish,zwieback,frozen vegetables
pip fruit,white bread,margarine,baking powder
canned beer,berries,male cosmetics,fruit/vegetable juice
whole milk,dish cleaner,frozen fish,newspapers
tropical fruit,newspapers,specialty chocolate,margarine
frozen vegetables,bottled beer,soda,rolls/buns
root vegetables,domestic eggs,cake bar,napkins
newspapers,margarine,bottled beer,coffee
whipped/sour cream,soda,white bread,snack products
processed cheese,fruit/vegetable juice,frozen meals,cat food
flower (seeds),whipped/sour cream,specialty chocolate,bottled water
cat food,soda,yogurt,margarine
processed cheese,rolls/buns,oil,flour
tropical fruit,shopping bags,cream cheese,pasta
other vegetables,rolls/buns,bottled water,soda
whole milk,whipped/sour cream,domestic eggs,house keeping products
chicken,yogurt,hygiene articles,brown bread
pip fruit,yogurt,flour,rolls/buns
yogurt,margarine,long life bakery product,coffee
waffles,dishes,domestic eggs,oil
specialty chocolate,root vegetables,popcorn,soups
tropical fruit,rolls/buns,canned beer,dish cleaner
other vegetables,brown bread,hard cheese,soda,roll products,newspapers
rolls/buns,yogurt,domestic eggs,white bread
mustard,rolls/buns,white bread,newspapers
brown bread,margarine,chocolate,fruit/vegetable juice
brown bread,rolls/buns,cat food,pastry
whole milk,canned beer,Instant food products
root vegetables,sugar,bottled water,white bread
rolls/buns,bottled beer,misc. beverages,salt
cream cheese,frozen vegetables,pastry,bottled beer
beef,hard cheese,soft cheese,yogurt
onions,root vegetables,domestic eggs,chocolate
onions,domestic eggs,long life bakery product,pastry
spread cheese,yogurt,soda,shopping bags
sugar,pickled vegetables,fruit/vegetable juice,yogurt
cat food,yogurt,bottled beer,pastry
meat,liquor,male cosmetics,fruit/vegetable juice
specialty bar,frozen meals,kitchen towels,whole milk
rolls/buns,oil,beverages,bottled water
meat,hygiene articles,hard cheese,cat food
mayonnaise,bottled beer,rolls/buns,specialty fat
rolls/buns,mustard,newspapers,vinegar
meat,oil,candles,female sanitary products
pip fruit,ice cream,newspapers,pastry
yogurt,other vegetables,baking powder,candy
yogurt,shopping bags,waffles,chocolate
berries,beverages,pastry,napkins
yogurt,whole milk,onions,sugar
other vegetables,rolls/buns,soda,cat food
berries,pasta,soda,canned vegetables
whole milk,margarine,soda,softener
yogurt,sweet spreads,canned beer,pot plants
newspapers,flour,frozen fish,cream cheese
pastry,margarine
whole milk,domestic eggs,bottled beer
soft cheese,yogurt,pastry,instant coffee
herbs,specialty chocolate,red/blush wine,salad dressing
whole milk,detergent,yogurt,fruit/vegetable juice
specialty bar,soda,frozen vegetables
misc. beverages,bottled beer,dishes,onions
butter,domestic eggs,bottled water,curd
salty snack,napkins,sugar
misc. beverages,cling film/bags,curd
spread cheese,cream cheese,shopping bags
whole milk,brandy,brown bread
pip fruit,butter,bottled water
processed cheese,dog food,frozen potato products
whole milk,frozen vegetables,soda
pork,honey,newspapers
beef,kitchen towels,fruit/vegetable juice
UHT-milk,roll products,salt
specialty bar,shopping bags,chocolate
rolls/buns,frozen vegetables
soda,chocolate marshmallow,hard cheese
pip fruit,hard cheese,candy
bottled beer,cat food,newspapers
whole milk,rolls/buns,canned fish
rolls/buns,brown bread,canned beer
rolls/buns,rubbing alcohol,pastry
domestic eggs,brown bread,specialty chocolate
whole milk,oil,soups
butter milk,bottled water,shopping bags
pip fruit,white bread,rolls/buns
rolls/buns,bottled water
UHT-milk,newspapers,bottled water
shopping bags,soda,soups
tropical fruit,white bread,rolls/buns
soda,specialty cheese,napkins
pork,bottled water,pastry
pip fruit,salty snack,pastry
whole milk,soda,pickled vegetables
domestic eggs,white bread,whipped/sour cream
bottled water,coffee,curd
newspapers,waffles,shopping bags
pip fruit,white wine,sweet spreads
bottled water,softener,rolls/buns
brown bread,coffee,canned beer
other vegetables,canned vegetables,canned beer
domestic eggs,canned beer,shopping bags
other vegetables,butter,red/blush wine
bottled beer,soda,frozen vegetables
turkey,white bread
whole milk,soda
pip fruit,soda
whole milk,bottled beer
waffles,fruit/vegetable juice
specialty bar,pastry
soda,red/blush wine
hamburger meat,margarine
root vegetables,beverages
other vegetables,soda
other vegetables,soda
sausage,cat food
curd,pastry
curd,specialty chocolate
berries,condensed milk
root vegetables,pickled vegetables
pot plants,shopping bags
sausage,brandy
citrus fruit,coffee
whole milk,shopping bags
cream cheese,pastry
whole milk
frozen dessert,soda
whole milk,instant coffee
root vegetables,pastry
margarine,sugar
whole milk,coffee
pastry,other vegetables
bottled water,brown bread
sugar,whole milk
root vegetables,soda
rolls/buns,yogurt
beef,whipped/sour cream
coffee,bottled water
pork,other vegetables
bottled water,whole milk
pork,rolls/buns
other vegetables,hygiene articles
bottled water,meat spreads
hamburger meat,pasta
canned beer,dessert
yogurt,red/blush wine
rolls/buns,processed cheese
pork,whole milk
hamburger meat,rolls/buns
berries,semi-finished bread
ham,soda
other vegetables,pasta
dessert,whole milk
ham,bottled water
whole milk,fruit/vegetable juice
whole milk,misc. beverages
whole milk,bottled water
photo/film,pastry
tropical fruit,pastry
root vegetables,other vegetables
packaged fruit/vegetables,yogurt
whole milk,cake bar
waffles,yogurt
berries,sugar
pastry,liquor
chicken,frozen vegetables
whole milk,domestic eggs
cat food,butter
beef,hygiene articles
yogurt,fruit/vegetable juice
butter milk,oil
rolls/buns,flour
pip fruit,other vegetables
root vegetables,pet care
ice cream,long life bakery product
root vegetables,yogurt
tropical fruit,liquor (appetizer)
margarine,house keeping products,whole milk,canned beer
soda,pastry
margarine,frozen meals
yogurt,bottled beer
rolls/buns,processed cheese
whole milk,bottled beer
whole milk,flower soil/fertilizer
whole milk,butter
white bread,brown bread
white bread,canned beer
pip fruit,canned beer
whole milk,meat spreads
beef,soda
bottled beer,candy
newspapers,misc. beverages
bottled beer,soda
pork,soda
tropical fruit,shopping bags
other vegetables,beverages
whole milk,canned beer
other vegetables,soda
other vegetables
beverages,coffee
beef,pasta
whipped/sour cream,house keeping products
whole milk,canned beer
hard cheese,whole milk
misc. beverages,margarine
whole milk,newspapers
hamburger meat,rolls/buns
chicken,hygiene articles
coffee,shopping bags
rolls/buns,sugar
root vegetables,yogurt
chicken,grapes
whole milk,cream cheese
tropical fruit,frozen vegetables
other vegetables,bottled beer
citrus fruit,soda
ice cream,pot plants
onions,curd
fish,fruit/vegetable juice
frozen fish,specialty chocolate
root vegetables,frozen vegetables
domestic eggs,UHT-milk
ham,ice cream
canned fish,soda
newspapers,chocolate
rolls/buns,hard cheese
fruit/vegetable juice,brown bread
sliced cheese,napkins
candles,whole milk
whole milk,pasta
meat,fruit/vegetable juice
newspapers,cat food
pip fruit,whipped/sour cream
domestic eggs,soda
margarine,yogurt
finished products,cocoa drinks
canned beer,yogurt
butter,shopping bags
sausage,brown bread
specialty chocolate,soda
root vegetables,citrus fruit
whole milk,other vegetables
semi-finished bread,ketchup
whole milk,dessert
citrus fruit,margarine
root vegetables,coffee
salad dressing,hard cheese
misc. beverages,bottled water
root vegetables,soda
tropical fruit,oil
rolls/buns,flower (seeds)
grapes,misc. beverages
pip fruit,shopping bags
whole milk,shopping bags
newspapers,other vegetables
brown bread,coffee
tropical fruit,other vegetables
shopping bags
cling film/bags,curd
root vegetables,misc. beverages
chewing gum,spread cheese
whipped/sour cream,margarine
yogurt,whipped/sour cream
pip fruit,margarine
whole milk,pastry
whole milk,curd
other vegetables,bottled beer
root vegetables,soda
curd,soda
brown bread,frozen fish
rolls/buns,salty snack
bottled beer,whole milk
root vegetables,salty snack
beef,whole milk
other vegetables,curd
pip fruit,whipped/sour cream
butter,long life bakery product
bottled water,brown bread
tropical fruit,UHT-milk
bottled water,detergent
frozen vegetables,whole milk
tropical fruit,bottled water
chicken,pickled vegetables
rolls/buns
root vegetables,soda
onions,newspapers
root vegetables,whipped/sour cream
tropical fruit,red/blush wine
butter milk,rolls/buns
beef,domestic eggs
other vegetables,pickled vegetables
pip fruit,newspapers
other vegetables,beverages
meat,other vegetables
curd,shopping bags
whole milk,butter
other vegetables,UHT-milk
dessert,frozen vegetables
curd,rolls/buns
canned beer,brown bread
other vegetables,dishes
fruit/vegetable juice,packaged fruit/vegetables
rolls/buns,whole milk
curd,light bulbs
hamburger meat,butter milk
root vegetables,whipped/sour cream
rolls/buns,bottled water
whipped/sour cream,soft cheese
root vegetables,soda
pip fruit,fruit/vegetable juice
tropical fruit,soft cheese
butter milk,brown bread
pork,house keeping products
whole milk,semi-finished bread
whole milk,butter
soda,newspapers
hamburger meat,ice cream
chicken,shopping bags
bottled beer,frozen vegetables
berries,coffee
finished products,other vegetables
whole milk,curd
whole milk,waffles
soda,whipped/sour cream
pork,pastry
butter,bottled beer
whole milk,chocolate
other vegetables,margarine
rolls/buns
cream cheese,other vegetables
rolls/buns,make up remover
brown bread,liquor
whole milk,pip fruit
whole milk
chicken,yogurt
ice cream,yogurt
sausage,pastry
soda,yogurt
rolls/buns,curd cheese
other vegetables,bottled beer
canned beer,UHT-milk
root vegetables,salt
citrus fruit,other vegetables
white bread,seasonal products
whole milk,soda
root vegetables,soda
root vegetables,female sanitary products
yogurt,frozen vegetables
whole milk,misc. beverages
root vegetables,coffee
tropical fruit,frozen fish
meat,specialty cheese
herbs,domestic eggs
pip fruit,soft cheese
beef,napkins
herbs,soft cheese
whole milk
soda,coffee
citrus fruit,bottled water
rolls/buns,hygiene articles
root vegetables,liquor
whole milk
chicken,roll products
whole milk,specialty fat
butter,curd
chicken,whole milk
hamburger meat,pasta
root vegetables,pickled vegetables
hamburger meat,margarine
shopping bags,whipped/sour cream
curd,waffles
pip fruit,shopping bags
mayonnaise,curd
canned beer,root vegetables
whole milk,rolls/buns
butter,specialty chocolate
tropical fruit,mustard
berries,pastry
soda,other vegetables
long life bakery product,butter milk
pet care,photo/film
bottled water,sliced cheese
rolls/buns,frozen vegetables
rolls/buns,processed cheese
rolls/buns,soda
other vegetables
beverages,cat food
pip fruit,root vegetables
beef,flour
napkins,whole milk
salt,cream cheese
hamburger meat,newspapers
berries,waffles
pot plants,herbs
other vegetables,liquor
curd cheese,pastry
long life bakery product,whipped/sour cream
root vegetables,shopping bags
pip fruit,bottled beer
flower (seeds),bottled water
newspapers,brown bread
turkey,rolls/buns
other vegetables,tropical fruit
tropical fruit,shopping bags
whole milk,root vegetables
chicken,whipped/sour cream
beef,butter
citrus fruit,pot plants
other vegetables,coffee
tropical fruit,long life bakery product
rolls/buns,butter
white wine,soda
soda,frozen meals
yogurt,other vegetables
other vegetables,margarine
coffee,butter milk
whipped/sour cream,brown bread
berries,baking powder
candy,curd
long life bakery product,fruit/vegetable juice
other vegetables,newspapers
other vegetables,dessert
chicken,butter
beef,domestic eggs
other vegetables,whole milk
other vegetables,frozen meals
onions,chocolate
curd,whole milk
organic sausage,whipped/sour cream
meat,rolls/buns
bottled water,rolls/buns
soda,whole milk
frozen meals,whole milk
root vegetables,cream
organic sausage,yogurt
white bread,brown bread
other vegetables,soda
soda,fruit/vegetable juice
beef,house keeping products
tropical fruit,salt
root vegetables,chocolate
pastry,berries
pastry,domestic eggs
shopping bags,domestic eggs
meat,other vegetables
tropical fruit,canned fish
whole milk,bottled water
tropical fruit,newspapers
other vegetables,frozen vegetables
soda,waffles
pip fruit,soda
newspapers,whole milk
UHT-milk,berries
pip fruit,cling film/bags
white bread,flour
chocolate,dessert
brown bread,pot plants
pip fruit,onions
frozen vegetables
red/blush wine,shopping bags
hard cheese,oil
root vegetables,shopping bags
tidbits,other vegetables
coffee,tidbits
sausage,margarine
packaged fruit/vegetables,yogurt
beef,bottled water
whole milk,fruit/vegetable juice
whole milk,bottled water
canned vegetables,white bread
soda,chocolate
whole milk,white bread
bottled beer,bottled water
other vegetables,curd
pastry,seasonal products
bottled beer,other vegetables
hard cheese,shopping bags
cream cheese,bottled water
oil,candy
canned beer,dishes
bottled beer,canned beer
tropical fruit,frozen potato products
soda,margarine
root vegetables,chocolate marshmallow
condensed milk,yogurt
pastry,beverages
onions,canned fish
other vegetables,yogurt
other vegetables,flower (seeds)
photo/film,frozen potato products
pickled vegetables,flour
frozen meals,mustard
other vegetables,pastry
other vegetables,chocolate
sausage,yogurt
waffles,whole milk
grapes,canned fish
whole milk,onions
soft cheese,soda
root vegetables,cleaner
whole milk,rolls/buns
dessert,frozen meals
beef,frozen vegetables
yogurt,fruit/vegetable juice
other vegetables,tea
other vegetables,sliced cheese
yogurt
newspapers,rolls/buns
other vegetables,waffles
pip fruit,long life bakery product
pastry,whole milk
liver loaf,processed cheese
chocolate marshmallow,salt
beef,chocolate
curd,whipped/sour cream
sausage,yogurt
brown bread,domestic eggs
butter,newspapers
napkins,chewing gum
dessert,shopping bags
bottled water,bottled beer
whipped/sour cream,brown bread
other vegetables,brown bread
long life bakery product,chocolate
beef,flour
root vegetables,yogurt
soap,candy
coffee,rolls/buns
whipped/sour cream,soft cheese
pip fruit,beverages
root vegetables,seasonal products
misc. beverages,waffles
root vegetables,liquor
yogurt,hygiene articles
specialty bar,bottled water
bottled beer,newspapers
soda,cling film/bags
yogurt,pastry
bottled water,frozen fish
bottled beer,frozen vegetables
other vegetables,hygiene articles
citrus fruit,pickled vegetables
hamburger meat,seasonal products
other vegetables,long life bakery product
yogurt,flower (seeds)
other vegetables,red/blush wine
whipped/sour cream,specialty fat
spread cheese,cooking chocolate
specialty bar,canned beer
tropical fruit,hard cheese
sauces,misc. beverages
brown bread,white wine
organic sausage,specialty chocolate
chicken,pastry
hamburger meat,hygiene articles
other vegetables,bottled water
butter milk,shopping bags
jam,margarine
baking powder,bottled water
tropical fruit,soda
bottled water,soda
root vegetables,napkins
pork,grapes
tropical fruit,photo/film
whole milk,frozen fish
jam,cake bar
bottled water,rolls/buns
brown bread,canned beer
whole milk,other vegetables
packaged fruit/vegetables,semi-finished bread
root vegetables,soda
margarine,fruit/vegetable juice
specialty vegetables,yogurt
bottled water,hard cheese
salty snack,shopping bags
jam,cream cheese
other vegetables,shopping bags
meat,curd
UHT-milk,coffee
cake bar,butter
rolls/buns
root vegetables,hard cheese
margarine,sweet spreads
whole milk,yogurt
yogurt
canned beer,cream cheese
newspapers,soda
citrus fruit,dessert
sugar,spread cheese
whole milk,cream cheese
onions,curd
other vegetables,butter milk
frozen vegetables,margarine
packaged fruit/vegetables,long life bakery product
beverages,condensed milk
soda,liquor (appetizer)
white bread,shopping bags
dog food,pastry
rolls/buns,margarine
rolls/buns,soda
pastry,processed cheese
herbs,whole milk
soda,red/blush wine
rolls/buns,canned beer
rolls/buns,chewing gum
rolls/buns,frozen vegetables
yogurt,whipped/sour cream
soda,berries
whole milk,newspapers
other vegetables,rolls/buns
citrus fruit,shopping bags
soft cheese,coffee
fruit/vegetable juice,dessert
long life bakery product,newspapers
whipped/sour cream,soda
yogurt,napkins
rolls/buns,domestic eggs
pip fruit,butter
other vegetables,soda
whole milk,rolls/buns
root vegetables,whole milk
liquor,domestic eggs
yogurt,seasonal products
margarine,dishes
beef,misc. beverages
rolls/buns,shopping bags
butter,sliced cheese
soda
whole milk,canned vegetables
rolls/buns,domestic eggs
seasonal products,pickled vegetables
whole milk,soda
other vegetables,yogurt
specialty chocolate,canned fish
berries,soap
spread cheese,shopping bags
sugar,specialty bar
pip fruit,whipped/sour cream
berries,cream cheese
margarine,berries
cereals,soda
packaged fruit/vegetables,frozen fish
whipped/sour cream,cream cheese
butter,rolls/buns
white wine,rolls/buns
margarine,liquor
whole milk,detergent
soda,chocolate
whole milk,coffee
soda,salt
whole milk,soda
root vegetables,brown bread
frozen meals,cake bar
specialty bar,sliced cheese
whole milk,sugar
fruit/vegetable juice,frozen vegetables
packaged fruit/vegetables,chocolate
whole milk,bottled water
whipped/sour cream,hygiene articles
whipped/sour cream,shopping bags
chicken,domestic eggs
soda,curd
beverages,fruit/vegetable juice
whole milk,red/blush wine
root vegetables,shopping bags
domestic eggs
sausage,grapes
dessert,packaged fruit/vegetables
yogurt,frozen vegetables
bottled beer,whole milk
whole milk,candles
root vegetables,coffee
whole milk,whipped/sour cream
pasta,flower (seeds)
flour,baking powder
whipped/sour cream,rolls/buns
canned beer,white bread
nut snack,butter
hygiene articles,pastry
root vegetables,other vegetables
frozen vegetables,flower (seeds)
sliced cheese,pasta
other vegetables,grapes
citrus fruit,coffee
mustard,domestic eggs
margarine,bottled water
curd,soda
tropical fruit,berries
UHT-milk,cream cheese
packaged fruit/vegetables,pet care
photo/film,chewing gum
frozen vegetables,flour
hamburger meat,citrus fruit
canned beer,napkins
hamburger meat,pasta
brown bread,domestic eggs
whole milk,processed cheese
tropical fruit,butter
specialty chocolate,herbs
whole milk,sugar
other vegetables,cereals
soda,long life bakery product
yogurt,domestic eggs
cream cheese,whole milk
tropical fruit,soda
bottled beer,pasta
pork,canned beer
snack products,liquor (appetizer)
yogurt,salty snack
root vegetables,brown bread
misc. beverages,processed cheese
rolls/buns
bottled beer,whole milk
tropical fruit,salty snack
rolls/buns,rum
misc. beverages,salt
long life bakery product,ketchup
fruit/vegetable juice,soft cheese
butter,mustard
specialty bar,canned beer
beef,other vegetables
tropical fruit,brown bread
onions,root vegetables
yogurt,canned beer
packaged fruit/vegetables,frozen vegetables
butter,whipped/sour cream
tropical fruit,detergent
whole milk,shopping bags
sausage,red/blush wine
hamburger meat,fruit/vegetable juice
tropical fruit,candy
ice cream,cream cheese
citrus fruit,whipped/sour cream
pip fruit,white bread
tropical fruit,detergent
citrus fruit,waffles
tropical fruit,fruit/vegetable juice
beef,margarine
herbs,white bread
onions,whipped/sour cream
yogurt,whole milk
canned beer,yogurt
whole milk,yogurt
rolls/buns,cling film/bags
yogurt,dog food
citrus fruit,flour
other vegetables,beverages
bottled beer,pip fruit
pastry,rolls/buns
whole milk,bottled beer
cat food,coffee
citrus fruit,domestic eggs
grapes,other vegetables
cake bar,red/blush wine
bottled water,coffee
brown bread,other vegetables
pork,napkins
other vegetables,whipped/sour cream
white bread,salty snack
root vegetables,butter
citrus fruit,other vegetables
coffee,sugar
specialty bar,domestic eggs
semi-finished bread,white bread
whole milk,domestic eggs
tropical fruit,cling film/bags
root vegetables,pet care
meat,ice cream
soft cheese,specialty cheese
beef,soft cheese
sugar,seasonal products
other vegetables,soft cheese
domestic eggs,tropical fruit
pork,pickled vegetables
bottled water,soda
berries,butter milk
other vegetables,rolls/buns
hygiene articles,shopping bags
bottled water,domestic eggs
yogurt,whipped/sour cream
shopping bags,whole milk
meat,curd
other vegetables,napkins
yogurt,hygiene articles
rolls/buns,whole milk
tropical fruit,pastry
salt,domestic eggs
beef,domestic eggs
butter milk,bottled beer
tropical fruit,margarine
root vegetables,canned beer
liver loaf,fruit/vegetable juice
other vegetables,whole milk
newspapers,zwieback
meat,other vegetables
soda,other vegetables
citrus fruit,root vegetables
rolls/buns,soft cheese
curd,other vegetables
frozen fish,curd
rolls/buns,root vegetables
whole milk,margarine
napkins,dessert
rolls/buns,root vegetables
berries,whole milk
packaged fruit/vegetables,other vegetables
whole milk,root vegetables
butter,domestic eggs
hamburger meat,rolls/buns
other vegetables,chocolate
other vegetables,napkins
domestic eggs,waffles
whole milk,cleaner
hamburger meat,butter milk
soda,red/blush wine
hygiene articles,bottled water
brown bread,flour
other vegetables,curd
whipped/sour cream,yogurt
brown bread,pastry
pork,herbs
other vegetables,cream cheese
citrus fruit,whole milk
rolls/buns,instant coffee
other vegetables,margarine
bottled water
packaged fruit/vegetables,sweet spreads
soda,other vegetables
packaged fruit/vegetables,tea
whole milk,seasonal products
whole milk,specialty chocolate
root vegetables,bottled beer
other vegetables,pip fruit
tropical fruit,other vegetables
whole milk,beverages
other vegetables,soda
frozen dessert,rolls/buns
soda,roll products
soda,bottled beer
other vegetables,frozen meals
beef,waffles
soda,hygiene articles
coffee
onions,soda
butter milk,pickled vegetables
processed cheese,dishes
chicken,whipped/sour cream
flower (seeds),white wine
rolls/buns,hard cheese
tropical fruit,fruit/vegetable juice
sliced cheese,shopping bags
rolls/buns,cling film/bags
rolls/buns,shopping bags
other vegetables,dishes
specialty bar,cleaner
pip fruit,whole milk
soft cheese,rice
margarine,yogurt
butter milk,margarine
soda,bottled water
rolls/buns,butter
rolls/buns,seasonal products
canned fish,coffee
pip fruit,domestic eggs
soda,fruit/vegetable juice
instant coffee,newspapers
butter,yogurt
rolls/buns,pet care
brown bread,oil
other vegetables,mustard
whole milk,ice cream
whole milk,frozen fish
bottled beer,frozen meals
bottled water,fruit/vegetable juice
other vegetables,shopping bags
soap,brown bread
other vegetables,bottled beer
meat,rolls/buns
snack products,soda
root vegetables,beverages
turkey,whipped/sour cream
canned fish,ice cream
curd cheese,canned beer
whole milk,brown bread
newspapers,rolls/buns
canned beer,honey
canned beer
soda,chocolate
dessert,yogurt
brown bread,whipped/sour cream
yogurt,newspapers
whole milk,frozen vegetables
butter milk,bottled water
specialty bar,margarine
specialty bar,roll products
canned beer,yogurt
soda,cling film/bags
rolls/buns,pastry
soda,brown bread
soda,napkins
other vegetables,root vegetables
other vegetables,bottled water
frozen vegetables,newspapers
roll products,canned vegetables
whole milk,bottled water
pasta,soda
other vegetables,hygiene articles
shopping bags,frozen vegetables
newspapers,rolls/buns
shopping bags,yogurt
tropical fruit,frozen vegetables
salty snack,canned beer
beef,bottled water
semi-finished bread,newspapers
rolls/buns,curd
soda,hard cheese
kitchen towels,rolls/buns
rolls/buns,white wine
chocolate,frozen fish
cream cheese,UHT-milk
whole milk
soda,newspapers
soda,beverages
cream cheese,frozen vegetables
yogurt,cookware
rolls/buns,candy
newspapers,rolls/buns
whipped/sour cream,newspapers
sausage,shopping bags
berries,frozen meals
whole milk,candy
other vegetables,bottled water
misc. beverages,napkins
berries,pastry
dessert,rolls/buns
coffee,shopping bags
whole milk,UHT-milk
tropical fruit,soda
napkins,spices
whole milk,yogurt
whole milk,whipped/sour cream
curd cheese,soda
herbs,chocolate
pet care,brown bread
dessert,newspapers
yogurt,coffee
butter,rolls/buns
beef,napkins
beef,long life bakery product
bottled water,frozen vegetables
long life bakery product,zwieback
soda,soft cheese
berries,cake bar
other vegetables,frozen vegetables
rolls/buns,instant coffee
rolls/buns,oil
beverages,specialty chocolate
beef,curd cheese
white bread,cleaner
other vegetables,meat spreads
citrus fruit,napkins
female sanitary products,domestic eggs
long life bakery product,rolls/buns
specialty chocolate,brown bread
pastry,butter
other vegetables,whole milk
citrus fruit,cake bar
pip fruit,pudding powder
whole milk,domestic eggs
specialty bar,brown bread
cake bar,soda
other vegetables,chocolate
rice,bottled beer
chocolate marshmallow,whipped/sour cream
rolls/buns,grapes
chocolate marshmallow,flour
frozen vegetables,pasta
chicken,coffee
coffee,rolls/buns
beef,shopping bags
dessert,fruit/vegetable juice
citrus fruit,soda
other vegetables,processed cheese
other vegetables,newspapers
chocolate marshmallow,bottled water
rolls/buns,salty snack
dessert,soda
spread cheese,soda
other vegetables,fruit/vegetable juice
chicken,chocolate
newspapers,misc. beverages
white wine,rolls/buns
soda,dish cleaner
ice cream,bottled water
root vegetables,bottled beer
berries,bottled beer
bottled beer,curd
other vegetables,napkins
frozen meals,pickled vegetables
white wine,specialty cheese
soda,shopping bags
tropical fruit,cream cheese
tropical fruit,candy
pip fruit,shopping bags
pastry,brown bread
bottled beer,semi-finished bread
frozen meals,canned beer
onions,canned beer
beef,soda
whole milk,long life bakery product
pork,brown bread
newspapers,frozen meals
meat spreads,chocolate
whipped/sour cream,oil
whole milk,mustard
curd,specialty bar
hygiene articles,rolls/buns
chicken,shopping bags
bottled beer,cat food
cake bar,shopping bags
soda,cream cheese
beef,newspapers
frozen vegetables,cream cheese
spices,soda
finished products,curd cheese
citrus fruit,sauces
soda,canned beer
tropical fruit,frozen vegetables
mustard,curd
bottled water,frozen chicken
pip fruit,soda
ham,dessert
canned beer,whole milk
yogurt,rolls/buns
misc. beverages,liquor (appetizer)
domestic eggs,specialty cheese
specialty chocolate,coffee
tropical fruit,whole milk
root vegetables,semi-finished bread
seasonal products,flower (seeds)
pork,cereals
frozen fish,whole milk
ice cream,hamburger meat
seasonal products,other vegetables
sweet spreads,flower (seeds)
chocolate,soda
pork,long life bakery product
pastry,bottled water
salty snack,yogurt
whole milk,root vegetables
tropical fruit,hygiene articles
soda,oil
tropical fruit,rolls/buns
coffee,soft cheese
pork,canned beer
chocolate,beverages
other vegetables,newspapers
spices,ice cream
female sanitary products,frozen fish
root vegetables,newspapers
tropical fruit,flower (seeds)
turkey,chocolate
long life bakery product,rolls/buns
specialty chocolate,domestic eggs
dessert,beverages
yogurt,other vegetables
dessert,coffee
male cosmetics,curd
brown bread,herbs
coffee,cling film/bags
root vegetables,newspapers
whole milk,other vegetables
specialty cheese,bottled water
cream cheese,rice
butter,soda
canned beer,other vegetables
condensed milk,waffles
bottled water,salty snack
yogurt,pet care
tropical fruit,whipped/sour cream
ketchup,rolls/buns
candy,domestic eggs
chicken,pastry
dessert,pickled vegetables
yogurt,fruit/vegetable juice
root vegetables,processed cheese
other vegetables,pastry
frozen potato products,bottled beer
citrus fruit,rum
pastry,napkins
root vegetables,butter milk
pot plants,other vegetables
yogurt,other vegetables
beverages,shopping bags
pip fruit,detergent
root vegetables,rolls/buns
tropical fruit,hygiene articles
whole milk,white bread
pet care,shopping bags
pasta,newspapers
fruit/vegetable juice,long life bakery product
whole milk,shopping bags
tropical fruit,cat food
turkey,long life bakery product
pip fruit,chocolate
softener,salty snack
whole milk,long life bakery product
pip fruit,rolls/buns
margarine,shopping bags
yogurt,UHT-milk
whole milk,baking powder
sausage,curd cheese
tropical fruit,yogurt
root vegetables,pastry
pork,curd
whole milk,sugar
berries,hygiene articles
whole milk,dish cleaner
berries,beverages
whipped/sour cream,salad dressing
citrus fruit,whole milk
whole milk,hygiene articles
whole milk,canned fish
rolls/buns,cream cheese
specialty bar,misc. beverages
whole milk,newspapers
other vegetables,bottled water
citrus fruit,butter milk
bottled water,whole milk
roll products,toilet cleaner
root vegetables,soda
whole milk,white bread
soda,margarine
beef,soda
other vegetables,shopping bags
onions,bottled beer
yogurt,photo/film
whole milk,bottled beer
rolls/buns,coffee
long life bakery product,condensed milk
rolls/buns,salty snack
other vegetables,shopping bags
ham,yogurt
meat,butter milk
frozen vegetables,pastry
beverages,frozen meals
whole milk,brown bread
root vegetables,sliced cheese
citrus fruit,rolls/buns
other vegetables,salty snack
butter,margarine
bottled beer,white bread
soda,brown bread
brown bread,newspapers
onions,margarine
other vegetables,yogurt
beef,napkins
root vegetables,frozen vegetables
bottled water,liquor (appetizer)
root vegetables,frozen vegetables
beef,rolls/buns
whole milk,whipped/sour cream
whole milk,grapes
bottled water,coffee
whole milk,soda
citrus fruit,curd
tropical fruit,cat food
white wine,curd
soda,root vegetables
root vegetables,dog food
root vegetables,bottled water
pip fruit,brown bread
rolls/buns
newspapers,shopping bags
frozen potato products,rolls/buns
UHT-milk,bottled water
whole milk
yogurt,soda
canned beer,flower (seeds)
hamburger meat,hygiene articles
whole milk,other vegetables
berries,pip fruit
whole milk,margarine
sausage,whole milk
beef,soap
rolls/buns,seasonal products
whipped/sour cream,bottled water
other vegetables,frozen meals
other vegetables,rolls/buns
canned beer,flour
packaged fruit/vegetables,pastry
pot plants,frozen dessert
rolls/buns,soups
yogurt,cream cheese
root vegetables,brown bread
rolls/buns,yogurt
specialty fat,brandy
tropical fruit,UHT-milk
newspapers,cake bar
tropical fruit,flour
pork,napkins
onions,cat food
root vegetables,flower (seeds)
sausage,domestic eggs
pip fruit,newspapers
margarine,long life bakery product
citrus fruit,hygiene articles
hamburger meat,soda
whole milk,specialty chocolate
butter,specialty bar
salty snack,chocolate
bottled beer,fruit/vegetable juice
roll products,specialty chocolate
other vegetables,misc. beverages
onions,rolls/buns
onions,canned fruit
spread cheese,brown bread
hamburger meat,domestic eggs
whole milk,canned beer
other vegetables,frozen vegetables
other vegetables,baking powder
butter milk,kitchen towels
whole milk,sauces
pip fruit,candy
other vegetables,shopping bags
other vegetables,canned beer
margarine,frozen vegetables
bottled water,sparkling wine
citrus fruit,chewing gum
cream cheese,margarine
butter,mayonnaise
pastry,pasta
whole milk,yogurt
yogurt,rolls/buns
cereals,bottled water
ice cream,other vegetables
hamburger meat,sugar
liquor,red/blush wine
citrus fruit,white bread
other vegetables,meat spreads
berries,root vegetables
soda,candles
whipped/sour cream,pastry
ham,napkins
curd,soda
rolls/buns,brown bread
domestic eggs
bottled beer,domestic eggs
hard cheese,mayonnaise
dessert,butter milk
soft cheese,white wine
ham,bathroom cleaner
turkey,root vegetables
pip fruit,shopping bags
meat,chocolate
flower (seeds)
dessert,dishes
misc. beverages,shopping bags
whole milk,shopping bags
whipped/sour cream,frozen vegetables
nut snack,bottled water
newspapers,cat food
soap,berries
whole milk,shopping bags
chocolate,other vegetables
chewing gum,softener
semi-finished bread,dish cleaner
other vegetables,root vegetables
packaged fruit/vegetables,shopping bags
canned beer,bottled water
other vegetables,soda
misc. beverages,red/blush wine
yogurt,whipped/sour cream
processed cheese,rolls/buns
other vegetables,syrup
dishes,oil
ice cream,meat spreads
beef,frozen vegetables
margarine,chocolate
other vegetables,UHT-milk
citrus fruit,candy
yogurt,soda
UHT-milk,shopping bags
root vegetables,domestic eggs
pastry,rolls/buns
meat,whipped/sour cream
soda,seasonal products
rolls/buns,shopping bags
pip fruit,cereals
soda
meat,soda
root vegetables,bottled water
pip fruit,cake bar
butter,soda
seasonal products,soups
beverages,bottled water
beef,frozen vegetables
UHT-milk,flour
soda,shopping bags
canned beer,brown bread
curd,bottled beer
misc. beverages,chocolate
oil,coffee
canned fish,newspapers
candy,specialty fat
hamburger meat,chewing gum
whipped/sour cream,hygiene articles
female sanitary products,rolls/buns
citrus fruit,root vegetables
tropical fruit,margarine
citrus fruit,sugar
bottled beer,oil
whole milk,rolls/buns
bottled water,root vegetables
specialty bar,pickled vegetables
whole milk,other vegetables
root vegetables,frozen vegetables
other vegetables,newspapers
pip fruit,chocolate
misc. beverages,rolls/buns
semi-finished bread,yogurt
pastry,bottled water
tropical fruit,bottled water
seasonal products,shopping bags
canned beer,brown bread
curd,newspapers
packaged fruit/vegetables,white wine
flower soil/fertilizer,butter milk
other vegetables,butter milk
pastry,curd
soda,curd
soda,bottled water
sparkling wine,female sanitary products
frozen vegetables,rolls/buns
yogurt,tea
chocolate,margarine
tropical fruit,snack products
UHT-milk,berries
dessert,red/blush wine
grapes,root vegetables
oil,canned beer
bottled water
waffles,yogurt
bottled beer,white bread
fruit/vegetable juice,ice cream
whole milk,red/blush wine
white bread,coffee
dessert,margarine
softener,dish cleaner
tropical fruit,UHT-milk
other vegetables,fruit/vegetable juice
pastry,root vegetables
bottled water,specialty bar
white bread,butter
pip fruit,long life bakery product
other vegetables,whole milk
frozen meals
canned beer,bottled beer
soda,Instant food products
soda,napkins
margarine,canned vegetables
waffles,beverages
yogurt,pastry
brown bread,sparkling wine
soda,grapes
pip fruit,pastry
other vegetables,semi-finished bread
soda,ice cream
tropical fruit,chocolate
napkins,white bread
brown bread,napkins
whole milk,sauces
butter,other vegetables
ice cream,newspapers
whole milk,fruit/vegetable juice
hygiene articles,coffee
whole milk,rolls/buns
coffee,bottled beer
pip fruit,pasta
beef,sliced cheese
hygiene articles,skin care
fruit/vegetable juice,chewing gum
whole milk,bottled water
condensed milk,cat food
citrus fruit,waffles
soda,whipped/sour cream
frozen fish,salty snack
flour,pastry
pickled vegetables,bottled beer
yogurt,rolls/buns
tropical fruit,long life bakery product
bottled water
canned fish,curd
root vegetables,cling film/bags
pickled vegetables,soda
tropical fruit,frozen fruits
yogurt,pot plants
citrus fruit,fruit/vegetable juice
rolls/buns,packaged fruit/vegetables
pastry,curd
sliced cheese,bottled water
onions,soft cheese
dish cleaner,curd
candy,canned fish
butter,waffles
butter,whole milk
hygiene articles,dessert
root vegetables,pastry
chicken,root vegetables
yogurt,shopping bags
coffee,hard cheese
curd,soda
light bulbs,whipped/sour cream
root vegetables,UHT-milk
whole milk,curd
soft cheese,bottled water
bottled water,frozen vegetables
soda,bottled beer
whole milk,napkins
tropical fruit,frozen meals
whole milk,butter milk
root vegetables
white wine,bottled water
condensed milk,rolls/buns
sausage,rolls/buns
sliced cheese,napkins
liquor,baking powder
whole milk,dishes
whole milk,other vegetables
rolls/buns,other vegetables
root vegetables,pastry
sausage,rolls/buns
cream cheese,fruit/vegetable juice
yogurt,tropical fruit
root vegetables,domestic eggs
soda,root vegetables
whole milk,napkins
root vegetables,brown bread
citrus fruit,cat food
other vegetables,brown bread
whipped/sour cream,specialty chocolate
hamburger meat,other vegetables
onions,butter
herbs,rolls/buns
other vegetables,whipped/sour cream
white wine,brown bread
other vegetables,shopping bags
grapes,rolls/buns
beef,rolls/buns
hamburger meat,other vegetables
sliced cheese,bottled water
citrus fruit,frozen potato products
beverages,dessert
pip fruit,white bread
liquor,hard cheese
bottled water,cling film/bags
rolls/buns,brandy
citrus fruit,rolls/buns
rolls/buns,whole milk
frozen vegetables,other vegetables
beef,specialty chocolate
other vegetables,soda
other vegetables,cream cheese
other vegetables,chewing gum
whole milk,shopping bags
grapes,pickled vegetables
tropical fruit,onions
other vegetables,whole milk
tropical fruit,pastry
canned fish,shopping bags
pastry,other vegetables
dishes,other vegetables
rolls/buns,soda
rolls/buns,coffee
tropical fruit,bottled water
canned beer,yogurt
berries,soda
root vegetables,curd
sliced cheese,whole milk
oil,curd
female sanitary products,salt
root vegetables,misc. beverages
rolls/buns,processed cheese
rolls/buns,whipped/sour cream
tropical fruit,fruit/vegetable juice
salty snack,pip fruit
canned fish,cling film/bags
beverages,cake bar
white wine,root vegetables
pip fruit,salty snack
beef,curd
instant coffee,shopping bags
curd,chocolate marshmallow
butter,soft cheese
other vegetables,pickled vegetables
yogurt,butter
beef,margarine
newspapers,hard cheese
other vegetables,chocolate marshmallow
specialty chocolate,soda
artif. sweetener,curd
whole milk,yogurt
UHT-milk,dessert
ice cream,pastry
onions,canned beer
whole milk,frozen fish
whole milk,detergent
newspapers,syrup
bottled water,butter milk
Instant food products,specialty chocolate
turkey,salt
sausage,sugar
other vegetables,pot plants
berries,pip fruit
root vegetables,hard cheese
red/blush wine,yogurt
spread cheese,chocolate marshmallow
red/blush wine,curd
whole milk,sliced cheese
berries,brown bread
other vegetables,candy
semi-finished bread,berries
canned beer,shopping bags
brown bread,dessert
snack products,soups
tropical fruit,whole milk
whole milk,root vegetables
rolls/buns,female sanitary products
coffee,domestic eggs
waffles,yogurt
butter milk,dessert
newspapers,salty snack
soda,shopping bags
domestic eggs,other vegetables
root vegetables,long life bakery product
prosecco,dessert
yogurt
pickled vegetables,whole milk
whole milk,root vegetables
bottled beer,whole milk
zwieback,butter
pickled vegetables,onions
butter,berries
chocolate,whole milk
root vegetables,soda
tropical fruit,onions
yogurt,sliced cheese
whole milk,frozen dessert
other vegetables
dessert,rice
mustard,whole milk
rolls/buns,bottled beer
other vegetables,whole milk
rolls/buns,fruit/vegetable juice
onions,soda
other vegetables,bottled beer
pip fruit,margarine
butter milk,whipped/sour cream
hamburger meat,yogurt
rolls/buns,domestic eggs
chocolate,domestic eggs
whole milk,rolls/buns
rolls/buns,root vegetables
other vegetables
soda,other vegetables
newspapers,chocolate
rolls/buns,margarine
pork,shopping bags
meat,butter milk
Instant food products,soda
frozen vegetables,sugar
coffee,other vegetables
pickled vegetables,butter
ham,canned beer
coffee,salty snack
bottled beer
pip fruit,butter
tropical fruit,butter
UHT-milk,soft cheese
root vegetables,salty snack
butter,whipped/sour cream
curd,pastry
whole milk,bottled beer
house keeping products,butter milk
brown bread,canned beer
UHT-milk,other vegetables
soda,root vegetables
specialty chocolate,domestic eggs
rolls/buns,waffles
whole milk,fruit/vegetable juice
yogurt,newspapers
rolls/buns,other vegetables
frozen meals,soda
other vegetables,salty snack
whole milk,yogurt
pork,long life bakery product
citrus fruit,shopping bags
whipped/sour cream,fruit/vegetable juice
butter,candy
soda,pip fruit
yogurt,long life bakery product
specialty chocolate,chewing gum
specialty bar,domestic eggs
waffles,shopping bags
root vegetables,bottled water
yogurt,frozen vegetables
tropical fruit,margarine
other vegetables,whipped/sour cream
specialty chocolate,frozen vegetables
beef,newspapers
liquor,UHT-milk
tropical fruit,brown bread
soda,domestic eggs
root vegetables,oil
brown bread,other vegetables
whipped/sour cream,waffles
bottled beer,whole milk
root vegetables,pip fruit
rolls/buns,whipped/sour cream
brown bread,citrus fruit
rolls/buns,margarine
whole milk,processed cheese
whole milk,baking powder
beverages,candles
frozen dessert,bottled water
coffee,baking powder
root vegetables,butter milk
ice cream,onions
canned beer,bottled beer
newspapers,margarine
other vegetables,bottled water
domestic eggs,margarine
beverages,sugar
whole milk,soda
whole milk,dish cleaner
whole milk,dog food
hygiene articles,margarine
margarine,soda
ham,yogurt
fruit/vegetable juice,berries
whole milk,specialty cheese
beverages,domestic eggs
butter,frozen meals
beverages,sparkling wine
other vegetables,whole milk
other vegetables,curd
margarine,beverages
specialty chocolate,sauces
rolls/buns,ice cream
bottled water,grapes
pastry,yogurt
pip fruit,root vegetables
cream cheese,whipped/sour cream
male cosmetics,pastry
syrup,whole milk
yogurt,tropical fruit
cat food,roll products
curd,salty snack
specialty bar,rolls/buns
yogurt,rolls/buns
pork,bottled water
brown bread,soda
root vegetables,frozen dessert
whole milk,other vegetables
newspapers,pastry
butter milk,yogurt
whole milk,dessert
rolls/buns,butter
brown bread,domestic eggs
canned beer,salty snack
specialty bar,yogurt
onions,soda
pip fruit,newspapers
softener,soda
frozen potato products,frozen vegetables
whole milk,ice cream
coffee,frozen potato products
UHT-milk,bottled water
pork,white wine
pastry,bottled beer
other vegetables,margarine
whole milk,rolls/buns
brown bread,salt
sugar,shopping bags
napkins,sugar
bottled water,bottled beer
yogurt,domestic eggs
citrus fruit,herbs
sausage,rolls/buns
whole milk,canned beer
coffee,berries
beef,root vegetables
grapes,chocolate
tropical fruit,root vegetables
hamburger meat,other vegetables
whole milk,pastry
margarine,brown bread
root vegetables,cream cheese
salty snack,whole milk
UHT-milk,domestic eggs
yogurt,whole milk
whole milk,sugar
pip fruit,rolls/buns
butter milk,hard cheese
specialty bar,misc. beverages
whole milk,frozen potato products
pip fruit,other vegetables
pip fruit,soda
white bread,newspapers
herbs,yogurt
soda,cereals
whole milk,salty snack
butter,whole milk
whole milk,whipped/sour cream
rolls/buns,soft cheese
pastry,bottled beer
newspapers,cream
frozen vegetables,fruit/vegetable juice
whipped/sour cream,other vegetables
tropical fruit,root vegetables
whole milk,brown bread
rolls/buns,hamburger meat
domestic eggs,chocolate
other vegetables,seasonal products
other vegetables,rolls/buns
hamburger meat,butter
hard cheese,yogurt
grapes,whole milk
ham,rolls/buns
margarine,cat food
butter,yogurt
rolls/buns,packaged fruit/vegetables
sausage,pickled vegetables
soda,seasonal products
onions,specialty chocolate
berries,processed cheese
citrus fruit,sweet spreads
hard cheese,white wine
whole milk,newspapers
beef,yogurt
frozen dessert,cream cheese
cream cheese,shopping bags
domestic eggs,yogurt
pip fruit,root vegetables
sausage,frozen meals
tropical fruit,soda
sausage,domestic eggs
red/blush wine,pastry
soda,canned vegetables
tropical fruit,butter
soda,margarine
rolls/buns,onions
whipped/sour cream,salty snack
pasta,soda
misc. beverages,dishes
citrus fruit,domestic eggs
whole milk,soups
meat,citrus fruit
finished products,popcorn
rolls/buns,oil
hard cheese,salty snack
other vegetables,margarine
berries,domestic eggs
other vegetables,specialty chocolate
whole milk,white wine
beef,potato products
cream cheese,misc. beverages
tropical fruit,canned beer
baking powder,bottled water
bottled water
soda,canned fish
curd,cereals
cream cheese,yogurt
canned beer
pickled vegetables,cling film/bags
frozen vegetables,other vegetables
sparkling wine,chocolate
cat food,white bread
whole milk,white bread
fruit/vegetable juice,napkins
specialty chocolate,vinegar
whipped/sour cream,soda
white bread,fruit/vegetable juice
cream cheese,semi-finished bread
long life bakery product,fruit/vegetable juice
cream cheese,pickled vegetables
UHT-milk,soft cheese
dessert,frozen vegetables
misc. beverages,long life bakery product
mayonnaise,shopping bags
bottled beer,soda
chocolate,soda
pasta,canned beer
mustard,curd cheese
fruit/vegetable juice,cream cheese
fruit/vegetable juice,cat food
salty snack,chocolate marshmallow
soda,chocolate
butter,chocolate
newspapers,soda
whole milk,domestic eggs
other vegetables,dish cleaner
chocolate,long life bakery product
bottled water,fruit/vegetable juice
beverages,newspapers
curd,long life bakery product
newspapers,napkins
cat food,shopping bags
napkins,newspapers
whole milk,cleaner
pet care,mustard
frozen meals,jam
margarine,sugar
margarine,cream cheese
pastry,bottled water
canned beer,pastry
whole milk,waffles
pastry,bottled water
chocolate,yogurt
UHT-milk,sweet spreads
margarine,whole milk
whipped/sour cream,chocolate
cream cheese,specialty chocolate
newspapers
dish cleaner,fruit/vegetable juice
bottled water,soda
domestic eggs,newspapers
whole milk,dental care
baking powder,domestic eggs
candles,soda
napkins,skin care
whipped/sour cream,newspapers
whipped/sour cream,photo/film
fruit/vegetable juice,white bread
flour,seasonal products
soda,white wine
napkins,bottled water
rolls/buns,domestic eggs
coffee,soda
soda,roll products
soft cheese,flower (seeds)
red/blush wine,salty snack
cream cheese,soda
napkins,pastry
margarine,newspapers
baking powder,hair spray
dessert,mayonnaise
soda,shopping bags
shopping bags,fruit/vegetable juice
bottled water,rolls/buns
other vegetables,dessert
coffee,fruit/vegetable juice
margarine,misc. beverages
chocolate,rolls/buns
domestic eggs,newspapers
domestic eggs,specialty bar
sugar,bottled beer
rolls/buns,coffee
salty snack,soups
pastry,margarine
margarine,rolls/buns
whipped/sour cream,yogurt
pot plants,baking powder
other vegetables,canned fish
salty snack,newspapers
whipped/sour cream,canned beer
bottled beer,whipped/sour cream
instant coffee,candles
chocolate marshmallow,canned beer
ready soups,pastry
bottled beer,frozen vegetables
shopping bags,napkins
chocolate marshmallow,specialty chocolate
cling film/bags,coffee
domestic eggs,sliced cheese
white bread,spread cheese
frozen meals,bottled beer
roll products,rolls/buns
soda,red/blush wine
specialty bar,specialty chocolate
candy,white wine
other vegetables,pickled vegetables
frozen vegetables,dessert
fruit/vegetable juice,butter
cleaner,pastry
rolls/buns,whipped/sour cream
kitchen towels,margarine
waffles,Instant food products
house keeping products,domestic eggs
shopping bags
whipped/sour cream,shopping bags
dish cleaner,shopping bags
soda,fruit/vegetable juice
soda,beverages
soda,yogurt
margarine,frozen fruits
cooking chocolate,shopping bags
baking powder,brown bread
domestic eggs,bottled beer
pasta,oil
whipped/sour cream,pot plants
dishes,chewing gum
long life bakery product,rolls/buns
chocolate,long life bakery product
frozen meals,dental care
coffee,cat food
rolls/buns,kitchen towels
hard cheese,dessert
whole milk,long life bakery product
pickled vegetables,Instant food products
pastry,detergent
chewing gum,ice cream
rolls/buns,shopping bags
dish cleaner,waffles
soda,frozen potato products
coffee,margarine
soda,butter
canned beer,curd
shopping bags,newspapers
dessert,yogurt
newspapers,pastry
tropical fruit,sugar
roll products,rice
butter,waffles
salty snack,butter
brown bread,chocolate
coffee,bottled water
frozen meals,sugar
pastry,cereals
spices,cookware
hygiene articles,napkins
white bread,hard cheese
napkins,dishes
candy,frozen vegetables
bottled beer,white bread
flour,cream cheese
specialty chocolate,flour
soda,shopping bags
yogurt,shopping bags
soda,rice
bottled water,whole milk
napkins,fruit/vegetable juice
cream cheese,bottled water
cream cheese,soft cheese
coffee,canned fish
root vegetables,waffles
domestic eggs,coffee
root vegetables,cream cheese
frozen dessert,misc. beverages
chewing gum,soda
canned vegetables,napkins
pastry,pickled vegetables
rolls/buns,oil
pastry,waffles
fruit/vegetable juice,dental care
soft cheese,bottled water
newspapers,bottled water
roll products,butter milk
shopping bags,chocolate
fruit/vegetable juice,margarine
chocolate,coffee
shopping bags,fruit/vegetable juice
tea,light bulbs
chocolate marshmallow,brown bread
cream cheese,pastry
pastry,sliced cheese
pastry,hygiene articles
shopping bags,bottled water
white bread,pot plants
rolls/buns,bottled water
salty snack,chewing gum
pastry,newspapers
soda,processed cheese
chewing gum,yogurt
yogurt
soda,specialty bar
long life bakery product,frozen vegetables
mustard,salt
pastry,soda
bottled beer,brown bread
rolls/buns
cream cheese,pudding powder
margarine,pickled vegetables
sugar,curd
frozen dessert,canned beer
candy,domestic eggs
bottled beer,shopping bags
domestic eggs,frozen vegetables
dishes,sweet spreads
pastry
shopping bags,curd
kitchen towels,shopping bags
shopping bags,coffee
yogurt,shopping bags
soft cheese,spices
semi-finished bread,napkins
shopping bags,bottled beer
dessert,house keeping products
frozen fish,white bread
bottled water,chocolate
dish cleaner,frozen potato products
beverages,soda
pet care,dog food
root vegetables,processed cheese
yogurt,specialty bar
butter,candy
ready soups,shopping bags
frozen vegetables,canned beer
rolls/buns,waffles
sliced cheese,pudding powder
newspapers,shopping bags
rolls/buns,shopping bags
whole milk,bottled beer
brown bread,pet care
soups,coffee
coffee,dessert
seasonal products,rolls/buns
white wine,dishes
rolls/buns,misc. beverages
whipped/sour cream,toilet cleaner
waffles,semi-finished bread
margarine,chocolate
sliced cheese,shopping bags
sugar,coffee
rolls/buns,baby cosmetics
soda,yogurt
white bread,frozen vegetables
hygiene articles,vinegar
misc. beverages,shopping bags
butter,photo/film
roll products,shopping bags
detergent,misc. beverages
frozen vegetables,brown bread
fruit/vegetable juice
napkins,white bread
pastry,soda
other vegetables,napkins
pastry,frozen fish
brown bread,dessert
vinegar,flour
processed cheese,specialty bar
bottled water,whisky
bottled water,processed cheese
whipped/sour cream,shopping bags
sliced cheese,rolls/buns
rolls/buns,chewing gum
shopping bags,canned beer
fruit/vegetable juice,chocolate
butter,roll products
specialty fat,pet care
oil,specialty vegetables
newspapers,spread cheese
soda,flower (seeds)
semi-finished bread,waffles
whipped/sour cream,soda
yogurt,white bread
whipped/sour cream,fruit/vegetable juice
shopping bags,whole milk
waffles,whole milk
coffee,rolls/buns
margarine,bathroom cleaner
newspapers,long life bakery product
pastry,female sanitary products
butter,red/blush wine
rolls/buns,detergent
frozen vegetables,canned beer
soda,salty snack
dishes,salty snack
yogurt,softener
frozen meals,soda
whipped/sour cream,waffles
baking powder,pickled vegetables
cream cheese,newspapers
cream cheese,female sanitary products
domestic eggs,curd cheese
hygiene articles,cling film/bags
mayonnaise,chocolate
salty snack,pickled vegetables
cream cheese,mustard
UHT-milk,pet care
pet care,rolls/buns
bottled water,canned vegetables
popcorn,long life bakery product
yogurt,frozen meals
newspapers,roll products
other vegetables,UHT-milk
butter,semi-finished bread
dishes,fruit/vegetable juice
soda,frozen meals
cat food,fruit/vegetable juice
bottled water,whole milk
flour,pastry
frozen dessert,yogurt
fruit/vegetable juice,canned fish
cream cheese,rolls/buns
cling film/bags,napkins
rolls/buns,dog food
yogurt,frozen potato products
specialty chocolate,bottled water
soft cheese,napkins
liquor (appetizer),cat food
pastry,mustard
beverages,domestic eggs
soda,napkins
canned fish,fruit/vegetable juice
salt,cake bar
rolls/buns,long life bakery product
bottled beer,whipped/sour cream
pip fruit,cat food
frozen meals,dish cleaner
rolls/buns,seasonal products
meat spreads,butter
white bread,zwieback
butter,potato products
soda,sugar
pastry,soda
pastry,misc. beverages
margarine,rolls/buns
mayonnaise,domestic eggs
citrus fruit,whipped/sour cream
shopping bags,fruit/vegetable juice
rolls/buns,seasonal products
domestic eggs,potato products
soda,brandy
tropical fruit,ice cream
pastry,Instant food products
canned beer,sliced cheese
dishes,misc. beverages
brown bread,coffee
dessert,napkins
oil,hard cheese
bottled water,margarine
bottled beer,rolls/buns
dessert,spread cheese
root vegetables,coffee
frozen fish,domestic eggs
white bread,pickled vegetables
mayonnaise,instant coffee
rolls/buns,dental care
rolls/buns,waffles
pip fruit,sugar
oil,chewing gum
kitchen towels,rolls/buns
ice cream,curd
yogurt,frozen meals
chocolate marshmallow,newspapers
flour,sugar
whole milk,pastry
yogurt,salty snack
female sanitary products,pot plants
long life bakery product,bottled beer
whipped/sour cream,cat food
specialty chocolate,shopping bags
canned beer,brown bread
domestic eggs,newspapers
newspapers,napkins
chocolate,bottled water
chocolate,white wine
margarine,bottled beer
soda,newspapers
fruit/vegetable juice,herbs
yogurt,long life bakery product
vinegar,dog food
softener,soda
fruit/vegetable juice,domestic eggs
soda,mustard
soda,chocolate
domestic eggs,softener
flour,bottled water
domestic eggs,other vegetables
sugar,cat food
newspapers,canned beer
red/blush wine,whole milk
rolls/buns,seasonal products
rolls/buns,semi-finished bread
soft cheese,spices
root vegetables,shopping bags
beverages,yogurt
other vegetables,whipped/sour cream
oil,flour
rolls/buns,shopping bags
bottled water,cooking chocolate
whole milk,butter
white wine,bottled beer
pastry,newspapers
brown bread,fruit/vegetable juice
specialty chocolate,domestic eggs
bottled water,sugar
bottled water,cream cheese
red/blush wine,bottled beer
napkins
roll products,waffles
pastry,shopping bags
canned fruit,newspapers
root vegetables,napkins
dog food,processed cheese
whipped/sour cream,chocolate
bottled beer,hygiene articles
male cosmetics,baking powder
specialty bar,soda
whipped/sour cream,coffee
rolls/buns,fruit/vegetable juice
spread cheese,specialty chocolate
frozen vegetables,pastry
whipped/sour cream,margarine
soda,napkins
soda,butter
pastry,bottled beer
butter milk,mayonnaise
rolls/buns,curd cheese
curd,newspapers
bottled water,newspapers
cat food,newspapers
butter,dessert
butter,soda
other vegetables,whole milk
misc. beverages,long life bakery product
root vegetables,margarine
margarine,pastry
specialty bar,soda
dessert,zwieback
waffles,brown bread
pip fruit,rolls/buns
canned beer,bottled beer
domestic eggs,candy
bottled water,whipped/sour cream
red/blush wine,instant coffee
coffee,margarine
butter milk,canned vegetables
roll products,dishes
brown bread,pasta
UHT-milk,hard cheese
frozen potato products,whole milk
yogurt,liqueur
cat food,whole milk
canned beer,semi-finished bread
yogurt,hygiene articles
long life bakery product,onions
cream,newspapers
sweet spreads,newspapers
butter milk,hygiene articles
house keeping products,newspapers
tea,coffee
pastry,fruit/vegetable juice
whipped/sour cream,white bread
shopping bags,condensed milk
kitchen towels,sliced cheese
newspapers,soda
napkins,popcorn
candles,soda
rolls/buns,sugar
mustard,brown bread
whipped/sour cream,bottled water
pastry,newspapers
rolls/buns,soda
margarine,soda
curd,soda
soda,waffles
other vegetables,whipped/sour cream
canned fish,yogurt
butter milk,fruit/vegetable juice
frozen potato products,rolls/buns
sugar,bottled water
canned fish,cocoa drinks
napkins,cleaner
sparkling wine,softener
whole milk,white bread
sliced cheese,frozen chicken
newspapers,dishes
frozen vegetables,salty snack
soda,detergent
soda,hygiene articles
misc. beverages,coffee
white bread,processed cheese
misc. beverages,bottled beer
soda,margarine
whipped/sour cream,softener
cocoa drinks,red/blush wine
processed cheese,instant coffee
white wine,whole milk
shopping bags
soda,candy
potato products,specialty bar
root vegetables,napkins
white wine,specialty bar
pastry,canned beer
bottled water,ice cream
canned beer,soda
bottled beer,pastry
detergent,fruit/vegetable juice
fruit/vegetable juice,long life bakery product
margarine,cereals
hard cheese,canned beer
cream cheese,fruit/vegetable juice
rolls/buns,hygiene articles
other vegetables,white bread
bottled water,dessert
canned fruit,brown bread
brown bread,rolls/buns
margarine,long life bakery product
sugar,shopping bags
waffles,napkins
pudding powder,mustard
coffee,napkins
margarine,newspapers
domestic eggs,napkins
other vegetables,domestic eggs
rolls/buns,cake bar
soft cheese,hard cheese
coffee,dishes
white bread,chocolate marshmallow
shopping bags,newspapers
ice cream,soda
coffee,sauces
candles,canned beer
napkins,photo/film
long life bakery product,sweet spreads
rolls/buns,specialty bar
bottled beer,flower (seeds)
sliced cheese,chocolate
oil,shopping bags
detergent,pet care
long life bakery product,waffles
oil,pickled vegetables
sweet spreads,male cosmetics
rolls/buns,napkins
whipped/sour cream,specialty bar
dishes,bottled water
rolls/buns,hygiene articles
shopping bags,detergent
soda
shopping bags,rolls/buns
yogurt,newspapers
shopping bags,UHT-milk
margarine,rolls/buns
Instant food products,newspapers
shopping bags,salty snack
chocolate,yogurt
pasta,shopping bags
cling film/bags,canned vegetables
oil,cake bar
newspapers,soft cheese
oil,waffles
soda,chewing gum
sugar,flour
chocolate,coffee
fruit/vegetable juice,pickled vegetables
long life bakery product,yogurt
mustard,yogurt
white bread,frozen fruits
napkins,bags
fruit/vegetable juice,coffee
soda,misc. beverages
specialty bar,shopping bags
shopping bags,detergent
soda,margarine
bottled water
brown bread,white wine
shopping bags,rolls/buns
bottled beer,soap
hygiene articles,potato products
sauces,yogurt
frozen meals,canned vegetables
fruit/vegetable juice,canned vegetables
canned beer,specialty cheese
bottled water,shopping bags
soda,pastry
female sanitary products,soda
hard cheese,waffles
waffles,sparkling wine
salty snack,white bread
popcorn,cat food
margarine,specialty bar
butter,bottled beer
shopping bags,hygiene articles
soda,bathroom cleaner
sugar,bottled water
white wine,chocolate marshmallow
candles,whole milk
whole milk,cream cheese
bottled water,dental care
soda,liquor
newspapers,cookware
sliced cheese,soda
brown bread,shopping bags
soda,misc. beverages
whole milk,whipped/sour cream
rice,jam
margarine,bottled water
napkins,coffee
soda,shopping bags
canned fish,white bread
UHT-milk,tea
napkins,mayonnaise
white bread
chocolate,baking powder
artif. sweetener,sugar
canned beer,chocolate
newspapers,shopping bags
butter,dish cleaner
shopping bags,baking powder
canned beer,potato products
soda,rolls/buns
fruit/vegetable juice,spices
whole milk,newspapers
curd cheese,UHT-milk
mustard,brown bread
jam,house keeping products
brown bread,detergent
curd,napkins
newspapers,specialty chocolate
detergent,newspapers
meat spreads,ketchup
whole milk,kitchen towels
bottled water,rolls/buns
candy,frozen meals
whipped/sour cream,detergent
dishes,shopping bags
shopping bags,chocolate
fruit/vegetable juice,ketchup
meat spreads,sliced cheese
hygiene articles,seasonal products
white bread,frozen vegetables
frozen meals,pastry
canned fish,brown bread
canned fish,cream cheese
fruit/vegetable juice,cat food
fruit/vegetable juice,margarine
white wine,waffles
domestic eggs,sugar
cake bar,whipped/sour cream
hard cheese,salty snack
soda,liquor (appetizer)
fruit/vegetable juice,candles
brandy,pastry
yogurt,soft cheese
chewing gum,misc. beverages
shopping bags,rice
male cosmetics,soda
flower (seeds),domestic eggs
cereals,newspapers
frozen meals,soups
other vegetables,flour
rolls/buns,white bread
domestic eggs,bottled water
candles,chewing gum
yogurt,domestic eggs
long life bakery product,butter
kitchen towels,bottled beer
ice cream,pasta
cream cheese,yogurt
pasta,hygiene articles
misc. beverages,pet care
specialty bar,misc. beverages
fruit/vegetable juice,curd
roll products,rice
butter milk,flour
sauces,shopping bags
long life bakery product,rum
bottled water,whipped/sour cream
sliced cheese,skin care
rice,margarine
soda,chocolate
margarine
salt,domestic eggs
long life bakery product,waffles
root vegetables,bottled beer
soft cheese,long life bakery product
seasonal products,white bread
yogurt,sparkling wine
soda,flour
specialty chocolate,white bread
processed cheese,roll products
fruit/vegetable juice,domestic eggs
long life bakery product,bottled beer
chocolate,yogurt
chocolate,tea
whole milk,fruit/vegetable juice
fruit/vegetable juice,seasonal products
whole milk,coffee
frozen fish,margarine
waffles,white bread
rolls/buns,candy
soups,specialty cheese
chocolate,butter
seasonal products,soups
margarine
yogurt,bottled beer
canned beer,shopping bags
pot plants,frozen potato products
rolls/buns,waffles
shopping bags,cake bar
curd,soft cheese
specialty bar,newspapers
butter milk,napkins
whipped/sour cream,candy
cream cheese,baking powder
waffles,flour
bottled water,margarine
newspapers,coffee
pastry,syrup
newspapers,rolls/buns
pastry,roll products
fruit/vegetable juice,brown bread
long life bakery product,candy
mustard,soda
baking powder,fruit/vegetable juice
dish cleaner,shopping bags
oil,shopping bags
rolls/buns,abrasive cleaner
processed cheese,white bread
cream cheese,fruit/vegetable juice
frozen fish,ketchup
margarine,canned fish
pastry,pet care
flower (seeds),shopping bags
dessert,chewing gum
butter,brown bread
newspapers,canned beer
brown bread,flour
domestic eggs,candy
fruit/vegetable juice,white wine
pickled vegetables,hygiene articles
salty snack,bottled beer
bottled beer,hygiene articles
pastry,frozen fish
newspapers,white bread
soda,cream cheese
whipped/sour cream,specialty chocolate
sauces,frozen meals
bottled water,napkins
bottled water,soda
soft cheese,long life bakery product
butter milk,frozen vegetables
candy,soda
flour,ready soups
soda,detergent
pot plants,dish cleaner
newspapers,candy
ready soups,baking powder
pastry,red/blush wine
yogurt,soda
shopping bags,domestic eggs
chocolate,bottled water
yogurt,brown bread
dessert,bottled water
whipped/sour cream,sweet spreads
whipped/sour cream,Instant food products
whipped/sour cream,dish cleaner
frozen fish,baking powder
detergent,candy
hard cheese,bottled water
pasta,margarine
whole milk,dog food
candles,coffee
shopping bags
hygiene articles,tea
roll products,seasonal products
soda,fruit/vegetable juice
candy,shopping bags
soda,candy
detergent,cocoa drinks
frozen vegetables,chocolate marshmallow
processed cheese,waffles
butter,waffles
bottled water,whole milk
waffles,brown bread
pot plants,liquor (appetizer)
shopping bags,cake bar
UHT-milk,cream cheese
soda,shopping bags
instant coffee,domestic eggs
rolls/buns,margarine
whipped/sour cream,canned fish
ketchup,specialty chocolate
specialty fat,red/blush wine
preservation products,soups
chewing gum,yogurt
butter milk,hygiene articles
other vegetables,shopping bags
fruit/vegetable juice
candy,soda
oil,bottled water
whipped/sour cream,shopping bags
UHT-milk,cling film/bags
rolls/buns,salty snack
long life bakery product,yogurt
whole milk,shopping bags
onions,soda
mustard,fruit/vegetable juice
curd,whipped/sour cream
pastry,photo/film
chocolate
whole milk,soda
rum,yogurt
fruit/vegetable juice,frozen vegetables
hard cheese,sweet spreads
soda,napkins
ketchup,potato products
white bread,shopping bags
root vegetables,canned beer
other vegetables,newspapers
condensed milk,chocolate
sweet spreads,rolls/buns
soda,long life bakery product
waffles,brown bread
whipped/sour cream,yogurt
pot plants,soda
softener,margarine
whole milk,frozen meals
bottled water,white bread
whipped/sour cream,baking powder
pastry,brown bread
cat food,whipped/sour cream
rolls/buns,margarine
napkins,bottled beer
domestic eggs,pasta
whipped/sour cream,cake bar
brown bread,dish cleaner
yogurt,specialty vegetables
rolls/buns,ice cream
yogurt,misc. beverages
brown bread,pet care
pastry,sauces
waffles,sugar
frozen vegetables,pot plants
cream cheese,salt
frozen vegetables,specialty bar
whipped/sour cream,pastry
margarine,processed cheese
pot plants,organic products
onions,ice cream
white bread,salty snack
salty snack,butter milk
whole milk,roll products
soda,yogurt
white bread,bottled water
specialty chocolate,rolls/buns
butter,sauces
root vegetables,soda
shopping bags,soda
bottled water,curd
beverages,salt
shopping bags,pickled vegetables
other vegetables,coffee
white bread,bottled water
soups,margarine
curd
bottled water,rolls/buns
sauces,rolls/buns
whipped/sour cream,newspapers
light bulbs,detergent
soda,domestic eggs
pastry,canned beer
specialty chocolate,other vegetables
soda,yogurt
dessert,pot plants
whole milk,flower (seeds)
soda,fruit/vegetable juice
cling film/bags,fruit/vegetable juice
brown bread,pastry
sugar,dish cleaner
whipped/sour cream,canned beer
pastry,long life bakery product
whipped/sour cream,fruit/vegetable juice
pastry
fruit/vegetable juice,bottled water
semi-finished bread,cereals
make up remover,shopping bags
soft cheese,sugar
butter,soda
whole milk,male cosmetics
dish cleaner,cling film/bags
shopping bags,sparkling wine
pastry,napkins
rolls/buns,waffles
rolls/buns
hygiene articles,white bread
white bread,napkins
brown bread,hair spray
specialty chocolate,candles
chocolate,rolls/buns
chewing gum,instant coffee
whipped/sour cream,seasonal products
frozen vegetables,butter
oil,bottled beer
newspapers
jam,house keeping products
misc. beverages,fruit/vegetable juice
cat food,candy
shopping bags,cream cheese
napkins,rolls/buns
oil,ready soups
pickled vegetables,bottled water
sugar,canned vegetables
cat food,semi-finished bread
bottled beer,red/blush wine
brown bread,male cosmetics
frozen vegetables,bottled water
shopping bags,napkins
cake bar,bottled beer
soda,dishes
shopping bags,soda
waffles,instant coffee
rolls/buns,salty snack
zwieback,specialty chocolate
light bulbs,cooking chocolate
newspapers,coffee
sweet spreads,margarine
hygiene articles,frozen dessert
liquor (appetizer),long life bakery product
fruit/vegetable juice,candy
specialty chocolate,bottled water
newspapers,salty snack
canned beer,chocolate marshmallow
canned vegetables,dental care
soda,dishes
white wine,canned vegetables
shopping bags,hygiene articles
bottled water,coffee
soda,newspapers
shopping bags,napkins
liquor,margarine
sliced cheese,margarine
salt,seasonal products
napkins,cake bar
napkins,pastry
spread cheese,newspapers
zwieback,brown bread
yogurt,soda
bottled water,soda
yogurt,whole milk
pet care,bottled water
cream cheese,candy
soda,pastry
UHT-milk,curd
whipped/sour cream,roll products
pickled vegetables,liquor
processed cheese,brandy
curd cheese,chocolate marshmallow
salty snack,bottled water
yogurt,pastry
pickled vegetables,hard cheese
sugar,frozen vegetables
cream cheese,rolls/buns
fruit/vegetable juice,salt
sugar,canned vegetables
misc. beverages,coffee
domestic eggs,newspapers
white bread,photo/film
sparkling wine,cream cheese
hard cheese,whipped/sour cream
other vegetables,processed cheese
pastry,shopping bags
whipped/sour cream,coffee
canned beer,yogurt
shopping bags,skin care
rolls/buns,shopping bags
yogurt,waffles
salt,oil
